"data_group","file_path","source_kind","suite_from_name","k_from_name","key","count","min","max","avg","last_value","last_line_no"
"A&B","C:\Users\407407\Desktop\vllm\github\MQA_FastPath\A&B\bench_A_FP_ON_MQA_ON_k2.log","bench","A_FP_ON_MQA_ON","2","burstiness","1","1","1","1","1","20"
"A&B","C:\Users\407407\Desktop\vllm\github\MQA_FastPath\A&B\bench_A_FP_ON_MQA_ON_k2.log","bench","A_FP_ON_MQA_ON","2","num_prompts","1","200","200","200","200","20"
"A&B","C:\Users\407407\Desktop\vllm\github\MQA_FastPath\A&B\bench_A_FP_ON_MQA_ON_k2.log","bench","A_FP_ON_MQA_ON","2","port","1","8000","8000","8000","8000","20"
"A&B","C:\Users\407407\Desktop\vllm\github\MQA_FastPath\A&B\bench_A_FP_ON_MQA_ON_k2.log","bench","A_FP_ON_MQA_ON","2","random_input_len","1","1024","1024","1024","1024","20"
"A&B","C:\Users\407407\Desktop\vllm\github\MQA_FastPath\A&B\bench_A_FP_ON_MQA_ON_k2.log","bench","A_FP_ON_MQA_ON","2","random_output_len","1","128","128","128","128","20"
"A&B","C:\Users\407407\Desktop\vllm\github\MQA_FastPath\A&B\bench_A_FP_ON_MQA_ON_k2.log","bench","A_FP_ON_MQA_ON","2","random_prefix_len","1","0","0","0","0","20"
"A&B","C:\Users\407407\Desktop\vllm\github\MQA_FastPath\A&B\bench_A_FP_ON_MQA_ON_k2.log","bench","A_FP_ON_MQA_ON","2","random_range_ratio","1","0","0","0","0","20"
"A&B","C:\Users\407407\Desktop\vllm\github\MQA_FastPath\A&B\bench_A_FP_ON_MQA_ON_k2.log","bench","A_FP_ON_MQA_ON","2","request_rate","1","16","16","16","16","20"
"A&B","C:\Users\407407\Desktop\vllm\github\MQA_FastPath\A&B\bench_A_FP_ON_MQA_ON_k2.log","bench","A_FP_ON_MQA_ON","2","seed","1","0","0","0","0","20"
"A&B","C:\Users\407407\Desktop\vllm\github\MQA_FastPath\A&B\bench_A_FP_ON_MQA_ON_k2.log","bench","A_FP_ON_MQA_ON","2","sonnet_input_len","1","550","550","550","550","20"
"A&B","C:\Users\407407\Desktop\vllm\github\MQA_FastPath\A&B\bench_A_FP_ON_MQA_ON_k2.log","bench","A_FP_ON_MQA_ON","2","sonnet_output_len","1","150","150","150","150","20"
"A&B","C:\Users\407407\Desktop\vllm\github\MQA_FastPath\A&B\bench_A_FP_ON_MQA_ON_k2.log","bench","A_FP_ON_MQA_ON","2","sonnet_prefix_len","1","200","200","200","200","20"
"A&B","C:\Users\407407\Desktop\vllm\github\MQA_FastPath\A&B\bench_A_FP_ON_MQA_ON_k4.log","bench","A_FP_ON_MQA_ON","4","burstiness","1","1","1","1","1","20"
"A&B","C:\Users\407407\Desktop\vllm\github\MQA_FastPath\A&B\bench_A_FP_ON_MQA_ON_k4.log","bench","A_FP_ON_MQA_ON","4","num_prompts","1","200","200","200","200","20"
"A&B","C:\Users\407407\Desktop\vllm\github\MQA_FastPath\A&B\bench_A_FP_ON_MQA_ON_k4.log","bench","A_FP_ON_MQA_ON","4","port","1","8000","8000","8000","8000","20"
"A&B","C:\Users\407407\Desktop\vllm\github\MQA_FastPath\A&B\bench_A_FP_ON_MQA_ON_k4.log","bench","A_FP_ON_MQA_ON","4","random_input_len","1","1024","1024","1024","1024","20"
"A&B","C:\Users\407407\Desktop\vllm\github\MQA_FastPath\A&B\bench_A_FP_ON_MQA_ON_k4.log","bench","A_FP_ON_MQA_ON","4","random_output_len","1","128","128","128","128","20"
"A&B","C:\Users\407407\Desktop\vllm\github\MQA_FastPath\A&B\bench_A_FP_ON_MQA_ON_k4.log","bench","A_FP_ON_MQA_ON","4","random_prefix_len","1","0","0","0","0","20"
"A&B","C:\Users\407407\Desktop\vllm\github\MQA_FastPath\A&B\bench_A_FP_ON_MQA_ON_k4.log","bench","A_FP_ON_MQA_ON","4","random_range_ratio","1","0","0","0","0","20"
"A&B","C:\Users\407407\Desktop\vllm\github\MQA_FastPath\A&B\bench_A_FP_ON_MQA_ON_k4.log","bench","A_FP_ON_MQA_ON","4","request_rate","1","16","16","16","16","20"
"A&B","C:\Users\407407\Desktop\vllm\github\MQA_FastPath\A&B\bench_A_FP_ON_MQA_ON_k4.log","bench","A_FP_ON_MQA_ON","4","seed","1","0","0","0","0","20"
"A&B","C:\Users\407407\Desktop\vllm\github\MQA_FastPath\A&B\bench_A_FP_ON_MQA_ON_k4.log","bench","A_FP_ON_MQA_ON","4","sonnet_input_len","1","550","550","550","550","20"
"A&B","C:\Users\407407\Desktop\vllm\github\MQA_FastPath\A&B\bench_A_FP_ON_MQA_ON_k4.log","bench","A_FP_ON_MQA_ON","4","sonnet_output_len","1","150","150","150","150","20"
"A&B","C:\Users\407407\Desktop\vllm\github\MQA_FastPath\A&B\bench_A_FP_ON_MQA_ON_k4.log","bench","A_FP_ON_MQA_ON","4","sonnet_prefix_len","1","200","200","200","200","20"
"A&B","C:\Users\407407\Desktop\vllm\github\MQA_FastPath\A&B\bench_A_FP_ON_MQA_ON_k8.log","bench","A_FP_ON_MQA_ON","8","burstiness","1","1","1","1","1","20"
"A&B","C:\Users\407407\Desktop\vllm\github\MQA_FastPath\A&B\bench_A_FP_ON_MQA_ON_k8.log","bench","A_FP_ON_MQA_ON","8","num_prompts","1","200","200","200","200","20"
"A&B","C:\Users\407407\Desktop\vllm\github\MQA_FastPath\A&B\bench_A_FP_ON_MQA_ON_k8.log","bench","A_FP_ON_MQA_ON","8","port","1","8000","8000","8000","8000","20"
"A&B","C:\Users\407407\Desktop\vllm\github\MQA_FastPath\A&B\bench_A_FP_ON_MQA_ON_k8.log","bench","A_FP_ON_MQA_ON","8","random_input_len","1","1024","1024","1024","1024","20"
"A&B","C:\Users\407407\Desktop\vllm\github\MQA_FastPath\A&B\bench_A_FP_ON_MQA_ON_k8.log","bench","A_FP_ON_MQA_ON","8","random_output_len","1","128","128","128","128","20"
"A&B","C:\Users\407407\Desktop\vllm\github\MQA_FastPath\A&B\bench_A_FP_ON_MQA_ON_k8.log","bench","A_FP_ON_MQA_ON","8","random_prefix_len","1","0","0","0","0","20"
"A&B","C:\Users\407407\Desktop\vllm\github\MQA_FastPath\A&B\bench_A_FP_ON_MQA_ON_k8.log","bench","A_FP_ON_MQA_ON","8","random_range_ratio","1","0","0","0","0","20"
"A&B","C:\Users\407407\Desktop\vllm\github\MQA_FastPath\A&B\bench_A_FP_ON_MQA_ON_k8.log","bench","A_FP_ON_MQA_ON","8","request_rate","1","16","16","16","16","20"
"A&B","C:\Users\407407\Desktop\vllm\github\MQA_FastPath\A&B\bench_A_FP_ON_MQA_ON_k8.log","bench","A_FP_ON_MQA_ON","8","seed","1","0","0","0","0","20"
"A&B","C:\Users\407407\Desktop\vllm\github\MQA_FastPath\A&B\bench_A_FP_ON_MQA_ON_k8.log","bench","A_FP_ON_MQA_ON","8","sonnet_input_len","1","550","550","550","550","20"
"A&B","C:\Users\407407\Desktop\vllm\github\MQA_FastPath\A&B\bench_A_FP_ON_MQA_ON_k8.log","bench","A_FP_ON_MQA_ON","8","sonnet_output_len","1","150","150","150","150","20"
"A&B","C:\Users\407407\Desktop\vllm\github\MQA_FastPath\A&B\bench_A_FP_ON_MQA_ON_k8.log","bench","A_FP_ON_MQA_ON","8","sonnet_prefix_len","1","200","200","200","200","20"
"A&B","C:\Users\407407\Desktop\vllm\github\MQA_FastPath\A&B\bench_B_FP_ON_MQA_OFF_k2.log","bench","B_FP_ON_MQA_OFF","2","burstiness","1","1","1","1","1","20"
"A&B","C:\Users\407407\Desktop\vllm\github\MQA_FastPath\A&B\bench_B_FP_ON_MQA_OFF_k2.log","bench","B_FP_ON_MQA_OFF","2","num_prompts","1","200","200","200","200","20"
"A&B","C:\Users\407407\Desktop\vllm\github\MQA_FastPath\A&B\bench_B_FP_ON_MQA_OFF_k2.log","bench","B_FP_ON_MQA_OFF","2","port","1","8000","8000","8000","8000","20"
"A&B","C:\Users\407407\Desktop\vllm\github\MQA_FastPath\A&B\bench_B_FP_ON_MQA_OFF_k2.log","bench","B_FP_ON_MQA_OFF","2","random_input_len","1","1024","1024","1024","1024","20"
"A&B","C:\Users\407407\Desktop\vllm\github\MQA_FastPath\A&B\bench_B_FP_ON_MQA_OFF_k2.log","bench","B_FP_ON_MQA_OFF","2","random_output_len","1","128","128","128","128","20"
"A&B","C:\Users\407407\Desktop\vllm\github\MQA_FastPath\A&B\bench_B_FP_ON_MQA_OFF_k2.log","bench","B_FP_ON_MQA_OFF","2","random_prefix_len","1","0","0","0","0","20"
"A&B","C:\Users\407407\Desktop\vllm\github\MQA_FastPath\A&B\bench_B_FP_ON_MQA_OFF_k2.log","bench","B_FP_ON_MQA_OFF","2","random_range_ratio","1","0","0","0","0","20"
"A&B","C:\Users\407407\Desktop\vllm\github\MQA_FastPath\A&B\bench_B_FP_ON_MQA_OFF_k2.log","bench","B_FP_ON_MQA_OFF","2","request_rate","1","16","16","16","16","20"
"A&B","C:\Users\407407\Desktop\vllm\github\MQA_FastPath\A&B\bench_B_FP_ON_MQA_OFF_k2.log","bench","B_FP_ON_MQA_OFF","2","seed","1","0","0","0","0","20"
"A&B","C:\Users\407407\Desktop\vllm\github\MQA_FastPath\A&B\bench_B_FP_ON_MQA_OFF_k2.log","bench","B_FP_ON_MQA_OFF","2","sonnet_input_len","1","550","550","550","550","20"
"A&B","C:\Users\407407\Desktop\vllm\github\MQA_FastPath\A&B\bench_B_FP_ON_MQA_OFF_k2.log","bench","B_FP_ON_MQA_OFF","2","sonnet_output_len","1","150","150","150","150","20"
"A&B","C:\Users\407407\Desktop\vllm\github\MQA_FastPath\A&B\bench_B_FP_ON_MQA_OFF_k2.log","bench","B_FP_ON_MQA_OFF","2","sonnet_prefix_len","1","200","200","200","200","20"
"A&B","C:\Users\407407\Desktop\vllm\github\MQA_FastPath\A&B\bench_B_FP_ON_MQA_OFF_k4.log","bench","B_FP_ON_MQA_OFF","4","burstiness","1","1","1","1","1","20"
"A&B","C:\Users\407407\Desktop\vllm\github\MQA_FastPath\A&B\bench_B_FP_ON_MQA_OFF_k4.log","bench","B_FP_ON_MQA_OFF","4","num_prompts","1","200","200","200","200","20"
"A&B","C:\Users\407407\Desktop\vllm\github\MQA_FastPath\A&B\bench_B_FP_ON_MQA_OFF_k4.log","bench","B_FP_ON_MQA_OFF","4","port","1","8000","8000","8000","8000","20"
"A&B","C:\Users\407407\Desktop\vllm\github\MQA_FastPath\A&B\bench_B_FP_ON_MQA_OFF_k4.log","bench","B_FP_ON_MQA_OFF","4","random_input_len","1","1024","1024","1024","1024","20"
"A&B","C:\Users\407407\Desktop\vllm\github\MQA_FastPath\A&B\bench_B_FP_ON_MQA_OFF_k4.log","bench","B_FP_ON_MQA_OFF","4","random_output_len","1","128","128","128","128","20"
"A&B","C:\Users\407407\Desktop\vllm\github\MQA_FastPath\A&B\bench_B_FP_ON_MQA_OFF_k4.log","bench","B_FP_ON_MQA_OFF","4","random_prefix_len","1","0","0","0","0","20"
"A&B","C:\Users\407407\Desktop\vllm\github\MQA_FastPath\A&B\bench_B_FP_ON_MQA_OFF_k4.log","bench","B_FP_ON_MQA_OFF","4","random_range_ratio","1","0","0","0","0","20"
"A&B","C:\Users\407407\Desktop\vllm\github\MQA_FastPath\A&B\bench_B_FP_ON_MQA_OFF_k4.log","bench","B_FP_ON_MQA_OFF","4","request_rate","1","16","16","16","16","20"
"A&B","C:\Users\407407\Desktop\vllm\github\MQA_FastPath\A&B\bench_B_FP_ON_MQA_OFF_k4.log","bench","B_FP_ON_MQA_OFF","4","seed","1","0","0","0","0","20"
"A&B","C:\Users\407407\Desktop\vllm\github\MQA_FastPath\A&B\bench_B_FP_ON_MQA_OFF_k4.log","bench","B_FP_ON_MQA_OFF","4","sonnet_input_len","1","550","550","550","550","20"
"A&B","C:\Users\407407\Desktop\vllm\github\MQA_FastPath\A&B\bench_B_FP_ON_MQA_OFF_k4.log","bench","B_FP_ON_MQA_OFF","4","sonnet_output_len","1","150","150","150","150","20"
"A&B","C:\Users\407407\Desktop\vllm\github\MQA_FastPath\A&B\bench_B_FP_ON_MQA_OFF_k4.log","bench","B_FP_ON_MQA_OFF","4","sonnet_prefix_len","1","200","200","200","200","20"
"A&B","C:\Users\407407\Desktop\vllm\github\MQA_FastPath\A&B\bench_B_FP_ON_MQA_OFF_k8.log","bench","B_FP_ON_MQA_OFF","8","burstiness","1","1","1","1","1","20"
"A&B","C:\Users\407407\Desktop\vllm\github\MQA_FastPath\A&B\bench_B_FP_ON_MQA_OFF_k8.log","bench","B_FP_ON_MQA_OFF","8","num_prompts","1","200","200","200","200","20"
"A&B","C:\Users\407407\Desktop\vllm\github\MQA_FastPath\A&B\bench_B_FP_ON_MQA_OFF_k8.log","bench","B_FP_ON_MQA_OFF","8","port","1","8000","8000","8000","8000","20"
"A&B","C:\Users\407407\Desktop\vllm\github\MQA_FastPath\A&B\bench_B_FP_ON_MQA_OFF_k8.log","bench","B_FP_ON_MQA_OFF","8","random_input_len","1","1024","1024","1024","1024","20"
"A&B","C:\Users\407407\Desktop\vllm\github\MQA_FastPath\A&B\bench_B_FP_ON_MQA_OFF_k8.log","bench","B_FP_ON_MQA_OFF","8","random_output_len","1","128","128","128","128","20"
"A&B","C:\Users\407407\Desktop\vllm\github\MQA_FastPath\A&B\bench_B_FP_ON_MQA_OFF_k8.log","bench","B_FP_ON_MQA_OFF","8","random_prefix_len","1","0","0","0","0","20"
"A&B","C:\Users\407407\Desktop\vllm\github\MQA_FastPath\A&B\bench_B_FP_ON_MQA_OFF_k8.log","bench","B_FP_ON_MQA_OFF","8","random_range_ratio","1","0","0","0","0","20"
"A&B","C:\Users\407407\Desktop\vllm\github\MQA_FastPath\A&B\bench_B_FP_ON_MQA_OFF_k8.log","bench","B_FP_ON_MQA_OFF","8","request_rate","1","16","16","16","16","20"
"A&B","C:\Users\407407\Desktop\vllm\github\MQA_FastPath\A&B\bench_B_FP_ON_MQA_OFF_k8.log","bench","B_FP_ON_MQA_OFF","8","seed","1","0","0","0","0","20"
"A&B","C:\Users\407407\Desktop\vllm\github\MQA_FastPath\A&B\bench_B_FP_ON_MQA_OFF_k8.log","bench","B_FP_ON_MQA_OFF","8","sonnet_input_len","1","550","550","550","550","20"
"A&B","C:\Users\407407\Desktop\vllm\github\MQA_FastPath\A&B\bench_B_FP_ON_MQA_OFF_k8.log","bench","B_FP_ON_MQA_OFF","8","sonnet_output_len","1","150","150","150","150","20"
"A&B","C:\Users\407407\Desktop\vllm\github\MQA_FastPath\A&B\bench_B_FP_ON_MQA_OFF_k8.log","bench","B_FP_ON_MQA_OFF","8","sonnet_prefix_len","1","200","200","200","200","20"
"A&B","C:\Users\407407\Desktop\vllm\github\MQA_FastPath\A&B\key_A_FP_ON_MQA_ON_k2.log","key","A_FP_ON_MQA_ON","2","accept","38","0.5352","0.9","0.771555","0.8402","124"
"A&B","C:\Users\407407\Desktop\vllm\github\MQA_FastPath\A&B\key_A_FP_ON_MQA_ON_k2.log","key","A_FP_ON_MQA_ON","2","accept_no_hs","38","0.5352","0.9","0.771555","0.8402","124"
"A&B","C:\Users\407407\Desktop\vllm\github\MQA_FastPath\A&B\key_A_FP_ON_MQA_ON_k2.log","key","A_FP_ON_MQA_ON","2","accept_with_hs","38","0","0","0","0","124"
"A&B","C:\Users\407407\Desktop\vllm\github\MQA_FastPath\A&B\key_A_FP_ON_MQA_ON_k2.log","key","A_FP_ON_MQA_ON","2","average_time_per_proposal_tok_ms","17","38.26","75.96","59.322941","68.32","117"
"A&B","C:\Users\407407\Desktop\vllm\github\MQA_FastPath\A&B\key_A_FP_ON_MQA_ON_k2.log","key","A_FP_ON_MQA_ON","2","avg_execute_total_ms","9","62.64","84.22","68.181111","66.55","123"
"A&B","C:\Users\407407\Desktop\vllm\github\MQA_FastPath\A&B\key_A_FP_ON_MQA_ON_k2.log","key","A_FP_ON_MQA_ON","2","avg_forward_ms","9","57.29","65.58","60.613333","62.27","123"
"A&B","C:\Users\407407\Desktop\vllm\github\MQA_FastPath\A&B\key_A_FP_ON_MQA_ON_k2.log","key","A_FP_ON_MQA_ON","2","avg_logits_ms","9","1.25","7.99","2.765556","1.25","123"
"A&B","C:\Users\407407\Desktop\vllm\github\MQA_FastPath\A&B\key_A_FP_ON_MQA_ON_k2.log","key","A_FP_ON_MQA_ON","2","avg_sampler_ms","9","2.99","10.61","4.747778","2.99","123"
"A&B","C:\Users\407407\Desktop\vllm\github\MQA_FastPath\A&B\key_A_FP_ON_MQA_ON_k2.log","key","A_FP_ON_MQA_ON","2","count","9","50","450","250","450","123"
"A&B","C:\Users\407407\Desktop\vllm\github\MQA_FastPath\A&B\key_A_FP_ON_MQA_ON_k2.log","key","A_FP_ON_MQA_ON","2","draft_tp","1","1","1","1","1","1"
"A&B","C:\Users\407407\Desktop\vllm\github\MQA_FastPath\A&B\key_A_FP_ON_MQA_ON_k2.log","key","A_FP_ON_MQA_ON","2","fail_adapter","1","0","0","0","0","5"
"A&B","C:\Users\407407\Desktop\vllm\github\MQA_FastPath\A&B\key_A_FP_ON_MQA_ON_k2.log","key","A_FP_ON_MQA_ON","2","fail_backend","1","0","0","0","0","5"
"A&B","C:\Users\407407\Desktop\vllm\github\MQA_FastPath\A&B\key_A_FP_ON_MQA_ON_k2.log","key","A_FP_ON_MQA_ON","2","fail_disabled","1","0","0","0","0","5"
"A&B","C:\Users\407407\Desktop\vllm\github\MQA_FastPath\A&B\key_A_FP_ON_MQA_ON_k2.log","key","A_FP_ON_MQA_ON","2","fail_lora","1","0","0","0","0","5"
"A&B","C:\Users\407407\Desktop\vllm\github\MQA_FastPath\A&B\key_A_FP_ON_MQA_ON_k2.log","key","A_FP_ON_MQA_ON","2","fail_prompt","1","0","0","0","0","5"
"A&B","C:\Users\407407\Desktop\vllm\github\MQA_FastPath\A&B\key_A_FP_ON_MQA_ON_k2.log","key","A_FP_ON_MQA_ON","2","frequency_penalty","1","0","0","0","0","23"
"A&B","C:\Users\407407\Desktop\vllm\github\MQA_FastPath\A&B\key_A_FP_ON_MQA_ON_k2.log","key","A_FP_ON_MQA_ON","2","hs_ratio","38","0","0","0","0","124"
"A&B","C:\Users\407407\Desktop\vllm\github\MQA_FastPath\A&B\key_A_FP_ON_MQA_ON_k2.log","key","A_FP_ON_MQA_ON","2","iter_p95","38","144.672","255.751","225.770763","254.324","124"
"A&B","C:\Users\407407\Desktop\vllm\github\MQA_FastPath\A&B\key_A_FP_ON_MQA_ON_k2.log","key","A_FP_ON_MQA_ON","2","k","38","2","2","2","2","125"
"A&B","C:\Users\407407\Desktop\vllm\github\MQA_FastPath\A&B\key_A_FP_ON_MQA_ON_k2.log","key","A_FP_ON_MQA_ON","2","max_tokens","1","340","340","340","340","23"
"A&B","C:\Users\407407\Desktop\vllm\github\MQA_FastPath\A&B\key_A_FP_ON_MQA_ON_k2.log","key","A_FP_ON_MQA_ON","2","min_p","1","0","0","0","0","23"
"A&B","C:\Users\407407\Desktop\vllm\github\MQA_FastPath\A&B\key_A_FP_ON_MQA_ON_k2.log","key","A_FP_ON_MQA_ON","2","min_tokens","1","0","0","0","0","23"
"A&B","C:\Users\407407\Desktop\vllm\github\MQA_FastPath\A&B\key_A_FP_ON_MQA_ON_k2.log","key","A_FP_ON_MQA_ON","2","ms_hit","1","1","1","1","1","5"
"A&B","C:\Users\407407\Desktop\vllm\github\MQA_FastPath\A&B\key_A_FP_ON_MQA_ON_k2.log","key","A_FP_ON_MQA_ON","2","ms_total","1","1","1","1","1","5"
"A&B","C:\Users\407407\Desktop\vllm\github\MQA_FastPath\A&B\key_A_FP_ON_MQA_ON_k2.log","key","A_FP_ON_MQA_ON","2","n","1","1","1","1","1","23"
"A&B","C:\Users\407407\Desktop\vllm\github\MQA_FastPath\A&B\key_A_FP_ON_MQA_ON_k2.log","key","A_FP_ON_MQA_ON","2","presence_penalty","1","0","0","0","0","23"
"A&B","C:\Users\407407\Desktop\vllm\github\MQA_FastPath\A&B\key_A_FP_ON_MQA_ON_k2.log","key","A_FP_ON_MQA_ON","2","repetition_penalty","1","1","1","1","1","23"
"A&B","C:\Users\407407\Desktop\vllm\github\MQA_FastPath\A&B\key_A_FP_ON_MQA_ON_k2.log","key","A_FP_ON_MQA_ON","2","sample_len","1","2","2","2","2","4"
"A&B","C:\Users\407407\Desktop\vllm\github\MQA_FastPath\A&B\key_A_FP_ON_MQA_ON_k2.log","key","A_FP_ON_MQA_ON","2","scoring_time_ms","17","51.58","91.98","73.759412","57.61","117"
"A&B","C:\Users\407407\Desktop\vllm\github\MQA_FastPath\A&B\key_A_FP_ON_MQA_ON_k2.log","key","A_FP_ON_MQA_ON","2","target_tp","1","1","1","1","1","1"
"A&B","C:\Users\407407\Desktop\vllm\github\MQA_FastPath\A&B\key_A_FP_ON_MQA_ON_k2.log","key","A_FP_ON_MQA_ON","2","temperature","1","0","0","0","0","23"
"A&B","C:\Users\407407\Desktop\vllm\github\MQA_FastPath\A&B\key_A_FP_ON_MQA_ON_k2.log","key","A_FP_ON_MQA_ON","2","throughput_tps","38","0.283","221.967","146.672763","202.362","124"
"A&B","C:\Users\407407\Desktop\vllm\github\MQA_FastPath\A&B\key_A_FP_ON_MQA_ON_k2.log","key","A_FP_ON_MQA_ON","2","top_k","1","0","0","0","0","23"
"A&B","C:\Users\407407\Desktop\vllm\github\MQA_FastPath\A&B\key_A_FP_ON_MQA_ON_k2.log","key","A_FP_ON_MQA_ON","2","top_p","1","1","1","1","1","23"
"A&B","C:\Users\407407\Desktop\vllm\github\MQA_FastPath\A&B\key_A_FP_ON_MQA_ON_k2.log","key","A_FP_ON_MQA_ON","2","verification_time_ms","17","3.45","16.42","8.352353","5.15","117"
"A&B","C:\Users\407407\Desktop\vllm\github\MQA_FastPath\A&B\key_A_FP_ON_MQA_ON_k2.log","key","A_FP_ON_MQA_ON","2","waste_ratio","38","0.1","0.2943","0.1881","0.1124","125"
"A&B","C:\Users\407407\Desktop\vllm\github\MQA_FastPath\A&B\key_A_FP_ON_MQA_ON_k4.log","key","A_FP_ON_MQA_ON","4","accept","35","0.3421","0.7779","0.657383","0.7778","110"
"A&B","C:\Users\407407\Desktop\vllm\github\MQA_FastPath\A&B\key_A_FP_ON_MQA_ON_k4.log","key","A_FP_ON_MQA_ON","4","accept_no_hs","35","0.3421","0.7779","0.657383","0.7778","110"
"A&B","C:\Users\407407\Desktop\vllm\github\MQA_FastPath\A&B\key_A_FP_ON_MQA_ON_k4.log","key","A_FP_ON_MQA_ON","4","accept_with_hs","35","0","0","0","0","110"
"A&B","C:\Users\407407\Desktop\vllm\github\MQA_FastPath\A&B\key_A_FP_ON_MQA_ON_k4.log","key","A_FP_ON_MQA_ON","4","average_time_per_proposal_tok_ms","17","37.8","70.89","57.355882","53.49","103"
"A&B","C:\Users\407407\Desktop\vllm\github\MQA_FastPath\A&B\key_A_FP_ON_MQA_ON_k4.log","key","A_FP_ON_MQA_ON","4","avg_execute_total_ms","8","66.5","84.61","70.24375","68.47","102"
"A&B","C:\Users\407407\Desktop\vllm\github\MQA_FastPath\A&B\key_A_FP_ON_MQA_ON_k4.log","key","A_FP_ON_MQA_ON","4","avg_forward_ms","8","57.98","66.22","60.86125","62.24","102"
"A&B","C:\Users\407407\Desktop\vllm\github\MQA_FastPath\A&B\key_A_FP_ON_MQA_ON_k4.log","key","A_FP_ON_MQA_ON","4","avg_logits_ms","8","1.38","7.99","2.98125","1.38","102"
"A&B","C:\Users\407407\Desktop\vllm\github\MQA_FastPath\A&B\key_A_FP_ON_MQA_ON_k4.log","key","A_FP_ON_MQA_ON","4","avg_sampler_ms","8","4.64","10.37","6.34625","4.79","102"
"A&B","C:\Users\407407\Desktop\vllm\github\MQA_FastPath\A&B\key_A_FP_ON_MQA_ON_k4.log","key","A_FP_ON_MQA_ON","4","count","8","50","400","225","400","102"
"A&B","C:\Users\407407\Desktop\vllm\github\MQA_FastPath\A&B\key_A_FP_ON_MQA_ON_k4.log","key","A_FP_ON_MQA_ON","4","draft_tp","1","1","1","1","1","1"
"A&B","C:\Users\407407\Desktop\vllm\github\MQA_FastPath\A&B\key_A_FP_ON_MQA_ON_k4.log","key","A_FP_ON_MQA_ON","4","fail_adapter","1","0","0","0","0","5"
"A&B","C:\Users\407407\Desktop\vllm\github\MQA_FastPath\A&B\key_A_FP_ON_MQA_ON_k4.log","key","A_FP_ON_MQA_ON","4","fail_backend","1","0","0","0","0","5"
"A&B","C:\Users\407407\Desktop\vllm\github\MQA_FastPath\A&B\key_A_FP_ON_MQA_ON_k4.log","key","A_FP_ON_MQA_ON","4","fail_disabled","1","0","0","0","0","5"
"A&B","C:\Users\407407\Desktop\vllm\github\MQA_FastPath\A&B\key_A_FP_ON_MQA_ON_k4.log","key","A_FP_ON_MQA_ON","4","fail_lora","1","0","0","0","0","5"
"A&B","C:\Users\407407\Desktop\vllm\github\MQA_FastPath\A&B\key_A_FP_ON_MQA_ON_k4.log","key","A_FP_ON_MQA_ON","4","fail_prompt","1","0","0","0","0","5"
"A&B","C:\Users\407407\Desktop\vllm\github\MQA_FastPath\A&B\key_A_FP_ON_MQA_ON_k4.log","key","A_FP_ON_MQA_ON","4","frequency_penalty","1","0","0","0","0","21"
"A&B","C:\Users\407407\Desktop\vllm\github\MQA_FastPath\A&B\key_A_FP_ON_MQA_ON_k4.log","key","A_FP_ON_MQA_ON","4","hs_ratio","35","0","0","0","0","110"
"A&B","C:\Users\407407\Desktop\vllm\github\MQA_FastPath\A&B\key_A_FP_ON_MQA_ON_k4.log","key","A_FP_ON_MQA_ON","4","iter_p95","35","201.377","326.031","280.0954","317.341","110"
"A&B","C:\Users\407407\Desktop\vllm\github\MQA_FastPath\A&B\key_A_FP_ON_MQA_ON_k4.log","key","A_FP_ON_MQA_ON","4","k","27","2","3","2.148148","2","109"
"A&B","C:\Users\407407\Desktop\vllm\github\MQA_FastPath\A&B\key_A_FP_ON_MQA_ON_k4.log","key","A_FP_ON_MQA_ON","4","max_tokens","1","340","340","340","340","21"
"A&B","C:\Users\407407\Desktop\vllm\github\MQA_FastPath\A&B\key_A_FP_ON_MQA_ON_k4.log","key","A_FP_ON_MQA_ON","4","min_p","1","0","0","0","0","21"
"A&B","C:\Users\407407\Desktop\vllm\github\MQA_FastPath\A&B\key_A_FP_ON_MQA_ON_k4.log","key","A_FP_ON_MQA_ON","4","min_tokens","1","0","0","0","0","21"
"A&B","C:\Users\407407\Desktop\vllm\github\MQA_FastPath\A&B\key_A_FP_ON_MQA_ON_k4.log","key","A_FP_ON_MQA_ON","4","ms_hit","1","1","1","1","1","5"
"A&B","C:\Users\407407\Desktop\vllm\github\MQA_FastPath\A&B\key_A_FP_ON_MQA_ON_k4.log","key","A_FP_ON_MQA_ON","4","ms_total","1","1","1","1","1","5"
"A&B","C:\Users\407407\Desktop\vllm\github\MQA_FastPath\A&B\key_A_FP_ON_MQA_ON_k4.log","key","A_FP_ON_MQA_ON","4","n","1","1","1","1","1","21"
"A&B","C:\Users\407407\Desktop\vllm\github\MQA_FastPath\A&B\key_A_FP_ON_MQA_ON_k4.log","key","A_FP_ON_MQA_ON","4","presence_penalty","1","0","0","0","0","21"
"A&B","C:\Users\407407\Desktop\vllm\github\MQA_FastPath\A&B\key_A_FP_ON_MQA_ON_k4.log","key","A_FP_ON_MQA_ON","4","repetition_penalty","1","1","1","1","1","21"
"A&B","C:\Users\407407\Desktop\vllm\github\MQA_FastPath\A&B\key_A_FP_ON_MQA_ON_k4.log","key","A_FP_ON_MQA_ON","4","sample_len","1","4","4","4","4","4"
"A&B","C:\Users\407407\Desktop\vllm\github\MQA_FastPath\A&B\key_A_FP_ON_MQA_ON_k4.log","key","A_FP_ON_MQA_ON","4","scoring_time_ms","17","51.71","102.79","75.662941","60.61","103"
"A&B","C:\Users\407407\Desktop\vllm\github\MQA_FastPath\A&B\key_A_FP_ON_MQA_ON_k4.log","key","A_FP_ON_MQA_ON","4","target_tp","1","1","1","1","1","1"
"A&B","C:\Users\407407\Desktop\vllm\github\MQA_FastPath\A&B\key_A_FP_ON_MQA_ON_k4.log","key","A_FP_ON_MQA_ON","4","temperature","1","0","0","0","0","21"
"A&B","C:\Users\407407\Desktop\vllm\github\MQA_FastPath\A&B\key_A_FP_ON_MQA_ON_k4.log","key","A_FP_ON_MQA_ON","4","throughput_tps","35","0.201","239.026","146.731943","222.893","110"
"A&B","C:\Users\407407\Desktop\vllm\github\MQA_FastPath\A&B\key_A_FP_ON_MQA_ON_k4.log","key","A_FP_ON_MQA_ON","4","top_k","1","0","0","0","0","21"
"A&B","C:\Users\407407\Desktop\vllm\github\MQA_FastPath\A&B\key_A_FP_ON_MQA_ON_k4.log","key","A_FP_ON_MQA_ON","4","top_p","1","1","1","1","1","21"
"A&B","C:\Users\407407\Desktop\vllm\github\MQA_FastPath\A&B\key_A_FP_ON_MQA_ON_k4.log","key","A_FP_ON_MQA_ON","4","verification_time_ms","17","3.35","22.89","10.082941","5.35","103"
"A&B","C:\Users\407407\Desktop\vllm\github\MQA_FastPath\A&B\key_A_FP_ON_MQA_ON_k4.log","key","A_FP_ON_MQA_ON","4","waste_ratio","27","0","0.4734","0.15017","0.0263","109"
"A&B","C:\Users\407407\Desktop\vllm\github\MQA_FastPath\A&B\key_A_FP_ON_MQA_ON_k8.log","key","A_FP_ON_MQA_ON","8","accept","31","0.3421","0.8047","0.670477","0.8047","98"
"A&B","C:\Users\407407\Desktop\vllm\github\MQA_FastPath\A&B\key_A_FP_ON_MQA_ON_k8.log","key","A_FP_ON_MQA_ON","8","accept_no_hs","31","0.3421","0.8047","0.670477","0.8047","98"
"A&B","C:\Users\407407\Desktop\vllm\github\MQA_FastPath\A&B\key_A_FP_ON_MQA_ON_k8.log","key","A_FP_ON_MQA_ON","8","accept_with_hs","31","0","0","0","0","98"
"A&B","C:\Users\407407\Desktop\vllm\github\MQA_FastPath\A&B\key_A_FP_ON_MQA_ON_k8.log","key","A_FP_ON_MQA_ON","8","average_time_per_proposal_tok_ms","17","37.2","74.51","55.346471","63.05","100"
"A&B","C:\Users\407407\Desktop\vllm\github\MQA_FastPath\A&B\key_A_FP_ON_MQA_ON_k8.log","key","A_FP_ON_MQA_ON","8","avg_execute_total_ms","7","64.61","85.01","69.437143","68.09","88"
"A&B","C:\Users\407407\Desktop\vllm\github\MQA_FastPath\A&B\key_A_FP_ON_MQA_ON_k8.log","key","A_FP_ON_MQA_ON","8","avg_forward_ms","7","56.33","66.24","59.661429","61.47","88"
"A&B","C:\Users\407407\Desktop\vllm\github\MQA_FastPath\A&B\key_A_FP_ON_MQA_ON_k8.log","key","A_FP_ON_MQA_ON","8","avg_logits_ms","7","1.57","8.47","3.372857","1.57","88"
"A&B","C:\Users\407407\Desktop\vllm\github\MQA_FastPath\A&B\key_A_FP_ON_MQA_ON_k8.log","key","A_FP_ON_MQA_ON","8","avg_sampler_ms","7","4.46","10.26","6.354286","5","88"
"A&B","C:\Users\407407\Desktop\vllm\github\MQA_FastPath\A&B\key_A_FP_ON_MQA_ON_k8.log","key","A_FP_ON_MQA_ON","8","count","7","50","350","200","350","88"
"A&B","C:\Users\407407\Desktop\vllm\github\MQA_FastPath\A&B\key_A_FP_ON_MQA_ON_k8.log","key","A_FP_ON_MQA_ON","8","draft_tp","1","1","1","1","1","1"
"A&B","C:\Users\407407\Desktop\vllm\github\MQA_FastPath\A&B\key_A_FP_ON_MQA_ON_k8.log","key","A_FP_ON_MQA_ON","8","fail_adapter","1","0","0","0","0","5"
"A&B","C:\Users\407407\Desktop\vllm\github\MQA_FastPath\A&B\key_A_FP_ON_MQA_ON_k8.log","key","A_FP_ON_MQA_ON","8","fail_backend","1","0","0","0","0","5"
"A&B","C:\Users\407407\Desktop\vllm\github\MQA_FastPath\A&B\key_A_FP_ON_MQA_ON_k8.log","key","A_FP_ON_MQA_ON","8","fail_disabled","1","0","0","0","0","5"
"A&B","C:\Users\407407\Desktop\vllm\github\MQA_FastPath\A&B\key_A_FP_ON_MQA_ON_k8.log","key","A_FP_ON_MQA_ON","8","fail_lora","1","0","0","0","0","5"
"A&B","C:\Users\407407\Desktop\vllm\github\MQA_FastPath\A&B\key_A_FP_ON_MQA_ON_k8.log","key","A_FP_ON_MQA_ON","8","fail_prompt","1","0","0","0","0","5"
"A&B","C:\Users\407407\Desktop\vllm\github\MQA_FastPath\A&B\key_A_FP_ON_MQA_ON_k8.log","key","A_FP_ON_MQA_ON","8","frequency_penalty","1","0","0","0","0","23"
"A&B","C:\Users\407407\Desktop\vllm\github\MQA_FastPath\A&B\key_A_FP_ON_MQA_ON_k8.log","key","A_FP_ON_MQA_ON","8","hs_ratio","31","0","0","0","0","98"
"A&B","C:\Users\407407\Desktop\vllm\github\MQA_FastPath\A&B\key_A_FP_ON_MQA_ON_k8.log","key","A_FP_ON_MQA_ON","8","iter_p95","31","206.123","330.239","270.692677","325.743","98"
"A&B","C:\Users\407407\Desktop\vllm\github\MQA_FastPath\A&B\key_A_FP_ON_MQA_ON_k8.log","key","A_FP_ON_MQA_ON","8","k","23","2","3","2.478261","3","99"
"A&B","C:\Users\407407\Desktop\vllm\github\MQA_FastPath\A&B\key_A_FP_ON_MQA_ON_k8.log","key","A_FP_ON_MQA_ON","8","max_tokens","1","340","340","340","340","23"
"A&B","C:\Users\407407\Desktop\vllm\github\MQA_FastPath\A&B\key_A_FP_ON_MQA_ON_k8.log","key","A_FP_ON_MQA_ON","8","min_p","1","0","0","0","0","23"
"A&B","C:\Users\407407\Desktop\vllm\github\MQA_FastPath\A&B\key_A_FP_ON_MQA_ON_k8.log","key","A_FP_ON_MQA_ON","8","min_tokens","1","0","0","0","0","23"
"A&B","C:\Users\407407\Desktop\vllm\github\MQA_FastPath\A&B\key_A_FP_ON_MQA_ON_k8.log","key","A_FP_ON_MQA_ON","8","ms_hit","1","1","1","1","1","5"
"A&B","C:\Users\407407\Desktop\vllm\github\MQA_FastPath\A&B\key_A_FP_ON_MQA_ON_k8.log","key","A_FP_ON_MQA_ON","8","ms_total","1","1","1","1","1","5"
"A&B","C:\Users\407407\Desktop\vllm\github\MQA_FastPath\A&B\key_A_FP_ON_MQA_ON_k8.log","key","A_FP_ON_MQA_ON","8","n","1","1","1","1","1","23"
"A&B","C:\Users\407407\Desktop\vllm\github\MQA_FastPath\A&B\key_A_FP_ON_MQA_ON_k8.log","key","A_FP_ON_MQA_ON","8","presence_penalty","1","0","0","0","0","23"
"A&B","C:\Users\407407\Desktop\vllm\github\MQA_FastPath\A&B\key_A_FP_ON_MQA_ON_k8.log","key","A_FP_ON_MQA_ON","8","repetition_penalty","1","1","1","1","1","23"
"A&B","C:\Users\407407\Desktop\vllm\github\MQA_FastPath\A&B\key_A_FP_ON_MQA_ON_k8.log","key","A_FP_ON_MQA_ON","8","sample_len","1","4","4","4","4","4"
"A&B","C:\Users\407407\Desktop\vllm\github\MQA_FastPath\A&B\key_A_FP_ON_MQA_ON_k8.log","key","A_FP_ON_MQA_ON","8","scoring_time_ms","17","52.66","92.6","76.838824","81.52","100"
"A&B","C:\Users\407407\Desktop\vllm\github\MQA_FastPath\A&B\key_A_FP_ON_MQA_ON_k8.log","key","A_FP_ON_MQA_ON","8","target_tp","1","1","1","1","1","1"
"A&B","C:\Users\407407\Desktop\vllm\github\MQA_FastPath\A&B\key_A_FP_ON_MQA_ON_k8.log","key","A_FP_ON_MQA_ON","8","temperature","1","0","0","0","0","23"
"A&B","C:\Users\407407\Desktop\vllm\github\MQA_FastPath\A&B\key_A_FP_ON_MQA_ON_k8.log","key","A_FP_ON_MQA_ON","8","throughput_tps","31","0.196","236.791","137.177968","226.313","98"
"A&B","C:\Users\407407\Desktop\vllm\github\MQA_FastPath\A&B\key_A_FP_ON_MQA_ON_k8.log","key","A_FP_ON_MQA_ON","8","top_k","1","0","0","0","0","23"
"A&B","C:\Users\407407\Desktop\vllm\github\MQA_FastPath\A&B\key_A_FP_ON_MQA_ON_k8.log","key","A_FP_ON_MQA_ON","8","top_p","1","1","1","1","1","23"
"A&B","C:\Users\407407\Desktop\vllm\github\MQA_FastPath\A&B\key_A_FP_ON_MQA_ON_k8.log","key","A_FP_ON_MQA_ON","8","verification_time_ms","17","3.63","16.83","9.620588","5.22","100"
"A&B","C:\Users\407407\Desktop\vllm\github\MQA_FastPath\A&B\key_A_FP_ON_MQA_ON_k8.log","key","A_FP_ON_MQA_ON","8","waste_ratio","23","0","0.4688","0.162787","0.0278","99"
"A&B","C:\Users\407407\Desktop\vllm\github\MQA_FastPath\A&B\key_B_FP_ON_MQA_OFF_k2.log","key","B_FP_ON_MQA_OFF","2","accept","60","0.7","0.7947","0.78005","0.7941","192"
"A&B","C:\Users\407407\Desktop\vllm\github\MQA_FastPath\A&B\key_B_FP_ON_MQA_OFF_k2.log","key","B_FP_ON_MQA_OFF","2","accept_no_hs","60","0.7","0.7947","0.78005","0.7941","192"
"A&B","C:\Users\407407\Desktop\vllm\github\MQA_FastPath\A&B\key_B_FP_ON_MQA_OFF_k2.log","key","B_FP_ON_MQA_OFF","2","accept_with_hs","60","0","0","0","0","192"
"A&B","C:\Users\407407\Desktop\vllm\github\MQA_FastPath\A&B\key_B_FP_ON_MQA_OFF_k2.log","key","B_FP_ON_MQA_OFF","2","average_time_per_proposal_tok_ms","27","37.86","74.69","57.880741","63.69","186"
"A&B","C:\Users\407407\Desktop\vllm\github\MQA_FastPath\A&B\key_B_FP_ON_MQA_OFF_k2.log","key","B_FP_ON_MQA_OFF","2","avg_execute_total_ms","13","62.08","85.07","67.031538","66.73","183"
"A&B","C:\Users\407407\Desktop\vllm\github\MQA_FastPath\A&B\key_B_FP_ON_MQA_OFF_k2.log","key","B_FP_ON_MQA_OFF","2","avg_forward_ms","13","56.5","66.68","60.27","62.63","183"
"A&B","C:\Users\407407\Desktop\vllm\github\MQA_FastPath\A&B\key_B_FP_ON_MQA_OFF_k2.log","key","B_FP_ON_MQA_OFF","2","avg_logits_ms","13","1.12","9","2.526923","1.12","183"
"A&B","C:\Users\407407\Desktop\vllm\github\MQA_FastPath\A&B\key_B_FP_ON_MQA_OFF_k2.log","key","B_FP_ON_MQA_OFF","2","avg_sampler_ms","13","2.93","9.35","4.184615","2.93","183"
"A&B","C:\Users\407407\Desktop\vllm\github\MQA_FastPath\A&B\key_B_FP_ON_MQA_OFF_k2.log","key","B_FP_ON_MQA_OFF","2","count","13","50","650","350","650","183"
"A&B","C:\Users\407407\Desktop\vllm\github\MQA_FastPath\A&B\key_B_FP_ON_MQA_OFF_k2.log","key","B_FP_ON_MQA_OFF","2","draft_tp","1","1","1","1","1","1"
"A&B","C:\Users\407407\Desktop\vllm\github\MQA_FastPath\A&B\key_B_FP_ON_MQA_OFF_k2.log","key","B_FP_ON_MQA_OFF","2","fail_adapter","1","0","0","0","0","5"
"A&B","C:\Users\407407\Desktop\vllm\github\MQA_FastPath\A&B\key_B_FP_ON_MQA_OFF_k2.log","key","B_FP_ON_MQA_OFF","2","fail_backend","1","0","0","0","0","5"
"A&B","C:\Users\407407\Desktop\vllm\github\MQA_FastPath\A&B\key_B_FP_ON_MQA_OFF_k2.log","key","B_FP_ON_MQA_OFF","2","fail_disabled","1","0","0","0","0","5"
"A&B","C:\Users\407407\Desktop\vllm\github\MQA_FastPath\A&B\key_B_FP_ON_MQA_OFF_k2.log","key","B_FP_ON_MQA_OFF","2","fail_lora","1","0","0","0","0","5"
"A&B","C:\Users\407407\Desktop\vllm\github\MQA_FastPath\A&B\key_B_FP_ON_MQA_OFF_k2.log","key","B_FP_ON_MQA_OFF","2","fail_prompt","1","0","0","0","0","5"
"A&B","C:\Users\407407\Desktop\vllm\github\MQA_FastPath\A&B\key_B_FP_ON_MQA_OFF_k2.log","key","B_FP_ON_MQA_OFF","2","frequency_penalty","1","0","0","0","0","29"
"A&B","C:\Users\407407\Desktop\vllm\github\MQA_FastPath\A&B\key_B_FP_ON_MQA_OFF_k2.log","key","B_FP_ON_MQA_OFF","2","hs_ratio","60","0","0","0","0","192"
"A&B","C:\Users\407407\Desktop\vllm\github\MQA_FastPath\A&B\key_B_FP_ON_MQA_OFF_k2.log","key","B_FP_ON_MQA_OFF","2","iter_p95","60","141.431","280.609","256.7497","273.883","192"
"A&B","C:\Users\407407\Desktop\vllm\github\MQA_FastPath\A&B\key_B_FP_ON_MQA_OFF_k2.log","key","B_FP_ON_MQA_OFF","2","k","60","2","2","2","2","193"
"A&B","C:\Users\407407\Desktop\vllm\github\MQA_FastPath\A&B\key_B_FP_ON_MQA_OFF_k2.log","key","B_FP_ON_MQA_OFF","2","max_tokens","1","340","340","340","340","29"
"A&B","C:\Users\407407\Desktop\vllm\github\MQA_FastPath\A&B\key_B_FP_ON_MQA_OFF_k2.log","key","B_FP_ON_MQA_OFF","2","min_p","1","0","0","0","0","29"
"A&B","C:\Users\407407\Desktop\vllm\github\MQA_FastPath\A&B\key_B_FP_ON_MQA_OFF_k2.log","key","B_FP_ON_MQA_OFF","2","min_tokens","1","0","0","0","0","29"
"A&B","C:\Users\407407\Desktop\vllm\github\MQA_FastPath\A&B\key_B_FP_ON_MQA_OFF_k2.log","key","B_FP_ON_MQA_OFF","2","ms_hit","1","1","1","1","1","5"
"A&B","C:\Users\407407\Desktop\vllm\github\MQA_FastPath\A&B\key_B_FP_ON_MQA_OFF_k2.log","key","B_FP_ON_MQA_OFF","2","ms_total","1","1","1","1","1","5"
"A&B","C:\Users\407407\Desktop\vllm\github\MQA_FastPath\A&B\key_B_FP_ON_MQA_OFF_k2.log","key","B_FP_ON_MQA_OFF","2","n","1","1","1","1","1","29"
"A&B","C:\Users\407407\Desktop\vllm\github\MQA_FastPath\A&B\key_B_FP_ON_MQA_OFF_k2.log","key","B_FP_ON_MQA_OFF","2","presence_penalty","1","0","0","0","0","29"
"A&B","C:\Users\407407\Desktop\vllm\github\MQA_FastPath\A&B\key_B_FP_ON_MQA_OFF_k2.log","key","B_FP_ON_MQA_OFF","2","repetition_penalty","1","1","1","1","1","29"
"A&B","C:\Users\407407\Desktop\vllm\github\MQA_FastPath\A&B\key_B_FP_ON_MQA_OFF_k2.log","key","B_FP_ON_MQA_OFF","2","sample_len","1","2","2","2","2","4"
"A&B","C:\Users\407407\Desktop\vllm\github\MQA_FastPath\A&B\key_B_FP_ON_MQA_OFF_k2.log","key","B_FP_ON_MQA_OFF","2","scoring_time_ms","27","53.31","637.68","110.925185","84.77","186"
"A&B","C:\Users\407407\Desktop\vllm\github\MQA_FastPath\A&B\key_B_FP_ON_MQA_OFF_k2.log","key","B_FP_ON_MQA_OFF","2","target_tp","1","1","1","1","1","1"
"A&B","C:\Users\407407\Desktop\vllm\github\MQA_FastPath\A&B\key_B_FP_ON_MQA_OFF_k2.log","key","B_FP_ON_MQA_OFF","2","temperature","1","0","0","0","0","29"
"A&B","C:\Users\407407\Desktop\vllm\github\MQA_FastPath\A&B\key_B_FP_ON_MQA_OFF_k2.log","key","B_FP_ON_MQA_OFF","2","throughput_tps","60","0.221","236.843","171.409333","197.159","192"
"A&B","C:\Users\407407\Desktop\vllm\github\MQA_FastPath\A&B\key_B_FP_ON_MQA_OFF_k2.log","key","B_FP_ON_MQA_OFF","2","top_k","1","0","0","0","0","29"
"A&B","C:\Users\407407\Desktop\vllm\github\MQA_FastPath\A&B\key_B_FP_ON_MQA_OFF_k2.log","key","B_FP_ON_MQA_OFF","2","top_p","1","1","1","1","1","29"
"A&B","C:\Users\407407\Desktop\vllm\github\MQA_FastPath\A&B\key_B_FP_ON_MQA_OFF_k2.log","key","B_FP_ON_MQA_OFF","2","verification_time_ms","27","3.25","18.64","8.06037","7.18","186"
"A&B","C:\Users\407407\Desktop\vllm\github\MQA_FastPath\A&B\key_B_FP_ON_MQA_OFF_k2.log","key","B_FP_ON_MQA_OFF","2","waste_ratio","60","0.2115","0.3","0.23473","0.2187","193"
"A&B","C:\Users\407407\Desktop\vllm\github\MQA_FastPath\A&B\key_B_FP_ON_MQA_OFF_k4.log","key","B_FP_ON_MQA_OFF","4","accept","60","0.3684","0.7927","0.751793","0.7921","191"
"A&B","C:\Users\407407\Desktop\vllm\github\MQA_FastPath\A&B\key_B_FP_ON_MQA_OFF_k4.log","key","B_FP_ON_MQA_OFF","4","accept_no_hs","60","0.3684","0.7927","0.751793","0.7921","191"
"A&B","C:\Users\407407\Desktop\vllm\github\MQA_FastPath\A&B\key_B_FP_ON_MQA_OFF_k4.log","key","B_FP_ON_MQA_OFF","4","accept_with_hs","60","0","0","0","0","191"
"A&B","C:\Users\407407\Desktop\vllm\github\MQA_FastPath\A&B\key_B_FP_ON_MQA_OFF_k4.log","key","B_FP_ON_MQA_OFF","4","average_time_per_proposal_tok_ms","28","37.8","77.17","59.138214","39.66","186"
"A&B","C:\Users\407407\Desktop\vllm\github\MQA_FastPath\A&B\key_B_FP_ON_MQA_OFF_k4.log","key","B_FP_ON_MQA_OFF","4","avg_execute_total_ms","13","66.87","87.05","71.022308","69.73","184"
"A&B","C:\Users\407407\Desktop\vllm\github\MQA_FastPath\A&B\key_B_FP_ON_MQA_OFF_k4.log","key","B_FP_ON_MQA_OFF","4","avg_forward_ms","13","58.76","68.54","62.89","64.67","184"
"A&B","C:\Users\407407\Desktop\vllm\github\MQA_FastPath\A&B\key_B_FP_ON_MQA_OFF_k4.log","key","B_FP_ON_MQA_OFF","4","avg_logits_ms","13","1","7.34","2.14","1","184"
"A&B","C:\Users\407407\Desktop\vllm\github\MQA_FastPath\A&B\key_B_FP_ON_MQA_OFF_k4.log","key","B_FP_ON_MQA_OFF","4","avg_sampler_ms","13","4.02","11.13","5.937692","4.02","184"
"A&B","C:\Users\407407\Desktop\vllm\github\MQA_FastPath\A&B\key_B_FP_ON_MQA_OFF_k4.log","key","B_FP_ON_MQA_OFF","4","count","13","50","650","350","650","184"
"A&B","C:\Users\407407\Desktop\vllm\github\MQA_FastPath\A&B\key_B_FP_ON_MQA_OFF_k4.log","key","B_FP_ON_MQA_OFF","4","draft_tp","1","1","1","1","1","1"
"A&B","C:\Users\407407\Desktop\vllm\github\MQA_FastPath\A&B\key_B_FP_ON_MQA_OFF_k4.log","key","B_FP_ON_MQA_OFF","4","fail_adapter","1","0","0","0","0","5"
"A&B","C:\Users\407407\Desktop\vllm\github\MQA_FastPath\A&B\key_B_FP_ON_MQA_OFF_k4.log","key","B_FP_ON_MQA_OFF","4","fail_backend","1","0","0","0","0","5"
"A&B","C:\Users\407407\Desktop\vllm\github\MQA_FastPath\A&B\key_B_FP_ON_MQA_OFF_k4.log","key","B_FP_ON_MQA_OFF","4","fail_disabled","1","0","0","0","0","5"
"A&B","C:\Users\407407\Desktop\vllm\github\MQA_FastPath\A&B\key_B_FP_ON_MQA_OFF_k4.log","key","B_FP_ON_MQA_OFF","4","fail_lora","1","0","0","0","0","5"
"A&B","C:\Users\407407\Desktop\vllm\github\MQA_FastPath\A&B\key_B_FP_ON_MQA_OFF_k4.log","key","B_FP_ON_MQA_OFF","4","fail_prompt","1","0","0","0","0","5"
"A&B","C:\Users\407407\Desktop\vllm\github\MQA_FastPath\A&B\key_B_FP_ON_MQA_OFF_k4.log","key","B_FP_ON_MQA_OFF","4","frequency_penalty","1","0","0","0","0","28"
"A&B","C:\Users\407407\Desktop\vllm\github\MQA_FastPath\A&B\key_B_FP_ON_MQA_OFF_k4.log","key","B_FP_ON_MQA_OFF","4","hs_ratio","60","0","0","0","0","191"
"A&B","C:\Users\407407\Desktop\vllm\github\MQA_FastPath\A&B\key_B_FP_ON_MQA_OFF_k4.log","key","B_FP_ON_MQA_OFF","4","iter_p95","60","212.594","296.203","274.039867","280.538","191"
"A&B","C:\Users\407407\Desktop\vllm\github\MQA_FastPath\A&B\key_B_FP_ON_MQA_OFF_k4.log","key","B_FP_ON_MQA_OFF","4","k","57","2","2","2","2","190"
"A&B","C:\Users\407407\Desktop\vllm\github\MQA_FastPath\A&B\key_B_FP_ON_MQA_OFF_k4.log","key","B_FP_ON_MQA_OFF","4","max_tokens","1","340","340","340","340","28"
"A&B","C:\Users\407407\Desktop\vllm\github\MQA_FastPath\A&B\key_B_FP_ON_MQA_OFF_k4.log","key","B_FP_ON_MQA_OFF","4","min_p","1","0","0","0","0","28"
"A&B","C:\Users\407407\Desktop\vllm\github\MQA_FastPath\A&B\key_B_FP_ON_MQA_OFF_k4.log","key","B_FP_ON_MQA_OFF","4","min_tokens","1","0","0","0","0","28"
"A&B","C:\Users\407407\Desktop\vllm\github\MQA_FastPath\A&B\key_B_FP_ON_MQA_OFF_k4.log","key","B_FP_ON_MQA_OFF","4","ms_hit","1","1","1","1","1","5"
"A&B","C:\Users\407407\Desktop\vllm\github\MQA_FastPath\A&B\key_B_FP_ON_MQA_OFF_k4.log","key","B_FP_ON_MQA_OFF","4","ms_total","1","1","1","1","1","5"
"A&B","C:\Users\407407\Desktop\vllm\github\MQA_FastPath\A&B\key_B_FP_ON_MQA_OFF_k4.log","key","B_FP_ON_MQA_OFF","4","n","1","1","1","1","1","28"
"A&B","C:\Users\407407\Desktop\vllm\github\MQA_FastPath\A&B\key_B_FP_ON_MQA_OFF_k4.log","key","B_FP_ON_MQA_OFF","4","presence_penalty","1","0","0","0","0","28"
"A&B","C:\Users\407407\Desktop\vllm\github\MQA_FastPath\A&B\key_B_FP_ON_MQA_OFF_k4.log","key","B_FP_ON_MQA_OFF","4","repetition_penalty","1","1","1","1","1","28"
"A&B","C:\Users\407407\Desktop\vllm\github\MQA_FastPath\A&B\key_B_FP_ON_MQA_OFF_k4.log","key","B_FP_ON_MQA_OFF","4","sample_len","1","4","4","4","4","4"
"A&B","C:\Users\407407\Desktop\vllm\github\MQA_FastPath\A&B\key_B_FP_ON_MQA_OFF_k4.log","key","B_FP_ON_MQA_OFF","4","scoring_time_ms","28","53.13","139.83","95.849643","56.04","186"
"A&B","C:\Users\407407\Desktop\vllm\github\MQA_FastPath\A&B\key_B_FP_ON_MQA_OFF_k4.log","key","B_FP_ON_MQA_OFF","4","target_tp","1","1","1","1","1","1"
"A&B","C:\Users\407407\Desktop\vllm\github\MQA_FastPath\A&B\key_B_FP_ON_MQA_OFF_k4.log","key","B_FP_ON_MQA_OFF","4","temperature","1","0","0","0","0","28"
"A&B","C:\Users\407407\Desktop\vllm\github\MQA_FastPath\A&B\key_B_FP_ON_MQA_OFF_k4.log","key","B_FP_ON_MQA_OFF","4","throughput_tps","60","0.211","225.788","165.11525","188.916","191"
"A&B","C:\Users\407407\Desktop\vllm\github\MQA_FastPath\A&B\key_B_FP_ON_MQA_OFF_k4.log","key","B_FP_ON_MQA_OFF","4","top_k","1","0","0","0","0","28"
"A&B","C:\Users\407407\Desktop\vllm\github\MQA_FastPath\A&B\key_B_FP_ON_MQA_OFF_k4.log","key","B_FP_ON_MQA_OFF","4","top_p","1","1","1","1","1","28"
"A&B","C:\Users\407407\Desktop\vllm\github\MQA_FastPath\A&B\key_B_FP_ON_MQA_OFF_k4.log","key","B_FP_ON_MQA_OFF","4","verification_time_ms","28","3.21","17.59","8.31","3.56","186"
"A&B","C:\Users\407407\Desktop\vllm\github\MQA_FastPath\A&B\key_B_FP_ON_MQA_OFF_k4.log","key","B_FP_ON_MQA_OFF","4","waste_ratio","57","0.1927","0.3","0.211089","0.2072","190"
"A&B","C:\Users\407407\Desktop\vllm\github\MQA_FastPath\A&B\key_B_FP_ON_MQA_OFF_k8.log","key","B_FP_ON_MQA_OFF","8","accept","60","0.3684","0.7861","0.746538","0.786","189"
"A&B","C:\Users\407407\Desktop\vllm\github\MQA_FastPath\A&B\key_B_FP_ON_MQA_OFF_k8.log","key","B_FP_ON_MQA_OFF","8","accept_no_hs","60","0.3684","0.7861","0.746538","0.786","189"
"A&B","C:\Users\407407\Desktop\vllm\github\MQA_FastPath\A&B\key_B_FP_ON_MQA_OFF_k8.log","key","B_FP_ON_MQA_OFF","8","accept_with_hs","60","0","0","0","0","189"
"A&B","C:\Users\407407\Desktop\vllm\github\MQA_FastPath\A&B\key_B_FP_ON_MQA_OFF_k8.log","key","B_FP_ON_MQA_OFF","8","average_time_per_proposal_tok_ms","27","34.58","74.18","51.940741","60.55","182"
"A&B","C:\Users\407407\Desktop\vllm\github\MQA_FastPath\A&B\key_B_FP_ON_MQA_OFF_k8.log","key","B_FP_ON_MQA_OFF","8","avg_execute_total_ms","13","61.32","82.51","66.621538","66.96","181"
"A&B","C:\Users\407407\Desktop\vllm\github\MQA_FastPath\A&B\key_B_FP_ON_MQA_OFF_k8.log","key","B_FP_ON_MQA_OFF","8","avg_forward_ms","13","55.25","64.05","59.745385","62.78","181"
"A&B","C:\Users\407407\Desktop\vllm\github\MQA_FastPath\A&B\key_B_FP_ON_MQA_OFF_k8.log","key","B_FP_ON_MQA_OFF","8","avg_logits_ms","13","1.16","9.25","2.61","1.16","181"
"A&B","C:\Users\407407\Desktop\vllm\github\MQA_FastPath\A&B\key_B_FP_ON_MQA_OFF_k8.log","key","B_FP_ON_MQA_OFF","8","avg_sampler_ms","13","2.96","9.16","4.205385","2.96","181"
"A&B","C:\Users\407407\Desktop\vllm\github\MQA_FastPath\A&B\key_B_FP_ON_MQA_OFF_k8.log","key","B_FP_ON_MQA_OFF","8","count","13","50","650","350","650","181"
"A&B","C:\Users\407407\Desktop\vllm\github\MQA_FastPath\A&B\key_B_FP_ON_MQA_OFF_k8.log","key","B_FP_ON_MQA_OFF","8","draft_tp","1","1","1","1","1","1"
"A&B","C:\Users\407407\Desktop\vllm\github\MQA_FastPath\A&B\key_B_FP_ON_MQA_OFF_k8.log","key","B_FP_ON_MQA_OFF","8","fail_adapter","1","0","0","0","0","5"
"A&B","C:\Users\407407\Desktop\vllm\github\MQA_FastPath\A&B\key_B_FP_ON_MQA_OFF_k8.log","key","B_FP_ON_MQA_OFF","8","fail_backend","1","0","0","0","0","5"
"A&B","C:\Users\407407\Desktop\vllm\github\MQA_FastPath\A&B\key_B_FP_ON_MQA_OFF_k8.log","key","B_FP_ON_MQA_OFF","8","fail_disabled","1","0","0","0","0","5"
"A&B","C:\Users\407407\Desktop\vllm\github\MQA_FastPath\A&B\key_B_FP_ON_MQA_OFF_k8.log","key","B_FP_ON_MQA_OFF","8","fail_lora","1","0","0","0","0","5"
"A&B","C:\Users\407407\Desktop\vllm\github\MQA_FastPath\A&B\key_B_FP_ON_MQA_OFF_k8.log","key","B_FP_ON_MQA_OFF","8","fail_prompt","1","0","0","0","0","5"
"A&B","C:\Users\407407\Desktop\vllm\github\MQA_FastPath\A&B\key_B_FP_ON_MQA_OFF_k8.log","key","B_FP_ON_MQA_OFF","8","frequency_penalty","1","0","0","0","0","27"
"A&B","C:\Users\407407\Desktop\vllm\github\MQA_FastPath\A&B\key_B_FP_ON_MQA_OFF_k8.log","key","B_FP_ON_MQA_OFF","8","hs_ratio","60","0","0","0","0","189"
"A&B","C:\Users\407407\Desktop\vllm\github\MQA_FastPath\A&B\key_B_FP_ON_MQA_OFF_k8.log","key","B_FP_ON_MQA_OFF","8","iter_p95","60","185.089","294.944","264.505583","271.227","189"
"A&B","C:\Users\407407\Desktop\vllm\github\MQA_FastPath\A&B\key_B_FP_ON_MQA_OFF_k8.log","key","B_FP_ON_MQA_OFF","8","k","56","2","2","2","2","188"
"A&B","C:\Users\407407\Desktop\vllm\github\MQA_FastPath\A&B\key_B_FP_ON_MQA_OFF_k8.log","key","B_FP_ON_MQA_OFF","8","max_tokens","1","340","340","340","340","27"
"A&B","C:\Users\407407\Desktop\vllm\github\MQA_FastPath\A&B\key_B_FP_ON_MQA_OFF_k8.log","key","B_FP_ON_MQA_OFF","8","min_p","1","0","0","0","0","27"
"A&B","C:\Users\407407\Desktop\vllm\github\MQA_FastPath\A&B\key_B_FP_ON_MQA_OFF_k8.log","key","B_FP_ON_MQA_OFF","8","min_tokens","1","0","0","0","0","27"
"A&B","C:\Users\407407\Desktop\vllm\github\MQA_FastPath\A&B\key_B_FP_ON_MQA_OFF_k8.log","key","B_FP_ON_MQA_OFF","8","ms_hit","1","1","1","1","1","5"
"A&B","C:\Users\407407\Desktop\vllm\github\MQA_FastPath\A&B\key_B_FP_ON_MQA_OFF_k8.log","key","B_FP_ON_MQA_OFF","8","ms_total","1","1","1","1","1","5"
"A&B","C:\Users\407407\Desktop\vllm\github\MQA_FastPath\A&B\key_B_FP_ON_MQA_OFF_k8.log","key","B_FP_ON_MQA_OFF","8","n","1","1","1","1","1","27"
"A&B","C:\Users\407407\Desktop\vllm\github\MQA_FastPath\A&B\key_B_FP_ON_MQA_OFF_k8.log","key","B_FP_ON_MQA_OFF","8","presence_penalty","1","0","0","0","0","27"
"A&B","C:\Users\407407\Desktop\vllm\github\MQA_FastPath\A&B\key_B_FP_ON_MQA_OFF_k8.log","key","B_FP_ON_MQA_OFF","8","repetition_penalty","1","1","1","1","1","27"
"A&B","C:\Users\407407\Desktop\vllm\github\MQA_FastPath\A&B\key_B_FP_ON_MQA_OFF_k8.log","key","B_FP_ON_MQA_OFF","8","sample_len","1","4","4","4","4","4"
"A&B","C:\Users\407407\Desktop\vllm\github\MQA_FastPath\A&B\key_B_FP_ON_MQA_OFF_k8.log","key","B_FP_ON_MQA_OFF","8","scoring_time_ms","27","48.84","130.31","91.142593","51.63","182"
"A&B","C:\Users\407407\Desktop\vllm\github\MQA_FastPath\A&B\key_B_FP_ON_MQA_OFF_k8.log","key","B_FP_ON_MQA_OFF","8","target_tp","1","1","1","1","1","1"
"A&B","C:\Users\407407\Desktop\vllm\github\MQA_FastPath\A&B\key_B_FP_ON_MQA_OFF_k8.log","key","B_FP_ON_MQA_OFF","8","temperature","1","0","0","0","0","27"
"A&B","C:\Users\407407\Desktop\vllm\github\MQA_FastPath\A&B\key_B_FP_ON_MQA_OFF_k8.log","key","B_FP_ON_MQA_OFF","8","throughput_tps","60","0.216","233.293","169.643717","197.632","189"
"A&B","C:\Users\407407\Desktop\vllm\github\MQA_FastPath\A&B\key_B_FP_ON_MQA_OFF_k8.log","key","B_FP_ON_MQA_OFF","8","top_k","1","0","0","0","0","27"
"A&B","C:\Users\407407\Desktop\vllm\github\MQA_FastPath\A&B\key_B_FP_ON_MQA_OFF_k8.log","key","B_FP_ON_MQA_OFF","8","top_p","1","1","1","1","1","27"
"A&B","C:\Users\407407\Desktop\vllm\github\MQA_FastPath\A&B\key_B_FP_ON_MQA_OFF_k8.log","key","B_FP_ON_MQA_OFF","8","verification_time_ms","27","2.99","17.69","8.021111","4.48","182"
"A&B","C:\Users\407407\Desktop\vllm\github\MQA_FastPath\A&B\key_B_FP_ON_MQA_OFF_k8.log","key","B_FP_ON_MQA_OFF","8","waste_ratio","56","0.1773","0.3","0.210039","0.2021","188"
"A&B","C:\Users\407407\Desktop\vllm\github\MQA_FastPath\A&B\meta_A_FP_ON_MQA_ON_k2.log","meta","A_FP_ON_MQA_ON","2","k","1","2","2","2","2","3"
"A&B","C:\Users\407407\Desktop\vllm\github\MQA_FastPath\A&B\meta_A_FP_ON_MQA_ON_k2.log","meta","A_FP_ON_MQA_ON","2","NUM_PROMPTS","1","200","200","200","200","8"
"A&B","C:\Users\407407\Desktop\vllm\github\MQA_FastPath\A&B\meta_A_FP_ON_MQA_ON_k2.log","meta","A_FP_ON_MQA_ON","2","PORT","1","8000","8000","8000","8000","7"
"A&B","C:\Users\407407\Desktop\vllm\github\MQA_FastPath\A&B\meta_A_FP_ON_MQA_ON_k2.log","meta","A_FP_ON_MQA_ON","2","REQUEST_RATE","1","16","16","16","16","8"
"A&B","C:\Users\407407\Desktop\vllm\github\MQA_FastPath\A&B\meta_A_FP_ON_MQA_ON_k2.log","meta","A_FP_ON_MQA_ON","2","VLLM_ASCEND_BASE_STAGE_LOG_ENABLE","1","1","1","1","1","11"
"A&B","C:\Users\407407\Desktop\vllm\github\MQA_FastPath\A&B\meta_A_FP_ON_MQA_ON_k2.log","meta","A_FP_ON_MQA_ON","2","VLLM_ASCEND_BASE_STAGE_LOG_INTERVAL","1","50","50","50","50","12"
"A&B","C:\Users\407407\Desktop\vllm\github\MQA_FastPath\A&B\meta_A_FP_ON_MQA_ON_k2.log","meta","A_FP_ON_MQA_ON","2","VLLM_ASCEND_RUNNER_STAGE_LOG_ENABLE","1","1","1","1","1","13"
"A&B","C:\Users\407407\Desktop\vllm\github\MQA_FastPath\A&B\meta_A_FP_ON_MQA_ON_k2.log","meta","A_FP_ON_MQA_ON","2","VLLM_ASCEND_RUNNER_STAGE_LOG_INTERVAL","1","50","50","50","50","14"
"A&B","C:\Users\407407\Desktop\vllm\github\MQA_FastPath\A&B\meta_A_FP_ON_MQA_ON_k4.log","meta","A_FP_ON_MQA_ON","4","k","1","4","4","4","4","3"
"A&B","C:\Users\407407\Desktop\vllm\github\MQA_FastPath\A&B\meta_A_FP_ON_MQA_ON_k4.log","meta","A_FP_ON_MQA_ON","4","NUM_PROMPTS","1","200","200","200","200","8"
"A&B","C:\Users\407407\Desktop\vllm\github\MQA_FastPath\A&B\meta_A_FP_ON_MQA_ON_k4.log","meta","A_FP_ON_MQA_ON","4","PORT","1","8000","8000","8000","8000","7"
"A&B","C:\Users\407407\Desktop\vllm\github\MQA_FastPath\A&B\meta_A_FP_ON_MQA_ON_k4.log","meta","A_FP_ON_MQA_ON","4","REQUEST_RATE","1","16","16","16","16","8"
"A&B","C:\Users\407407\Desktop\vllm\github\MQA_FastPath\A&B\meta_A_FP_ON_MQA_ON_k4.log","meta","A_FP_ON_MQA_ON","4","VLLM_ASCEND_BASE_STAGE_LOG_ENABLE","1","1","1","1","1","11"
"A&B","C:\Users\407407\Desktop\vllm\github\MQA_FastPath\A&B\meta_A_FP_ON_MQA_ON_k4.log","meta","A_FP_ON_MQA_ON","4","VLLM_ASCEND_BASE_STAGE_LOG_INTERVAL","1","50","50","50","50","12"
"A&B","C:\Users\407407\Desktop\vllm\github\MQA_FastPath\A&B\meta_A_FP_ON_MQA_ON_k4.log","meta","A_FP_ON_MQA_ON","4","VLLM_ASCEND_RUNNER_STAGE_LOG_ENABLE","1","1","1","1","1","13"
"A&B","C:\Users\407407\Desktop\vllm\github\MQA_FastPath\A&B\meta_A_FP_ON_MQA_ON_k4.log","meta","A_FP_ON_MQA_ON","4","VLLM_ASCEND_RUNNER_STAGE_LOG_INTERVAL","1","50","50","50","50","14"
"A&B","C:\Users\407407\Desktop\vllm\github\MQA_FastPath\A&B\meta_A_FP_ON_MQA_ON_k8.log","meta","A_FP_ON_MQA_ON","8","k","1","8","8","8","8","3"
"A&B","C:\Users\407407\Desktop\vllm\github\MQA_FastPath\A&B\meta_A_FP_ON_MQA_ON_k8.log","meta","A_FP_ON_MQA_ON","8","NUM_PROMPTS","1","200","200","200","200","8"
"A&B","C:\Users\407407\Desktop\vllm\github\MQA_FastPath\A&B\meta_A_FP_ON_MQA_ON_k8.log","meta","A_FP_ON_MQA_ON","8","PORT","1","8000","8000","8000","8000","7"
"A&B","C:\Users\407407\Desktop\vllm\github\MQA_FastPath\A&B\meta_A_FP_ON_MQA_ON_k8.log","meta","A_FP_ON_MQA_ON","8","REQUEST_RATE","1","16","16","16","16","8"
"A&B","C:\Users\407407\Desktop\vllm\github\MQA_FastPath\A&B\meta_A_FP_ON_MQA_ON_k8.log","meta","A_FP_ON_MQA_ON","8","VLLM_ASCEND_BASE_STAGE_LOG_ENABLE","1","1","1","1","1","11"
"A&B","C:\Users\407407\Desktop\vllm\github\MQA_FastPath\A&B\meta_A_FP_ON_MQA_ON_k8.log","meta","A_FP_ON_MQA_ON","8","VLLM_ASCEND_BASE_STAGE_LOG_INTERVAL","1","50","50","50","50","12"
"A&B","C:\Users\407407\Desktop\vllm\github\MQA_FastPath\A&B\meta_A_FP_ON_MQA_ON_k8.log","meta","A_FP_ON_MQA_ON","8","VLLM_ASCEND_RUNNER_STAGE_LOG_ENABLE","1","1","1","1","1","13"
"A&B","C:\Users\407407\Desktop\vllm\github\MQA_FastPath\A&B\meta_A_FP_ON_MQA_ON_k8.log","meta","A_FP_ON_MQA_ON","8","VLLM_ASCEND_RUNNER_STAGE_LOG_INTERVAL","1","50","50","50","50","14"
"A&B","C:\Users\407407\Desktop\vllm\github\MQA_FastPath\A&B\meta_B_FP_ON_MQA_OFF_k2.log","meta","B_FP_ON_MQA_OFF","2","k","1","2","2","2","2","3"
"A&B","C:\Users\407407\Desktop\vllm\github\MQA_FastPath\A&B\meta_B_FP_ON_MQA_OFF_k2.log","meta","B_FP_ON_MQA_OFF","2","NUM_PROMPTS","1","200","200","200","200","8"
"A&B","C:\Users\407407\Desktop\vllm\github\MQA_FastPath\A&B\meta_B_FP_ON_MQA_OFF_k2.log","meta","B_FP_ON_MQA_OFF","2","PORT","1","8000","8000","8000","8000","7"
"A&B","C:\Users\407407\Desktop\vllm\github\MQA_FastPath\A&B\meta_B_FP_ON_MQA_OFF_k2.log","meta","B_FP_ON_MQA_OFF","2","REQUEST_RATE","1","16","16","16","16","8"
"A&B","C:\Users\407407\Desktop\vllm\github\MQA_FastPath\A&B\meta_B_FP_ON_MQA_OFF_k2.log","meta","B_FP_ON_MQA_OFF","2","VLLM_ASCEND_BASE_STAGE_LOG_ENABLE","1","1","1","1","1","11"
"A&B","C:\Users\407407\Desktop\vllm\github\MQA_FastPath\A&B\meta_B_FP_ON_MQA_OFF_k2.log","meta","B_FP_ON_MQA_OFF","2","VLLM_ASCEND_BASE_STAGE_LOG_INTERVAL","1","50","50","50","50","12"
"A&B","C:\Users\407407\Desktop\vllm\github\MQA_FastPath\A&B\meta_B_FP_ON_MQA_OFF_k2.log","meta","B_FP_ON_MQA_OFF","2","VLLM_ASCEND_RUNNER_STAGE_LOG_ENABLE","1","1","1","1","1","13"
"A&B","C:\Users\407407\Desktop\vllm\github\MQA_FastPath\A&B\meta_B_FP_ON_MQA_OFF_k2.log","meta","B_FP_ON_MQA_OFF","2","VLLM_ASCEND_RUNNER_STAGE_LOG_INTERVAL","1","50","50","50","50","14"
"A&B","C:\Users\407407\Desktop\vllm\github\MQA_FastPath\A&B\meta_B_FP_ON_MQA_OFF_k4.log","meta","B_FP_ON_MQA_OFF","4","k","1","4","4","4","4","3"
"A&B","C:\Users\407407\Desktop\vllm\github\MQA_FastPath\A&B\meta_B_FP_ON_MQA_OFF_k4.log","meta","B_FP_ON_MQA_OFF","4","NUM_PROMPTS","1","200","200","200","200","8"
"A&B","C:\Users\407407\Desktop\vllm\github\MQA_FastPath\A&B\meta_B_FP_ON_MQA_OFF_k4.log","meta","B_FP_ON_MQA_OFF","4","PORT","1","8000","8000","8000","8000","7"
"A&B","C:\Users\407407\Desktop\vllm\github\MQA_FastPath\A&B\meta_B_FP_ON_MQA_OFF_k4.log","meta","B_FP_ON_MQA_OFF","4","REQUEST_RATE","1","16","16","16","16","8"
"A&B","C:\Users\407407\Desktop\vllm\github\MQA_FastPath\A&B\meta_B_FP_ON_MQA_OFF_k4.log","meta","B_FP_ON_MQA_OFF","4","VLLM_ASCEND_BASE_STAGE_LOG_ENABLE","1","1","1","1","1","11"
"A&B","C:\Users\407407\Desktop\vllm\github\MQA_FastPath\A&B\meta_B_FP_ON_MQA_OFF_k4.log","meta","B_FP_ON_MQA_OFF","4","VLLM_ASCEND_BASE_STAGE_LOG_INTERVAL","1","50","50","50","50","12"
"A&B","C:\Users\407407\Desktop\vllm\github\MQA_FastPath\A&B\meta_B_FP_ON_MQA_OFF_k4.log","meta","B_FP_ON_MQA_OFF","4","VLLM_ASCEND_RUNNER_STAGE_LOG_ENABLE","1","1","1","1","1","13"
"A&B","C:\Users\407407\Desktop\vllm\github\MQA_FastPath\A&B\meta_B_FP_ON_MQA_OFF_k4.log","meta","B_FP_ON_MQA_OFF","4","VLLM_ASCEND_RUNNER_STAGE_LOG_INTERVAL","1","50","50","50","50","14"
"A&B","C:\Users\407407\Desktop\vllm\github\MQA_FastPath\A&B\meta_B_FP_ON_MQA_OFF_k8.log","meta","B_FP_ON_MQA_OFF","8","k","1","8","8","8","8","3"
"A&B","C:\Users\407407\Desktop\vllm\github\MQA_FastPath\A&B\meta_B_FP_ON_MQA_OFF_k8.log","meta","B_FP_ON_MQA_OFF","8","NUM_PROMPTS","1","200","200","200","200","8"
"A&B","C:\Users\407407\Desktop\vllm\github\MQA_FastPath\A&B\meta_B_FP_ON_MQA_OFF_k8.log","meta","B_FP_ON_MQA_OFF","8","PORT","1","8000","8000","8000","8000","7"
"A&B","C:\Users\407407\Desktop\vllm\github\MQA_FastPath\A&B\meta_B_FP_ON_MQA_OFF_k8.log","meta","B_FP_ON_MQA_OFF","8","REQUEST_RATE","1","16","16","16","16","8"
"A&B","C:\Users\407407\Desktop\vllm\github\MQA_FastPath\A&B\meta_B_FP_ON_MQA_OFF_k8.log","meta","B_FP_ON_MQA_OFF","8","VLLM_ASCEND_BASE_STAGE_LOG_ENABLE","1","1","1","1","1","11"
"A&B","C:\Users\407407\Desktop\vllm\github\MQA_FastPath\A&B\meta_B_FP_ON_MQA_OFF_k8.log","meta","B_FP_ON_MQA_OFF","8","VLLM_ASCEND_BASE_STAGE_LOG_INTERVAL","1","50","50","50","50","12"
"A&B","C:\Users\407407\Desktop\vllm\github\MQA_FastPath\A&B\meta_B_FP_ON_MQA_OFF_k8.log","meta","B_FP_ON_MQA_OFF","8","VLLM_ASCEND_RUNNER_STAGE_LOG_ENABLE","1","1","1","1","1","13"
"A&B","C:\Users\407407\Desktop\vllm\github\MQA_FastPath\A&B\meta_B_FP_ON_MQA_OFF_k8.log","meta","B_FP_ON_MQA_OFF","8","VLLM_ASCEND_RUNNER_STAGE_LOG_INTERVAL","1","50","50","50","50","14"
"A&B","C:\Users\407407\Desktop\vllm\github\MQA_FastPath\A&B\probe_A_FP_ON_MQA_ON.log","probe","A_FP_ON_MQA_ON",,"VLLM_ASCEND_BASE_STAGE_LOG_ENABLE","1","1","1","1","1","8"
"A&B","C:\Users\407407\Desktop\vllm\github\MQA_FastPath\A&B\probe_A_FP_ON_MQA_ON.log","probe","A_FP_ON_MQA_ON",,"VLLM_ASCEND_BASE_STAGE_LOG_INTERVAL","1","50","50","50","50","9"
"A&B","C:\Users\407407\Desktop\vllm\github\MQA_FastPath\A&B\probe_A_FP_ON_MQA_ON.log","probe","A_FP_ON_MQA_ON",,"VLLM_ASCEND_RUNNER_STAGE_LOG_ENABLE","1","1","1","1","1","10"
"A&B","C:\Users\407407\Desktop\vllm\github\MQA_FastPath\A&B\probe_A_FP_ON_MQA_ON.log","probe","A_FP_ON_MQA_ON",,"VLLM_ASCEND_RUNNER_STAGE_LOG_INTERVAL","1","50","50","50","50","11"
"A&B","C:\Users\407407\Desktop\vllm\github\MQA_FastPath\A&B\probe_B_FP_ON_MQA_OFF.log","probe","B_FP_ON_MQA_OFF",,"VLLM_ASCEND_BASE_STAGE_LOG_ENABLE","1","1","1","1","1","8"
"A&B","C:\Users\407407\Desktop\vllm\github\MQA_FastPath\A&B\probe_B_FP_ON_MQA_OFF.log","probe","B_FP_ON_MQA_OFF",,"VLLM_ASCEND_BASE_STAGE_LOG_INTERVAL","1","50","50","50","50","9"
"A&B","C:\Users\407407\Desktop\vllm\github\MQA_FastPath\A&B\probe_B_FP_ON_MQA_OFF.log","probe","B_FP_ON_MQA_OFF",,"VLLM_ASCEND_RUNNER_STAGE_LOG_ENABLE","1","1","1","1","1","10"
"A&B","C:\Users\407407\Desktop\vllm\github\MQA_FastPath\A&B\probe_B_FP_ON_MQA_OFF.log","probe","B_FP_ON_MQA_OFF",,"VLLM_ASCEND_RUNNER_STAGE_LOG_INTERVAL","1","50","50","50","50","11"
"A&B","C:\Users\407407\Desktop\vllm\github\MQA_FastPath\A&B\server_A_FP_ON_MQA_ON_k2.log","server","A_FP_ON_MQA_ON","2","accept","38","0.5352","0.9","0.771555","0.8402","907"
"A&B","C:\Users\407407\Desktop\vllm\github\MQA_FastPath\A&B\server_A_FP_ON_MQA_ON_k2.log","server","A_FP_ON_MQA_ON","2","accept_no_hs","38","0.5352","0.9","0.771555","0.8402","907"
"A&B","C:\Users\407407\Desktop\vllm\github\MQA_FastPath\A&B\server_A_FP_ON_MQA_ON_k2.log","server","A_FP_ON_MQA_ON","2","accept_with_hs","38","0","0","0","0","907"
"A&B","C:\Users\407407\Desktop\vllm\github\MQA_FastPath\A&B\server_A_FP_ON_MQA_ON_k2.log","server","A_FP_ON_MQA_ON","2","average_time_per_proposal_tok_ms","17","38.26","75.96","59.322941","68.32","897"
"A&B","C:\Users\407407\Desktop\vllm\github\MQA_FastPath\A&B\server_A_FP_ON_MQA_ON_k2.log","server","A_FP_ON_MQA_ON","2","avg_execute_total_ms","9","62.64","84.22","68.181111","66.55","906"
"A&B","C:\Users\407407\Desktop\vllm\github\MQA_FastPath\A&B\server_A_FP_ON_MQA_ON_k2.log","server","A_FP_ON_MQA_ON","2","avg_forward_ms","9","57.29","65.58","60.613333","62.27","906"
"A&B","C:\Users\407407\Desktop\vllm\github\MQA_FastPath\A&B\server_A_FP_ON_MQA_ON_k2.log","server","A_FP_ON_MQA_ON","2","avg_logits_ms","9","1.25","7.99","2.765556","1.25","906"
"A&B","C:\Users\407407\Desktop\vllm\github\MQA_FastPath\A&B\server_A_FP_ON_MQA_ON_k2.log","server","A_FP_ON_MQA_ON","2","avg_sampler_ms","9","2.99","10.61","4.747778","2.99","906"
"A&B","C:\Users\407407\Desktop\vllm\github\MQA_FastPath\A&B\server_A_FP_ON_MQA_ON_k2.log","server","A_FP_ON_MQA_ON","2","count","9","50","450","250","450","906"
"A&B","C:\Users\407407\Desktop\vllm\github\MQA_FastPath\A&B\server_A_FP_ON_MQA_ON_k2.log","server","A_FP_ON_MQA_ON","2","draft_tp","1","1","1","1","1","48"
"A&B","C:\Users\407407\Desktop\vllm\github\MQA_FastPath\A&B\server_A_FP_ON_MQA_ON_k2.log","server","A_FP_ON_MQA_ON","2","fail_adapter","1","0","0","0","0","125"
"A&B","C:\Users\407407\Desktop\vllm\github\MQA_FastPath\A&B\server_A_FP_ON_MQA_ON_k2.log","server","A_FP_ON_MQA_ON","2","fail_backend","1","0","0","0","0","125"
"A&B","C:\Users\407407\Desktop\vllm\github\MQA_FastPath\A&B\server_A_FP_ON_MQA_ON_k2.log","server","A_FP_ON_MQA_ON","2","fail_disabled","1","0","0","0","0","125"
"A&B","C:\Users\407407\Desktop\vllm\github\MQA_FastPath\A&B\server_A_FP_ON_MQA_ON_k2.log","server","A_FP_ON_MQA_ON","2","fail_lora","1","0","0","0","0","125"
"A&B","C:\Users\407407\Desktop\vllm\github\MQA_FastPath\A&B\server_A_FP_ON_MQA_ON_k2.log","server","A_FP_ON_MQA_ON","2","fail_prompt","1","0","0","0","0","125"
"A&B","C:\Users\407407\Desktop\vllm\github\MQA_FastPath\A&B\server_A_FP_ON_MQA_ON_k2.log","server","A_FP_ON_MQA_ON","2","frequency_penalty","200","0","0","0","0","764"
"A&B","C:\Users\407407\Desktop\vllm\github\MQA_FastPath\A&B\server_A_FP_ON_MQA_ON_k2.log","server","A_FP_ON_MQA_ON","2","high_k_occ","38","0","0","0","0","909"
"A&B","C:\Users\407407\Desktop\vllm\github\MQA_FastPath\A&B\server_A_FP_ON_MQA_ON_k2.log","server","A_FP_ON_MQA_ON","2","hs_ratio","38","0","0","0","0","907"
"A&B","C:\Users\407407\Desktop\vllm\github\MQA_FastPath\A&B\server_A_FP_ON_MQA_ON_k2.log","server","A_FP_ON_MQA_ON","2","iter_p95","38","144.672","255.751","225.770763","254.324","907"
"A&B","C:\Users\407407\Desktop\vllm\github\MQA_FastPath\A&B\server_A_FP_ON_MQA_ON_k2.log","server","A_FP_ON_MQA_ON","2","k","38","2","2","2","2","908"
"A&B","C:\Users\407407\Desktop\vllm\github\MQA_FastPath\A&B\server_A_FP_ON_MQA_ON_k2.log","server","A_FP_ON_MQA_ON","2","max_seq_len","1","8192","8192","8192","8192","46"
"A&B","C:\Users\407407\Desktop\vllm\github\MQA_FastPath\A&B\server_A_FP_ON_MQA_ON_k2.log","server","A_FP_ON_MQA_ON","2","max_tokens","201","4","781","222.965174","593","764"
"A&B","C:\Users\407407\Desktop\vllm\github\MQA_FastPath\A&B\server_A_FP_ON_MQA_ON_k2.log","server","A_FP_ON_MQA_ON","2","min_p","200","0","0","0","0","764"
"A&B","C:\Users\407407\Desktop\vllm\github\MQA_FastPath\A&B\server_A_FP_ON_MQA_ON_k2.log","server","A_FP_ON_MQA_ON","2","min_tokens","201","0","0","0","0","764"
"A&B","C:\Users\407407\Desktop\vllm\github\MQA_FastPath\A&B\server_A_FP_ON_MQA_ON_k2.log","server","A_FP_ON_MQA_ON","2","ms_hit","1","1","1","1","1","125"
"A&B","C:\Users\407407\Desktop\vllm\github\MQA_FastPath\A&B\server_A_FP_ON_MQA_ON_k2.log","server","A_FP_ON_MQA_ON","2","ms_total","1","1","1","1","1","125"
"A&B","C:\Users\407407\Desktop\vllm\github\MQA_FastPath\A&B\server_A_FP_ON_MQA_ON_k2.log","server","A_FP_ON_MQA_ON","2","n","200","1","1","1","1","764"
"A&B","C:\Users\407407\Desktop\vllm\github\MQA_FastPath\A&B\server_A_FP_ON_MQA_ON_k2.log","server","A_FP_ON_MQA_ON","2","num_scheduler_steps","1","1","1","1","1","46"
"A&B","C:\Users\407407\Desktop\vllm\github\MQA_FastPath\A&B\server_A_FP_ON_MQA_ON_k2.log","server","A_FP_ON_MQA_ON","2","pipeline_parallel_size","1","1","1","1","1","46"
"A&B","C:\Users\407407\Desktop\vllm\github\MQA_FastPath\A&B\server_A_FP_ON_MQA_ON_k2.log","server","A_FP_ON_MQA_ON","2","presence_penalty","200","0","0","0","0","764"
"A&B","C:\Users\407407\Desktop\vllm\github\MQA_FastPath\A&B\server_A_FP_ON_MQA_ON_k2.log","server","A_FP_ON_MQA_ON","2","repetition_penalty","200","1","1","1","1","764"
"A&B","C:\Users\407407\Desktop\vllm\github\MQA_FastPath\A&B\server_A_FP_ON_MQA_ON_k2.log","server","A_FP_ON_MQA_ON","2","sample_len","1","2","2","2","2","124"
"A&B","C:\Users\407407\Desktop\vllm\github\MQA_FastPath\A&B\server_A_FP_ON_MQA_ON_k2.log","server","A_FP_ON_MQA_ON","2","schedule","1","60","60","60","60","176"
"A&B","C:\Users\407407\Desktop\vllm\github\MQA_FastPath\A&B\server_A_FP_ON_MQA_ON_k2.log","server","A_FP_ON_MQA_ON","2","scoring_time_ms","17","51.58","91.98","73.759412","57.61","897"
"A&B","C:\Users\407407\Desktop\vllm\github\MQA_FastPath\A&B\server_A_FP_ON_MQA_ON_k2.log","server","A_FP_ON_MQA_ON","2","switch_per_min","38","0","0","0","0","909"
"A&B","C:\Users\407407\Desktop\vllm\github\MQA_FastPath\A&B\server_A_FP_ON_MQA_ON_k2.log","server","A_FP_ON_MQA_ON","2","target_tp","1","1","1","1","1","48"
"A&B","C:\Users\407407\Desktop\vllm\github\MQA_FastPath\A&B\server_A_FP_ON_MQA_ON_k2.log","server","A_FP_ON_MQA_ON","2","temperature","200","0","0","0","0","764"
"A&B","C:\Users\407407\Desktop\vllm\github\MQA_FastPath\A&B\server_A_FP_ON_MQA_ON_k2.log","server","A_FP_ON_MQA_ON","2","tensor_parallel_size","1","1","1","1","1","46"
"A&B","C:\Users\407407\Desktop\vllm\github\MQA_FastPath\A&B\server_A_FP_ON_MQA_ON_k2.log","server","A_FP_ON_MQA_ON","2","throughput_tps","38","0.283","221.967","146.672763","202.362","907"
"A&B","C:\Users\407407\Desktop\vllm\github\MQA_FastPath\A&B\server_A_FP_ON_MQA_ON_k2.log","server","A_FP_ON_MQA_ON","2","top_k","200","0","0","0","0","764"
"A&B","C:\Users\407407\Desktop\vllm\github\MQA_FastPath\A&B\server_A_FP_ON_MQA_ON_k2.log","server","A_FP_ON_MQA_ON","2","top_p","200","1","1","1","1","764"
"A&B","C:\Users\407407\Desktop\vllm\github\MQA_FastPath\A&B\server_A_FP_ON_MQA_ON_k2.log","server","A_FP_ON_MQA_ON","2","verification_time_ms","17","3.45","16.42","8.352353","5.15","897"
"A&B","C:\Users\407407\Desktop\vllm\github\MQA_FastPath\A&B\server_A_FP_ON_MQA_ON_k2.log","server","A_FP_ON_MQA_ON","2","waste_ratio","38","0.1","0.2943","0.1881","0.1124","908"
"A&B","C:\Users\407407\Desktop\vllm\github\MQA_FastPath\A&B\server_A_FP_ON_MQA_ON_k4.log","server","A_FP_ON_MQA_ON","4","accept","35","0.3421","0.7779","0.657383","0.7778","918"
"A&B","C:\Users\407407\Desktop\vllm\github\MQA_FastPath\A&B\server_A_FP_ON_MQA_ON_k4.log","server","A_FP_ON_MQA_ON","4","accept_no_hs","35","0.3421","0.7779","0.657383","0.7778","918"
"A&B","C:\Users\407407\Desktop\vllm\github\MQA_FastPath\A&B\server_A_FP_ON_MQA_ON_k4.log","server","A_FP_ON_MQA_ON","4","accept_with_hs","35","0","0","0","0","918"
"A&B","C:\Users\407407\Desktop\vllm\github\MQA_FastPath\A&B\server_A_FP_ON_MQA_ON_k4.log","server","A_FP_ON_MQA_ON","4","average_time_per_proposal_tok_ms","17","37.8","70.89","57.355882","53.49","908"
"A&B","C:\Users\407407\Desktop\vllm\github\MQA_FastPath\A&B\server_A_FP_ON_MQA_ON_k4.log","server","A_FP_ON_MQA_ON","4","avg_execute_total_ms","8","66.5","84.61","70.24375","68.47","907"
"A&B","C:\Users\407407\Desktop\vllm\github\MQA_FastPath\A&B\server_A_FP_ON_MQA_ON_k4.log","server","A_FP_ON_MQA_ON","4","avg_forward_ms","8","57.98","66.22","60.86125","62.24","907"
"A&B","C:\Users\407407\Desktop\vllm\github\MQA_FastPath\A&B\server_A_FP_ON_MQA_ON_k4.log","server","A_FP_ON_MQA_ON","4","avg_logits_ms","8","1.38","7.99","2.98125","1.38","907"
"A&B","C:\Users\407407\Desktop\vllm\github\MQA_FastPath\A&B\server_A_FP_ON_MQA_ON_k4.log","server","A_FP_ON_MQA_ON","4","avg_sampler_ms","8","4.64","10.37","6.34625","4.79","907"
"A&B","C:\Users\407407\Desktop\vllm\github\MQA_FastPath\A&B\server_A_FP_ON_MQA_ON_k4.log","server","A_FP_ON_MQA_ON","4","count","8","50","400","225","400","907"
"A&B","C:\Users\407407\Desktop\vllm\github\MQA_FastPath\A&B\server_A_FP_ON_MQA_ON_k4.log","server","A_FP_ON_MQA_ON","4","draft_tp","1","1","1","1","1","48"
"A&B","C:\Users\407407\Desktop\vllm\github\MQA_FastPath\A&B\server_A_FP_ON_MQA_ON_k4.log","server","A_FP_ON_MQA_ON","4","fail_adapter","1","0","0","0","0","126"
"A&B","C:\Users\407407\Desktop\vllm\github\MQA_FastPath\A&B\server_A_FP_ON_MQA_ON_k4.log","server","A_FP_ON_MQA_ON","4","fail_backend","1","0","0","0","0","126"
"A&B","C:\Users\407407\Desktop\vllm\github\MQA_FastPath\A&B\server_A_FP_ON_MQA_ON_k4.log","server","A_FP_ON_MQA_ON","4","fail_disabled","1","0","0","0","0","126"
"A&B","C:\Users\407407\Desktop\vllm\github\MQA_FastPath\A&B\server_A_FP_ON_MQA_ON_k4.log","server","A_FP_ON_MQA_ON","4","fail_lora","1","0","0","0","0","126"
"A&B","C:\Users\407407\Desktop\vllm\github\MQA_FastPath\A&B\server_A_FP_ON_MQA_ON_k4.log","server","A_FP_ON_MQA_ON","4","fail_prompt","1","0","0","0","0","126"
"A&B","C:\Users\407407\Desktop\vllm\github\MQA_FastPath\A&B\server_A_FP_ON_MQA_ON_k4.log","server","A_FP_ON_MQA_ON","4","frequency_penalty","200","0","0","0","0","766"
"A&B","C:\Users\407407\Desktop\vllm\github\MQA_FastPath\A&B\server_A_FP_ON_MQA_ON_k4.log","server","A_FP_ON_MQA_ON","4","high_k_occ","35","0.0389","0.7","0.10408","0.0543","919"
"A&B","C:\Users\407407\Desktop\vllm\github\MQA_FastPath\A&B\server_A_FP_ON_MQA_ON_k4.log","server","A_FP_ON_MQA_ON","4","hs_ratio","35","0","0","0","0","918"
"A&B","C:\Users\407407\Desktop\vllm\github\MQA_FastPath\A&B\server_A_FP_ON_MQA_ON_k4.log","server","A_FP_ON_MQA_ON","4","iter_p95","35","201.377","326.031","280.0954","317.341","918"
"A&B","C:\Users\407407\Desktop\vllm\github\MQA_FastPath\A&B\server_A_FP_ON_MQA_ON_k4.log","server","A_FP_ON_MQA_ON","4","k","27","2","3","2.148148","2","917"
"A&B","C:\Users\407407\Desktop\vllm\github\MQA_FastPath\A&B\server_A_FP_ON_MQA_ON_k4.log","server","A_FP_ON_MQA_ON","4","max_seq_len","1","8192","8192","8192","8192","46"
"A&B","C:\Users\407407\Desktop\vllm\github\MQA_FastPath\A&B\server_A_FP_ON_MQA_ON_k4.log","server","A_FP_ON_MQA_ON","4","max_tokens","201","4","781","222.965174","593","766"
"A&B","C:\Users\407407\Desktop\vllm\github\MQA_FastPath\A&B\server_A_FP_ON_MQA_ON_k4.log","server","A_FP_ON_MQA_ON","4","min_p","200","0","0","0","0","766"
"A&B","C:\Users\407407\Desktop\vllm\github\MQA_FastPath\A&B\server_A_FP_ON_MQA_ON_k4.log","server","A_FP_ON_MQA_ON","4","min_tokens","201","0","0","0","0","766"
"A&B","C:\Users\407407\Desktop\vllm\github\MQA_FastPath\A&B\server_A_FP_ON_MQA_ON_k4.log","server","A_FP_ON_MQA_ON","4","ms_hit","1","1","1","1","1","126"
"A&B","C:\Users\407407\Desktop\vllm\github\MQA_FastPath\A&B\server_A_FP_ON_MQA_ON_k4.log","server","A_FP_ON_MQA_ON","4","ms_total","1","1","1","1","1","126"
"A&B","C:\Users\407407\Desktop\vllm\github\MQA_FastPath\A&B\server_A_FP_ON_MQA_ON_k4.log","server","A_FP_ON_MQA_ON","4","n","200","1","1","1","1","766"
"A&B","C:\Users\407407\Desktop\vllm\github\MQA_FastPath\A&B\server_A_FP_ON_MQA_ON_k4.log","server","A_FP_ON_MQA_ON","4","num_scheduler_steps","1","1","1","1","1","46"
"A&B","C:\Users\407407\Desktop\vllm\github\MQA_FastPath\A&B\server_A_FP_ON_MQA_ON_k4.log","server","A_FP_ON_MQA_ON","4","pipeline_parallel_size","1","1","1","1","1","46"
"A&B","C:\Users\407407\Desktop\vllm\github\MQA_FastPath\A&B\server_A_FP_ON_MQA_ON_k4.log","server","A_FP_ON_MQA_ON","4","pos2","16","0","1","0.590694","0.2581","873"
"A&B","C:\Users\407407\Desktop\vllm\github\MQA_FastPath\A&B\server_A_FP_ON_MQA_ON_k4.log","server","A_FP_ON_MQA_ON","4","pos3","16","0","1","0.521275","0.2581","873"
"A&B","C:\Users\407407\Desktop\vllm\github\MQA_FastPath\A&B\server_A_FP_ON_MQA_ON_k4.log","server","A_FP_ON_MQA_ON","4","pos4","16","0","1","0.521275","0.2581","873"
"A&B","C:\Users\407407\Desktop\vllm\github\MQA_FastPath\A&B\server_A_FP_ON_MQA_ON_k4.log","server","A_FP_ON_MQA_ON","4","presence_penalty","200","0","0","0","0","766"
"A&B","C:\Users\407407\Desktop\vllm\github\MQA_FastPath\A&B\server_A_FP_ON_MQA_ON_k4.log","server","A_FP_ON_MQA_ON","4","q","16","1","180","88.8125","31","873"
"A&B","C:\Users\407407\Desktop\vllm\github\MQA_FastPath\A&B\server_A_FP_ON_MQA_ON_k4.log","server","A_FP_ON_MQA_ON","4","repetition_penalty","200","1","1","1","1","766"
"A&B","C:\Users\407407\Desktop\vllm\github\MQA_FastPath\A&B\server_A_FP_ON_MQA_ON_k4.log","server","A_FP_ON_MQA_ON","4","sample_len","1","4","4","4","4","125"
"A&B","C:\Users\407407\Desktop\vllm\github\MQA_FastPath\A&B\server_A_FP_ON_MQA_ON_k4.log","server","A_FP_ON_MQA_ON","4","schedule","1","60","60","60","60","177"
"A&B","C:\Users\407407\Desktop\vllm\github\MQA_FastPath\A&B\server_A_FP_ON_MQA_ON_k4.log","server","A_FP_ON_MQA_ON","4","scoring_time_ms","17","51.71","102.79","75.662941","60.61","908"
"A&B","C:\Users\407407\Desktop\vllm\github\MQA_FastPath\A&B\server_A_FP_ON_MQA_ON_k4.log","server","A_FP_ON_MQA_ON","4","switch_per_min","35","0.9258","12.2082","7.977394","10.2252","919"
"A&B","C:\Users\407407\Desktop\vllm\github\MQA_FastPath\A&B\server_A_FP_ON_MQA_ON_k4.log","server","A_FP_ON_MQA_ON","4","target_tp","1","1","1","1","1","48"
"A&B","C:\Users\407407\Desktop\vllm\github\MQA_FastPath\A&B\server_A_FP_ON_MQA_ON_k4.log","server","A_FP_ON_MQA_ON","4","temperature","200","0","0","0","0","766"
"A&B","C:\Users\407407\Desktop\vllm\github\MQA_FastPath\A&B\server_A_FP_ON_MQA_ON_k4.log","server","A_FP_ON_MQA_ON","4","tensor_parallel_size","1","1","1","1","1","46"
"A&B","C:\Users\407407\Desktop\vllm\github\MQA_FastPath\A&B\server_A_FP_ON_MQA_ON_k4.log","server","A_FP_ON_MQA_ON","4","throughput_tps","35","0.201","239.026","146.731943","222.893","918"
"A&B","C:\Users\407407\Desktop\vllm\github\MQA_FastPath\A&B\server_A_FP_ON_MQA_ON_k4.log","server","A_FP_ON_MQA_ON","4","top_k","200","0","0","0","0","766"
"A&B","C:\Users\407407\Desktop\vllm\github\MQA_FastPath\A&B\server_A_FP_ON_MQA_ON_k4.log","server","A_FP_ON_MQA_ON","4","top_p","200","1","1","1","1","766"
"A&B","C:\Users\407407\Desktop\vllm\github\MQA_FastPath\A&B\server_A_FP_ON_MQA_ON_k4.log","server","A_FP_ON_MQA_ON","4","verification_time_ms","17","3.35","22.89","10.082941","5.35","908"
"A&B","C:\Users\407407\Desktop\vllm\github\MQA_FastPath\A&B\server_A_FP_ON_MQA_ON_k4.log","server","A_FP_ON_MQA_ON","4","waste","16","0","0.75","0.298675","0.4946","873"
"A&B","C:\Users\407407\Desktop\vllm\github\MQA_FastPath\A&B\server_A_FP_ON_MQA_ON_k4.log","server","A_FP_ON_MQA_ON","4","waste_ratio","27","0","0.4734","0.15017","0.0263","917"
"A&B","C:\Users\407407\Desktop\vllm\github\MQA_FastPath\A&B\server_A_FP_ON_MQA_ON_k8.log","server","A_FP_ON_MQA_ON","8","accept","31","0.3421","0.8047","0.670477","0.8047","899"
"A&B","C:\Users\407407\Desktop\vllm\github\MQA_FastPath\A&B\server_A_FP_ON_MQA_ON_k8.log","server","A_FP_ON_MQA_ON","8","accept_no_hs","31","0.3421","0.8047","0.670477","0.8047","899"
"A&B","C:\Users\407407\Desktop\vllm\github\MQA_FastPath\A&B\server_A_FP_ON_MQA_ON_k8.log","server","A_FP_ON_MQA_ON","8","accept_with_hs","31","0","0","0","0","899"
"A&B","C:\Users\407407\Desktop\vllm\github\MQA_FastPath\A&B\server_A_FP_ON_MQA_ON_k8.log","server","A_FP_ON_MQA_ON","8","average_time_per_proposal_tok_ms","17","37.2","74.51","55.346471","63.05","902"
"A&B","C:\Users\407407\Desktop\vllm\github\MQA_FastPath\A&B\server_A_FP_ON_MQA_ON_k8.log","server","A_FP_ON_MQA_ON","8","avg_execute_total_ms","7","64.61","85.01","69.437143","68.09","884"
"A&B","C:\Users\407407\Desktop\vllm\github\MQA_FastPath\A&B\server_A_FP_ON_MQA_ON_k8.log","server","A_FP_ON_MQA_ON","8","avg_forward_ms","7","56.33","66.24","59.661429","61.47","884"
"A&B","C:\Users\407407\Desktop\vllm\github\MQA_FastPath\A&B\server_A_FP_ON_MQA_ON_k8.log","server","A_FP_ON_MQA_ON","8","avg_logits_ms","7","1.57","8.47","3.372857","1.57","884"
"A&B","C:\Users\407407\Desktop\vllm\github\MQA_FastPath\A&B\server_A_FP_ON_MQA_ON_k8.log","server","A_FP_ON_MQA_ON","8","avg_sampler_ms","7","4.46","10.26","6.354286","5","884"
"A&B","C:\Users\407407\Desktop\vllm\github\MQA_FastPath\A&B\server_A_FP_ON_MQA_ON_k8.log","server","A_FP_ON_MQA_ON","8","count","7","50","350","200","350","884"
"A&B","C:\Users\407407\Desktop\vllm\github\MQA_FastPath\A&B\server_A_FP_ON_MQA_ON_k8.log","server","A_FP_ON_MQA_ON","8","draft_tp","1","1","1","1","1","48"
"A&B","C:\Users\407407\Desktop\vllm\github\MQA_FastPath\A&B\server_A_FP_ON_MQA_ON_k8.log","server","A_FP_ON_MQA_ON","8","fail_adapter","1","0","0","0","0","125"
"A&B","C:\Users\407407\Desktop\vllm\github\MQA_FastPath\A&B\server_A_FP_ON_MQA_ON_k8.log","server","A_FP_ON_MQA_ON","8","fail_backend","1","0","0","0","0","125"
"A&B","C:\Users\407407\Desktop\vllm\github\MQA_FastPath\A&B\server_A_FP_ON_MQA_ON_k8.log","server","A_FP_ON_MQA_ON","8","fail_disabled","1","0","0","0","0","125"
"A&B","C:\Users\407407\Desktop\vllm\github\MQA_FastPath\A&B\server_A_FP_ON_MQA_ON_k8.log","server","A_FP_ON_MQA_ON","8","fail_lora","1","0","0","0","0","125"
"A&B","C:\Users\407407\Desktop\vllm\github\MQA_FastPath\A&B\server_A_FP_ON_MQA_ON_k8.log","server","A_FP_ON_MQA_ON","8","fail_prompt","1","0","0","0","0","125"
"A&B","C:\Users\407407\Desktop\vllm\github\MQA_FastPath\A&B\server_A_FP_ON_MQA_ON_k8.log","server","A_FP_ON_MQA_ON","8","frequency_penalty","200","0","0","0","0","766"
"A&B","C:\Users\407407\Desktop\vllm\github\MQA_FastPath\A&B\server_A_FP_ON_MQA_ON_k8.log","server","A_FP_ON_MQA_ON","8","high_k_occ","31","0.0412","0.7","0.112084","0.0613","900"
"A&B","C:\Users\407407\Desktop\vllm\github\MQA_FastPath\A&B\server_A_FP_ON_MQA_ON_k8.log","server","A_FP_ON_MQA_ON","8","hs_ratio","31","0","0","0","0","899"
"A&B","C:\Users\407407\Desktop\vllm\github\MQA_FastPath\A&B\server_A_FP_ON_MQA_ON_k8.log","server","A_FP_ON_MQA_ON","8","iter_p95","31","206.123","330.239","270.692677","325.743","899"
"A&B","C:\Users\407407\Desktop\vllm\github\MQA_FastPath\A&B\server_A_FP_ON_MQA_ON_k8.log","server","A_FP_ON_MQA_ON","8","k","23","2","3","2.478261","3","901"
"A&B","C:\Users\407407\Desktop\vllm\github\MQA_FastPath\A&B\server_A_FP_ON_MQA_ON_k8.log","server","A_FP_ON_MQA_ON","8","max_seq_len","1","8192","8192","8192","8192","46"
"A&B","C:\Users\407407\Desktop\vllm\github\MQA_FastPath\A&B\server_A_FP_ON_MQA_ON_k8.log","server","A_FP_ON_MQA_ON","8","max_tokens","201","4","781","222.965174","593","766"
"A&B","C:\Users\407407\Desktop\vllm\github\MQA_FastPath\A&B\server_A_FP_ON_MQA_ON_k8.log","server","A_FP_ON_MQA_ON","8","min_p","200","0","0","0","0","766"
"A&B","C:\Users\407407\Desktop\vllm\github\MQA_FastPath\A&B\server_A_FP_ON_MQA_ON_k8.log","server","A_FP_ON_MQA_ON","8","min_tokens","201","0","0","0","0","766"
"A&B","C:\Users\407407\Desktop\vllm\github\MQA_FastPath\A&B\server_A_FP_ON_MQA_ON_k8.log","server","A_FP_ON_MQA_ON","8","ms_hit","1","1","1","1","1","125"
"A&B","C:\Users\407407\Desktop\vllm\github\MQA_FastPath\A&B\server_A_FP_ON_MQA_ON_k8.log","server","A_FP_ON_MQA_ON","8","ms_total","1","1","1","1","1","125"
"A&B","C:\Users\407407\Desktop\vllm\github\MQA_FastPath\A&B\server_A_FP_ON_MQA_ON_k8.log","server","A_FP_ON_MQA_ON","8","n","200","1","1","1","1","766"
"A&B","C:\Users\407407\Desktop\vllm\github\MQA_FastPath\A&B\server_A_FP_ON_MQA_ON_k8.log","server","A_FP_ON_MQA_ON","8","num_scheduler_steps","1","1","1","1","1","46"
"A&B","C:\Users\407407\Desktop\vllm\github\MQA_FastPath\A&B\server_A_FP_ON_MQA_ON_k8.log","server","A_FP_ON_MQA_ON","8","pipeline_parallel_size","1","1","1","1","1","46"
"A&B","C:\Users\407407\Desktop\vllm\github\MQA_FastPath\A&B\server_A_FP_ON_MQA_ON_k8.log","server","A_FP_ON_MQA_ON","8","pos2","16","0","1","0.683881","1","903"
"A&B","C:\Users\407407\Desktop\vllm\github\MQA_FastPath\A&B\server_A_FP_ON_MQA_ON_k8.log","server","A_FP_ON_MQA_ON","8","pos3","16","0","1","0.556425","0","903"
"A&B","C:\Users\407407\Desktop\vllm\github\MQA_FastPath\A&B\server_A_FP_ON_MQA_ON_k8.log","server","A_FP_ON_MQA_ON","8","pos4","16","0","1","0.556425","0","903"
"A&B","C:\Users\407407\Desktop\vllm\github\MQA_FastPath\A&B\server_A_FP_ON_MQA_ON_k8.log","server","A_FP_ON_MQA_ON","8","presence_penalty","200","0","0","0","0","766"
"A&B","C:\Users\407407\Desktop\vllm\github\MQA_FastPath\A&B\server_A_FP_ON_MQA_ON_k8.log","server","A_FP_ON_MQA_ON","8","q","16","1","176","72.125","1","903"
"A&B","C:\Users\407407\Desktop\vllm\github\MQA_FastPath\A&B\server_A_FP_ON_MQA_ON_k8.log","server","A_FP_ON_MQA_ON","8","repetition_penalty","200","1","1","1","1","766"
"A&B","C:\Users\407407\Desktop\vllm\github\MQA_FastPath\A&B\server_A_FP_ON_MQA_ON_k8.log","server","A_FP_ON_MQA_ON","8","sample_len","1","4","4","4","4","124"
"A&B","C:\Users\407407\Desktop\vllm\github\MQA_FastPath\A&B\server_A_FP_ON_MQA_ON_k8.log","server","A_FP_ON_MQA_ON","8","schedule","1","60","60","60","60","176"
"A&B","C:\Users\407407\Desktop\vllm\github\MQA_FastPath\A&B\server_A_FP_ON_MQA_ON_k8.log","server","A_FP_ON_MQA_ON","8","scoring_time_ms","17","52.66","92.6","76.838824","81.52","902"
"A&B","C:\Users\407407\Desktop\vllm\github\MQA_FastPath\A&B\server_A_FP_ON_MQA_ON_k8.log","server","A_FP_ON_MQA_ON","8","switch_per_min","31","0.9032","10.7297","6.619406","10.0893","900"
"A&B","C:\Users\407407\Desktop\vllm\github\MQA_FastPath\A&B\server_A_FP_ON_MQA_ON_k8.log","server","A_FP_ON_MQA_ON","8","target_tp","1","1","1","1","1","48"
"A&B","C:\Users\407407\Desktop\vllm\github\MQA_FastPath\A&B\server_A_FP_ON_MQA_ON_k8.log","server","A_FP_ON_MQA_ON","8","temperature","200","0","0","0","0","766"
"A&B","C:\Users\407407\Desktop\vllm\github\MQA_FastPath\A&B\server_A_FP_ON_MQA_ON_k8.log","server","A_FP_ON_MQA_ON","8","tensor_parallel_size","1","1","1","1","1","46"
"A&B","C:\Users\407407\Desktop\vllm\github\MQA_FastPath\A&B\server_A_FP_ON_MQA_ON_k8.log","server","A_FP_ON_MQA_ON","8","throughput_tps","31","0.196","236.791","137.177968","226.313","899"
"A&B","C:\Users\407407\Desktop\vllm\github\MQA_FastPath\A&B\server_A_FP_ON_MQA_ON_k8.log","server","A_FP_ON_MQA_ON","8","top_k","200","0","0","0","0","766"
"A&B","C:\Users\407407\Desktop\vllm\github\MQA_FastPath\A&B\server_A_FP_ON_MQA_ON_k8.log","server","A_FP_ON_MQA_ON","8","top_p","200","1","1","1","1","766"
"A&B","C:\Users\407407\Desktop\vllm\github\MQA_FastPath\A&B\server_A_FP_ON_MQA_ON_k8.log","server","A_FP_ON_MQA_ON","8","verification_time_ms","17","3.63","16.83","9.620588","5.22","902"
"A&B","C:\Users\407407\Desktop\vllm\github\MQA_FastPath\A&B\server_A_FP_ON_MQA_ON_k8.log","server","A_FP_ON_MQA_ON","8","waste","16","0","0.75","0.255825","0.3333","903"
"A&B","C:\Users\407407\Desktop\vllm\github\MQA_FastPath\A&B\server_A_FP_ON_MQA_ON_k8.log","server","A_FP_ON_MQA_ON","8","waste_ratio","23","0","0.4688","0.162787","0.0278","901"
"A&B","C:\Users\407407\Desktop\vllm\github\MQA_FastPath\A&B\server_B_FP_ON_MQA_OFF_k2.log","server","B_FP_ON_MQA_OFF","2","accept","60","0.7","0.7947","0.78005","0.7941","1007"
"A&B","C:\Users\407407\Desktop\vllm\github\MQA_FastPath\A&B\server_B_FP_ON_MQA_OFF_k2.log","server","B_FP_ON_MQA_OFF","2","accept_no_hs","60","0.7","0.7947","0.78005","0.7941","1007"
"A&B","C:\Users\407407\Desktop\vllm\github\MQA_FastPath\A&B\server_B_FP_ON_MQA_OFF_k2.log","server","B_FP_ON_MQA_OFF","2","accept_with_hs","60","0","0","0","0","1007"
"A&B","C:\Users\407407\Desktop\vllm\github\MQA_FastPath\A&B\server_B_FP_ON_MQA_OFF_k2.log","server","B_FP_ON_MQA_OFF","2","average_time_per_proposal_tok_ms","27","37.86","74.69","57.880741","63.69","998"
"A&B","C:\Users\407407\Desktop\vllm\github\MQA_FastPath\A&B\server_B_FP_ON_MQA_OFF_k2.log","server","B_FP_ON_MQA_OFF","2","avg_execute_total_ms","13","62.08","85.07","67.031538","66.73","994"
"A&B","C:\Users\407407\Desktop\vllm\github\MQA_FastPath\A&B\server_B_FP_ON_MQA_OFF_k2.log","server","B_FP_ON_MQA_OFF","2","avg_forward_ms","13","56.5","66.68","60.27","62.63","994"
"A&B","C:\Users\407407\Desktop\vllm\github\MQA_FastPath\A&B\server_B_FP_ON_MQA_OFF_k2.log","server","B_FP_ON_MQA_OFF","2","avg_logits_ms","13","1.12","9","2.526923","1.12","994"
"A&B","C:\Users\407407\Desktop\vllm\github\MQA_FastPath\A&B\server_B_FP_ON_MQA_OFF_k2.log","server","B_FP_ON_MQA_OFF","2","avg_sampler_ms","13","2.93","9.35","4.184615","2.93","994"
"A&B","C:\Users\407407\Desktop\vllm\github\MQA_FastPath\A&B\server_B_FP_ON_MQA_OFF_k2.log","server","B_FP_ON_MQA_OFF","2","count","13","50","650","350","650","994"
"A&B","C:\Users\407407\Desktop\vllm\github\MQA_FastPath\A&B\server_B_FP_ON_MQA_OFF_k2.log","server","B_FP_ON_MQA_OFF","2","draft_tp","1","1","1","1","1","48"
"A&B","C:\Users\407407\Desktop\vllm\github\MQA_FastPath\A&B\server_B_FP_ON_MQA_OFF_k2.log","server","B_FP_ON_MQA_OFF","2","fail_adapter","1","0","0","0","0","125"
"A&B","C:\Users\407407\Desktop\vllm\github\MQA_FastPath\A&B\server_B_FP_ON_MQA_OFF_k2.log","server","B_FP_ON_MQA_OFF","2","fail_backend","1","0","0","0","0","125"
"A&B","C:\Users\407407\Desktop\vllm\github\MQA_FastPath\A&B\server_B_FP_ON_MQA_OFF_k2.log","server","B_FP_ON_MQA_OFF","2","fail_disabled","1","0","0","0","0","125"
"A&B","C:\Users\407407\Desktop\vllm\github\MQA_FastPath\A&B\server_B_FP_ON_MQA_OFF_k2.log","server","B_FP_ON_MQA_OFF","2","fail_lora","1","0","0","0","0","125"
"A&B","C:\Users\407407\Desktop\vllm\github\MQA_FastPath\A&B\server_B_FP_ON_MQA_OFF_k2.log","server","B_FP_ON_MQA_OFF","2","fail_prompt","1","0","0","0","0","125"
"A&B","C:\Users\407407\Desktop\vllm\github\MQA_FastPath\A&B\server_B_FP_ON_MQA_OFF_k2.log","server","B_FP_ON_MQA_OFF","2","frequency_penalty","200","0","0","0","0","769"
"A&B","C:\Users\407407\Desktop\vllm\github\MQA_FastPath\A&B\server_B_FP_ON_MQA_OFF_k2.log","server","B_FP_ON_MQA_OFF","2","high_k_occ","60","0","0","0","0","1009"
"A&B","C:\Users\407407\Desktop\vllm\github\MQA_FastPath\A&B\server_B_FP_ON_MQA_OFF_k2.log","server","B_FP_ON_MQA_OFF","2","hs_ratio","60","0","0","0","0","1007"
"A&B","C:\Users\407407\Desktop\vllm\github\MQA_FastPath\A&B\server_B_FP_ON_MQA_OFF_k2.log","server","B_FP_ON_MQA_OFF","2","iter_p95","60","141.431","280.609","256.7497","273.883","1007"
"A&B","C:\Users\407407\Desktop\vllm\github\MQA_FastPath\A&B\server_B_FP_ON_MQA_OFF_k2.log","server","B_FP_ON_MQA_OFF","2","k","60","2","2","2","2","1008"
"A&B","C:\Users\407407\Desktop\vllm\github\MQA_FastPath\A&B\server_B_FP_ON_MQA_OFF_k2.log","server","B_FP_ON_MQA_OFF","2","max_seq_len","1","8192","8192","8192","8192","46"
"A&B","C:\Users\407407\Desktop\vllm\github\MQA_FastPath\A&B\server_B_FP_ON_MQA_OFF_k2.log","server","B_FP_ON_MQA_OFF","2","max_tokens","201","4","781","222.965174","593","769"
"A&B","C:\Users\407407\Desktop\vllm\github\MQA_FastPath\A&B\server_B_FP_ON_MQA_OFF_k2.log","server","B_FP_ON_MQA_OFF","2","min_p","200","0","0","0","0","769"
"A&B","C:\Users\407407\Desktop\vllm\github\MQA_FastPath\A&B\server_B_FP_ON_MQA_OFF_k2.log","server","B_FP_ON_MQA_OFF","2","min_tokens","201","0","0","0","0","769"
"A&B","C:\Users\407407\Desktop\vllm\github\MQA_FastPath\A&B\server_B_FP_ON_MQA_OFF_k2.log","server","B_FP_ON_MQA_OFF","2","ms_hit","1","1","1","1","1","125"
"A&B","C:\Users\407407\Desktop\vllm\github\MQA_FastPath\A&B\server_B_FP_ON_MQA_OFF_k2.log","server","B_FP_ON_MQA_OFF","2","ms_total","1","1","1","1","1","125"
"A&B","C:\Users\407407\Desktop\vllm\github\MQA_FastPath\A&B\server_B_FP_ON_MQA_OFF_k2.log","server","B_FP_ON_MQA_OFF","2","n","200","1","1","1","1","769"
"A&B","C:\Users\407407\Desktop\vllm\github\MQA_FastPath\A&B\server_B_FP_ON_MQA_OFF_k2.log","server","B_FP_ON_MQA_OFF","2","num_scheduler_steps","1","1","1","1","1","46"
"A&B","C:\Users\407407\Desktop\vllm\github\MQA_FastPath\A&B\server_B_FP_ON_MQA_OFF_k2.log","server","B_FP_ON_MQA_OFF","2","pipeline_parallel_size","1","1","1","1","1","46"
"A&B","C:\Users\407407\Desktop\vllm\github\MQA_FastPath\A&B\server_B_FP_ON_MQA_OFF_k2.log","server","B_FP_ON_MQA_OFF","2","presence_penalty","200","0","0","0","0","769"
"A&B","C:\Users\407407\Desktop\vllm\github\MQA_FastPath\A&B\server_B_FP_ON_MQA_OFF_k2.log","server","B_FP_ON_MQA_OFF","2","repetition_penalty","200","1","1","1","1","769"
"A&B","C:\Users\407407\Desktop\vllm\github\MQA_FastPath\A&B\server_B_FP_ON_MQA_OFF_k2.log","server","B_FP_ON_MQA_OFF","2","sample_len","1","2","2","2","2","124"
"A&B","C:\Users\407407\Desktop\vllm\github\MQA_FastPath\A&B\server_B_FP_ON_MQA_OFF_k2.log","server","B_FP_ON_MQA_OFF","2","schedule","1","60","60","60","60","185"
"A&B","C:\Users\407407\Desktop\vllm\github\MQA_FastPath\A&B\server_B_FP_ON_MQA_OFF_k2.log","server","B_FP_ON_MQA_OFF","2","scoring_time_ms","27","53.31","637.68","110.925185","84.77","998"
"A&B","C:\Users\407407\Desktop\vllm\github\MQA_FastPath\A&B\server_B_FP_ON_MQA_OFF_k2.log","server","B_FP_ON_MQA_OFF","2","switch_per_min","60","0","0","0","0","1009"
"A&B","C:\Users\407407\Desktop\vllm\github\MQA_FastPath\A&B\server_B_FP_ON_MQA_OFF_k2.log","server","B_FP_ON_MQA_OFF","2","target_tp","1","1","1","1","1","48"
"A&B","C:\Users\407407\Desktop\vllm\github\MQA_FastPath\A&B\server_B_FP_ON_MQA_OFF_k2.log","server","B_FP_ON_MQA_OFF","2","temperature","200","0","0","0","0","769"
"A&B","C:\Users\407407\Desktop\vllm\github\MQA_FastPath\A&B\server_B_FP_ON_MQA_OFF_k2.log","server","B_FP_ON_MQA_OFF","2","tensor_parallel_size","1","1","1","1","1","46"
"A&B","C:\Users\407407\Desktop\vllm\github\MQA_FastPath\A&B\server_B_FP_ON_MQA_OFF_k2.log","server","B_FP_ON_MQA_OFF","2","throughput_tps","60","0.221","236.843","171.409333","197.159","1007"
"A&B","C:\Users\407407\Desktop\vllm\github\MQA_FastPath\A&B\server_B_FP_ON_MQA_OFF_k2.log","server","B_FP_ON_MQA_OFF","2","top_k","200","0","0","0","0","769"
"A&B","C:\Users\407407\Desktop\vllm\github\MQA_FastPath\A&B\server_B_FP_ON_MQA_OFF_k2.log","server","B_FP_ON_MQA_OFF","2","top_p","200","1","1","1","1","769"
"A&B","C:\Users\407407\Desktop\vllm\github\MQA_FastPath\A&B\server_B_FP_ON_MQA_OFF_k2.log","server","B_FP_ON_MQA_OFF","2","verification_time_ms","27","3.25","18.64","8.06037","7.18","998"
"A&B","C:\Users\407407\Desktop\vllm\github\MQA_FastPath\A&B\server_B_FP_ON_MQA_OFF_k2.log","server","B_FP_ON_MQA_OFF","2","waste_ratio","60","0.2115","0.3","0.23473","0.2187","1008"
"A&B","C:\Users\407407\Desktop\vllm\github\MQA_FastPath\A&B\server_B_FP_ON_MQA_OFF_k4.log","server","B_FP_ON_MQA_OFF","4","accept","60","0.3684","0.7927","0.751793","0.7921","1015"
"A&B","C:\Users\407407\Desktop\vllm\github\MQA_FastPath\A&B\server_B_FP_ON_MQA_OFF_k4.log","server","B_FP_ON_MQA_OFF","4","accept_no_hs","60","0.3684","0.7927","0.751793","0.7921","1015"
"A&B","C:\Users\407407\Desktop\vllm\github\MQA_FastPath\A&B\server_B_FP_ON_MQA_OFF_k4.log","server","B_FP_ON_MQA_OFF","4","accept_with_hs","60","0","0","0","0","1015"
"A&B","C:\Users\407407\Desktop\vllm\github\MQA_FastPath\A&B\server_B_FP_ON_MQA_OFF_k4.log","server","B_FP_ON_MQA_OFF","4","average_time_per_proposal_tok_ms","28","37.8","77.17","59.138214","39.66","1008"
"A&B","C:\Users\407407\Desktop\vllm\github\MQA_FastPath\A&B\server_B_FP_ON_MQA_OFF_k4.log","server","B_FP_ON_MQA_OFF","4","avg_execute_total_ms","13","66.87","87.05","71.022308","69.73","1006"
"A&B","C:\Users\407407\Desktop\vllm\github\MQA_FastPath\A&B\server_B_FP_ON_MQA_OFF_k4.log","server","B_FP_ON_MQA_OFF","4","avg_forward_ms","13","58.76","68.54","62.89","64.67","1006"
"A&B","C:\Users\407407\Desktop\vllm\github\MQA_FastPath\A&B\server_B_FP_ON_MQA_OFF_k4.log","server","B_FP_ON_MQA_OFF","4","avg_logits_ms","13","1","7.34","2.14","1","1006"
"A&B","C:\Users\407407\Desktop\vllm\github\MQA_FastPath\A&B\server_B_FP_ON_MQA_OFF_k4.log","server","B_FP_ON_MQA_OFF","4","avg_sampler_ms","13","4.02","11.13","5.937692","4.02","1006"
"A&B","C:\Users\407407\Desktop\vllm\github\MQA_FastPath\A&B\server_B_FP_ON_MQA_OFF_k4.log","server","B_FP_ON_MQA_OFF","4","count","13","50","650","350","650","1006"
"A&B","C:\Users\407407\Desktop\vllm\github\MQA_FastPath\A&B\server_B_FP_ON_MQA_OFF_k4.log","server","B_FP_ON_MQA_OFF","4","draft_tp","1","1","1","1","1","48"
"A&B","C:\Users\407407\Desktop\vllm\github\MQA_FastPath\A&B\server_B_FP_ON_MQA_OFF_k4.log","server","B_FP_ON_MQA_OFF","4","fail_adapter","1","0","0","0","0","125"
"A&B","C:\Users\407407\Desktop\vllm\github\MQA_FastPath\A&B\server_B_FP_ON_MQA_OFF_k4.log","server","B_FP_ON_MQA_OFF","4","fail_backend","1","0","0","0","0","125"
"A&B","C:\Users\407407\Desktop\vllm\github\MQA_FastPath\A&B\server_B_FP_ON_MQA_OFF_k4.log","server","B_FP_ON_MQA_OFF","4","fail_disabled","1","0","0","0","0","125"
"A&B","C:\Users\407407\Desktop\vllm\github\MQA_FastPath\A&B\server_B_FP_ON_MQA_OFF_k4.log","server","B_FP_ON_MQA_OFF","4","fail_lora","1","0","0","0","0","125"
"A&B","C:\Users\407407\Desktop\vllm\github\MQA_FastPath\A&B\server_B_FP_ON_MQA_OFF_k4.log","server","B_FP_ON_MQA_OFF","4","fail_prompt","1","0","0","0","0","125"
"A&B","C:\Users\407407\Desktop\vllm\github\MQA_FastPath\A&B\server_B_FP_ON_MQA_OFF_k4.log","server","B_FP_ON_MQA_OFF","4","frequency_penalty","200","0","0","0","0","769"
"A&B","C:\Users\407407\Desktop\vllm\github\MQA_FastPath\A&B\server_B_FP_ON_MQA_OFF_k4.log","server","B_FP_ON_MQA_OFF","4","high_k_occ","60","0.0117","0.7","0.054597","0.0117","1016"
"A&B","C:\Users\407407\Desktop\vllm\github\MQA_FastPath\A&B\server_B_FP_ON_MQA_OFF_k4.log","server","B_FP_ON_MQA_OFF","4","hs_ratio","60","0","0","0","0","1015"
"A&B","C:\Users\407407\Desktop\vllm\github\MQA_FastPath\A&B\server_B_FP_ON_MQA_OFF_k4.log","server","B_FP_ON_MQA_OFF","4","iter_p95","60","212.594","296.203","274.039867","280.538","1015"
"A&B","C:\Users\407407\Desktop\vllm\github\MQA_FastPath\A&B\server_B_FP_ON_MQA_OFF_k4.log","server","B_FP_ON_MQA_OFF","4","k","57","2","2","2","2","1014"
"A&B","C:\Users\407407\Desktop\vllm\github\MQA_FastPath\A&B\server_B_FP_ON_MQA_OFF_k4.log","server","B_FP_ON_MQA_OFF","4","max_seq_len","1","8192","8192","8192","8192","46"
"A&B","C:\Users\407407\Desktop\vllm\github\MQA_FastPath\A&B\server_B_FP_ON_MQA_OFF_k4.log","server","B_FP_ON_MQA_OFF","4","max_tokens","201","4","781","222.965174","593","769"
"A&B","C:\Users\407407\Desktop\vllm\github\MQA_FastPath\A&B\server_B_FP_ON_MQA_OFF_k4.log","server","B_FP_ON_MQA_OFF","4","min_p","200","0","0","0","0","769"
"A&B","C:\Users\407407\Desktop\vllm\github\MQA_FastPath\A&B\server_B_FP_ON_MQA_OFF_k4.log","server","B_FP_ON_MQA_OFF","4","min_tokens","201","0","0","0","0","769"
"A&B","C:\Users\407407\Desktop\vllm\github\MQA_FastPath\A&B\server_B_FP_ON_MQA_OFF_k4.log","server","B_FP_ON_MQA_OFF","4","ms_hit","1","1","1","1","1","125"
"A&B","C:\Users\407407\Desktop\vllm\github\MQA_FastPath\A&B\server_B_FP_ON_MQA_OFF_k4.log","server","B_FP_ON_MQA_OFF","4","ms_total","1","1","1","1","1","125"
"A&B","C:\Users\407407\Desktop\vllm\github\MQA_FastPath\A&B\server_B_FP_ON_MQA_OFF_k4.log","server","B_FP_ON_MQA_OFF","4","n","200","1","1","1","1","769"
"A&B","C:\Users\407407\Desktop\vllm\github\MQA_FastPath\A&B\server_B_FP_ON_MQA_OFF_k4.log","server","B_FP_ON_MQA_OFF","4","num_scheduler_steps","1","1","1","1","1","46"
"A&B","C:\Users\407407\Desktop\vllm\github\MQA_FastPath\A&B\server_B_FP_ON_MQA_OFF_k4.log","server","B_FP_ON_MQA_OFF","4","pipeline_parallel_size","1","1","1","1","1","46"
"A&B","C:\Users\407407\Desktop\vllm\github\MQA_FastPath\A&B\server_B_FP_ON_MQA_OFF_k4.log","server","B_FP_ON_MQA_OFF","4","pos2","5","0","1","0.56128","0.7612","855"
"A&B","C:\Users\407407\Desktop\vllm\github\MQA_FastPath\A&B\server_B_FP_ON_MQA_OFF_k4.log","server","B_FP_ON_MQA_OFF","4","pos3","5","0","0.7612","0.1631","0.7612","855"
"A&B","C:\Users\407407\Desktop\vllm\github\MQA_FastPath\A&B\server_B_FP_ON_MQA_OFF_k4.log","server","B_FP_ON_MQA_OFF","4","pos4","5","0","0.7612","0.1631","0.7612","855"
"A&B","C:\Users\407407\Desktop\vllm\github\MQA_FastPath\A&B\server_B_FP_ON_MQA_OFF_k4.log","server","B_FP_ON_MQA_OFF","4","presence_penalty","200","0","0","0","0","769"
"A&B","C:\Users\407407\Desktop\vllm\github\MQA_FastPath\A&B\server_B_FP_ON_MQA_OFF_k4.log","server","B_FP_ON_MQA_OFF","4","q","5","1","166","69","67","855"
"A&B","C:\Users\407407\Desktop\vllm\github\MQA_FastPath\A&B\server_B_FP_ON_MQA_OFF_k4.log","server","B_FP_ON_MQA_OFF","4","repetition_penalty","200","1","1","1","1","769"
"A&B","C:\Users\407407\Desktop\vllm\github\MQA_FastPath\A&B\server_B_FP_ON_MQA_OFF_k4.log","server","B_FP_ON_MQA_OFF","4","sample_len","1","4","4","4","4","124"
"A&B","C:\Users\407407\Desktop\vllm\github\MQA_FastPath\A&B\server_B_FP_ON_MQA_OFF_k4.log","server","B_FP_ON_MQA_OFF","4","schedule","1","60","60","60","60","185"
"A&B","C:\Users\407407\Desktop\vllm\github\MQA_FastPath\A&B\server_B_FP_ON_MQA_OFF_k4.log","server","B_FP_ON_MQA_OFF","4","scoring_time_ms","28","53.13","139.83","95.849643","56.04","1008"
"A&B","C:\Users\407407\Desktop\vllm\github\MQA_FastPath\A&B\server_B_FP_ON_MQA_OFF_k4.log","server","B_FP_ON_MQA_OFF","4","switch_per_min","60","0.9046","3.7674","2.65324","2.1961","1016"
"A&B","C:\Users\407407\Desktop\vllm\github\MQA_FastPath\A&B\server_B_FP_ON_MQA_OFF_k4.log","server","B_FP_ON_MQA_OFF","4","target_tp","1","1","1","1","1","48"
"A&B","C:\Users\407407\Desktop\vllm\github\MQA_FastPath\A&B\server_B_FP_ON_MQA_OFF_k4.log","server","B_FP_ON_MQA_OFF","4","temperature","200","0","0","0","0","769"
"A&B","C:\Users\407407\Desktop\vllm\github\MQA_FastPath\A&B\server_B_FP_ON_MQA_OFF_k4.log","server","B_FP_ON_MQA_OFF","4","tensor_parallel_size","1","1","1","1","1","46"
"A&B","C:\Users\407407\Desktop\vllm\github\MQA_FastPath\A&B\server_B_FP_ON_MQA_OFF_k4.log","server","B_FP_ON_MQA_OFF","4","throughput_tps","60","0.211","225.788","165.11525","188.916","1015"
"A&B","C:\Users\407407\Desktop\vllm\github\MQA_FastPath\A&B\server_B_FP_ON_MQA_OFF_k4.log","server","B_FP_ON_MQA_OFF","4","top_k","200","0","0","0","0","769"
"A&B","C:\Users\407407\Desktop\vllm\github\MQA_FastPath\A&B\server_B_FP_ON_MQA_OFF_k4.log","server","B_FP_ON_MQA_OFF","4","top_p","200","1","1","1","1","769"
"A&B","C:\Users\407407\Desktop\vllm\github\MQA_FastPath\A&B\server_B_FP_ON_MQA_OFF_k4.log","server","B_FP_ON_MQA_OFF","4","verification_time_ms","28","3.21","17.59","8.31","3.56","1008"
"A&B","C:\Users\407407\Desktop\vllm\github\MQA_FastPath\A&B\server_B_FP_ON_MQA_OFF_k4.log","server","B_FP_ON_MQA_OFF","4","waste","5","0.1194","0.75","0.4339","0.1194","855"
"A&B","C:\Users\407407\Desktop\vllm\github\MQA_FastPath\A&B\server_B_FP_ON_MQA_OFF_k4.log","server","B_FP_ON_MQA_OFF","4","waste_ratio","57","0.1927","0.3","0.211089","0.2072","1014"
"A&B","C:\Users\407407\Desktop\vllm\github\MQA_FastPath\A&B\server_B_FP_ON_MQA_OFF_k8.log","server","B_FP_ON_MQA_OFF","8","accept","60","0.3684","0.7861","0.746538","0.786","1016"
"A&B","C:\Users\407407\Desktop\vllm\github\MQA_FastPath\A&B\server_B_FP_ON_MQA_OFF_k8.log","server","B_FP_ON_MQA_OFF","8","accept_no_hs","60","0.3684","0.7861","0.746538","0.786","1016"
"A&B","C:\Users\407407\Desktop\vllm\github\MQA_FastPath\A&B\server_B_FP_ON_MQA_OFF_k8.log","server","B_FP_ON_MQA_OFF","8","accept_with_hs","60","0","0","0","0","1016"
"A&B","C:\Users\407407\Desktop\vllm\github\MQA_FastPath\A&B\server_B_FP_ON_MQA_OFF_k8.log","server","B_FP_ON_MQA_OFF","8","average_time_per_proposal_tok_ms","27","34.58","74.18","51.940741","60.55","1006"
"A&B","C:\Users\407407\Desktop\vllm\github\MQA_FastPath\A&B\server_B_FP_ON_MQA_OFF_k8.log","server","B_FP_ON_MQA_OFF","8","avg_execute_total_ms","13","61.32","82.51","66.621538","66.96","1005"
"A&B","C:\Users\407407\Desktop\vllm\github\MQA_FastPath\A&B\server_B_FP_ON_MQA_OFF_k8.log","server","B_FP_ON_MQA_OFF","8","avg_forward_ms","13","55.25","64.05","59.745385","62.78","1005"
"A&B","C:\Users\407407\Desktop\vllm\github\MQA_FastPath\A&B\server_B_FP_ON_MQA_OFF_k8.log","server","B_FP_ON_MQA_OFF","8","avg_logits_ms","13","1.16","9.25","2.61","1.16","1005"
"A&B","C:\Users\407407\Desktop\vllm\github\MQA_FastPath\A&B\server_B_FP_ON_MQA_OFF_k8.log","server","B_FP_ON_MQA_OFF","8","avg_sampler_ms","13","2.96","9.16","4.205385","2.96","1005"
"A&B","C:\Users\407407\Desktop\vllm\github\MQA_FastPath\A&B\server_B_FP_ON_MQA_OFF_k8.log","server","B_FP_ON_MQA_OFF","8","count","13","50","650","350","650","1005"
"A&B","C:\Users\407407\Desktop\vllm\github\MQA_FastPath\A&B\server_B_FP_ON_MQA_OFF_k8.log","server","B_FP_ON_MQA_OFF","8","draft_tp","1","1","1","1","1","48"
"A&B","C:\Users\407407\Desktop\vllm\github\MQA_FastPath\A&B\server_B_FP_ON_MQA_OFF_k8.log","server","B_FP_ON_MQA_OFF","8","fail_adapter","1","0","0","0","0","125"
"A&B","C:\Users\407407\Desktop\vllm\github\MQA_FastPath\A&B\server_B_FP_ON_MQA_OFF_k8.log","server","B_FP_ON_MQA_OFF","8","fail_backend","1","0","0","0","0","125"
"A&B","C:\Users\407407\Desktop\vllm\github\MQA_FastPath\A&B\server_B_FP_ON_MQA_OFF_k8.log","server","B_FP_ON_MQA_OFF","8","fail_disabled","1","0","0","0","0","125"
"A&B","C:\Users\407407\Desktop\vllm\github\MQA_FastPath\A&B\server_B_FP_ON_MQA_OFF_k8.log","server","B_FP_ON_MQA_OFF","8","fail_lora","1","0","0","0","0","125"
"A&B","C:\Users\407407\Desktop\vllm\github\MQA_FastPath\A&B\server_B_FP_ON_MQA_OFF_k8.log","server","B_FP_ON_MQA_OFF","8","fail_prompt","1","0","0","0","0","125"
"A&B","C:\Users\407407\Desktop\vllm\github\MQA_FastPath\A&B\server_B_FP_ON_MQA_OFF_k8.log","server","B_FP_ON_MQA_OFF","8","frequency_penalty","200","0","0","0","0","770"
"A&B","C:\Users\407407\Desktop\vllm\github\MQA_FastPath\A&B\server_B_FP_ON_MQA_OFF_k8.log","server","B_FP_ON_MQA_OFF","8","high_k_occ","60","0.0117","0.7","0.054597","0.0117","1017"
"A&B","C:\Users\407407\Desktop\vllm\github\MQA_FastPath\A&B\server_B_FP_ON_MQA_OFF_k8.log","server","B_FP_ON_MQA_OFF","8","hs_ratio","60","0","0","0","0","1016"
"A&B","C:\Users\407407\Desktop\vllm\github\MQA_FastPath\A&B\server_B_FP_ON_MQA_OFF_k8.log","server","B_FP_ON_MQA_OFF","8","iter_p95","60","185.089","294.944","264.505583","271.227","1016"
"A&B","C:\Users\407407\Desktop\vllm\github\MQA_FastPath\A&B\server_B_FP_ON_MQA_OFF_k8.log","server","B_FP_ON_MQA_OFF","8","k","56","2","2","2","2","1015"
"A&B","C:\Users\407407\Desktop\vllm\github\MQA_FastPath\A&B\server_B_FP_ON_MQA_OFF_k8.log","server","B_FP_ON_MQA_OFF","8","max_seq_len","1","8192","8192","8192","8192","46"
"A&B","C:\Users\407407\Desktop\vllm\github\MQA_FastPath\A&B\server_B_FP_ON_MQA_OFF_k8.log","server","B_FP_ON_MQA_OFF","8","max_tokens","201","4","781","222.965174","593","770"
"A&B","C:\Users\407407\Desktop\vllm\github\MQA_FastPath\A&B\server_B_FP_ON_MQA_OFF_k8.log","server","B_FP_ON_MQA_OFF","8","min_p","200","0","0","0","0","770"
"A&B","C:\Users\407407\Desktop\vllm\github\MQA_FastPath\A&B\server_B_FP_ON_MQA_OFF_k8.log","server","B_FP_ON_MQA_OFF","8","min_tokens","201","0","0","0","0","770"
"A&B","C:\Users\407407\Desktop\vllm\github\MQA_FastPath\A&B\server_B_FP_ON_MQA_OFF_k8.log","server","B_FP_ON_MQA_OFF","8","ms_hit","1","1","1","1","1","125"
"A&B","C:\Users\407407\Desktop\vllm\github\MQA_FastPath\A&B\server_B_FP_ON_MQA_OFF_k8.log","server","B_FP_ON_MQA_OFF","8","ms_total","1","1","1","1","1","125"
"A&B","C:\Users\407407\Desktop\vllm\github\MQA_FastPath\A&B\server_B_FP_ON_MQA_OFF_k8.log","server","B_FP_ON_MQA_OFF","8","n","200","1","1","1","1","770"
"A&B","C:\Users\407407\Desktop\vllm\github\MQA_FastPath\A&B\server_B_FP_ON_MQA_OFF_k8.log","server","B_FP_ON_MQA_OFF","8","num_scheduler_steps","1","1","1","1","1","46"
"A&B","C:\Users\407407\Desktop\vllm\github\MQA_FastPath\A&B\server_B_FP_ON_MQA_OFF_k8.log","server","B_FP_ON_MQA_OFF","8","pipeline_parallel_size","1","1","1","1","1","46"
"A&B","C:\Users\407407\Desktop\vllm\github\MQA_FastPath\A&B\server_B_FP_ON_MQA_OFF_k8.log","server","B_FP_ON_MQA_OFF","8","pos2","7","0","1","0.5552","0.6562","862"
"A&B","C:\Users\407407\Desktop\vllm\github\MQA_FastPath\A&B\server_B_FP_ON_MQA_OFF_k8.log","server","B_FP_ON_MQA_OFF","8","pos3","7","0","0.1562","0.054257","0.1562","862"
"A&B","C:\Users\407407\Desktop\vllm\github\MQA_FastPath\A&B\server_B_FP_ON_MQA_OFF_k8.log","server","B_FP_ON_MQA_OFF","8","pos4","7","0","0.1562","0.054257","0.1562","862"
"A&B","C:\Users\407407\Desktop\vllm\github\MQA_FastPath\A&B\server_B_FP_ON_MQA_OFF_k8.log","server","B_FP_ON_MQA_OFF","8","presence_penalty","200","0","0","0","0","770"
"A&B","C:\Users\407407\Desktop\vllm\github\MQA_FastPath\A&B\server_B_FP_ON_MQA_OFF_k8.log","server","B_FP_ON_MQA_OFF","8","q","7","1","180","79","64","862"
"A&B","C:\Users\407407\Desktop\vllm\github\MQA_FastPath\A&B\server_B_FP_ON_MQA_OFF_k8.log","server","B_FP_ON_MQA_OFF","8","repetition_penalty","200","1","1","1","1","770"
"A&B","C:\Users\407407\Desktop\vllm\github\MQA_FastPath\A&B\server_B_FP_ON_MQA_OFF_k8.log","server","B_FP_ON_MQA_OFF","8","sample_len","1","4","4","4","4","124"
"A&B","C:\Users\407407\Desktop\vllm\github\MQA_FastPath\A&B\server_B_FP_ON_MQA_OFF_k8.log","server","B_FP_ON_MQA_OFF","8","schedule","1","60","60","60","60","185"
"A&B","C:\Users\407407\Desktop\vllm\github\MQA_FastPath\A&B\server_B_FP_ON_MQA_OFF_k8.log","server","B_FP_ON_MQA_OFF","8","scoring_time_ms","27","48.84","130.31","91.142593","51.63","1006"
"A&B","C:\Users\407407\Desktop\vllm\github\MQA_FastPath\A&B\server_B_FP_ON_MQA_OFF_k8.log","server","B_FP_ON_MQA_OFF","8","switch_per_min","60","0.9237","6.1667","4.06391","3.4271","1017"
"A&B","C:\Users\407407\Desktop\vllm\github\MQA_FastPath\A&B\server_B_FP_ON_MQA_OFF_k8.log","server","B_FP_ON_MQA_OFF","8","target_tp","1","1","1","1","1","48"
"A&B","C:\Users\407407\Desktop\vllm\github\MQA_FastPath\A&B\server_B_FP_ON_MQA_OFF_k8.log","server","B_FP_ON_MQA_OFF","8","temperature","200","0","0","0","0","770"
"A&B","C:\Users\407407\Desktop\vllm\github\MQA_FastPath\A&B\server_B_FP_ON_MQA_OFF_k8.log","server","B_FP_ON_MQA_OFF","8","tensor_parallel_size","1","1","1","1","1","46"
"A&B","C:\Users\407407\Desktop\vllm\github\MQA_FastPath\A&B\server_B_FP_ON_MQA_OFF_k8.log","server","B_FP_ON_MQA_OFF","8","throughput_tps","60","0.216","233.293","169.643717","197.632","1016"
"A&B","C:\Users\407407\Desktop\vllm\github\MQA_FastPath\A&B\server_B_FP_ON_MQA_OFF_k8.log","server","B_FP_ON_MQA_OFF","8","top_k","200","0","0","0","0","770"
"A&B","C:\Users\407407\Desktop\vllm\github\MQA_FastPath\A&B\server_B_FP_ON_MQA_OFF_k8.log","server","B_FP_ON_MQA_OFF","8","top_p","200","1","1","1","1","770"
"A&B","C:\Users\407407\Desktop\vllm\github\MQA_FastPath\A&B\server_B_FP_ON_MQA_OFF_k8.log","server","B_FP_ON_MQA_OFF","8","verification_time_ms","27","2.99","17.69","8.021111","4.48","1006"
"A&B","C:\Users\407407\Desktop\vllm\github\MQA_FastPath\A&B\server_B_FP_ON_MQA_OFF_k8.log","server","B_FP_ON_MQA_OFF","8","waste","7","0.3333","0.75","0.475414","0.3958","862"
"A&B","C:\Users\407407\Desktop\vllm\github\MQA_FastPath\A&B\server_B_FP_ON_MQA_OFF_k8.log","server","B_FP_ON_MQA_OFF","8","waste_ratio","56","0.1773","0.3","0.210039","0.2021","1015"
"C&D","C:\Users\407407\Desktop\vllm\github\MQA_FastPath\C&D\bench_C_FP_OFF_MQA_ON_k2.log","bench","C_FP_OFF_MQA_ON","2","burstiness","1","1","1","1","1","20"
"C&D","C:\Users\407407\Desktop\vllm\github\MQA_FastPath\C&D\bench_C_FP_OFF_MQA_ON_k2.log","bench","C_FP_OFF_MQA_ON","2","num_prompts","1","200","200","200","200","20"
"C&D","C:\Users\407407\Desktop\vllm\github\MQA_FastPath\C&D\bench_C_FP_OFF_MQA_ON_k2.log","bench","C_FP_OFF_MQA_ON","2","port","1","8000","8000","8000","8000","20"
"C&D","C:\Users\407407\Desktop\vllm\github\MQA_FastPath\C&D\bench_C_FP_OFF_MQA_ON_k2.log","bench","C_FP_OFF_MQA_ON","2","random_input_len","1","1024","1024","1024","1024","20"
"C&D","C:\Users\407407\Desktop\vllm\github\MQA_FastPath\C&D\bench_C_FP_OFF_MQA_ON_k2.log","bench","C_FP_OFF_MQA_ON","2","random_output_len","1","128","128","128","128","20"
"C&D","C:\Users\407407\Desktop\vllm\github\MQA_FastPath\C&D\bench_C_FP_OFF_MQA_ON_k2.log","bench","C_FP_OFF_MQA_ON","2","random_prefix_len","1","0","0","0","0","20"
"C&D","C:\Users\407407\Desktop\vllm\github\MQA_FastPath\C&D\bench_C_FP_OFF_MQA_ON_k2.log","bench","C_FP_OFF_MQA_ON","2","random_range_ratio","1","0","0","0","0","20"
"C&D","C:\Users\407407\Desktop\vllm\github\MQA_FastPath\C&D\bench_C_FP_OFF_MQA_ON_k2.log","bench","C_FP_OFF_MQA_ON","2","request_rate","1","16","16","16","16","20"
"C&D","C:\Users\407407\Desktop\vllm\github\MQA_FastPath\C&D\bench_C_FP_OFF_MQA_ON_k2.log","bench","C_FP_OFF_MQA_ON","2","seed","1","0","0","0","0","20"
"C&D","C:\Users\407407\Desktop\vllm\github\MQA_FastPath\C&D\bench_C_FP_OFF_MQA_ON_k2.log","bench","C_FP_OFF_MQA_ON","2","sonnet_input_len","1","550","550","550","550","20"
"C&D","C:\Users\407407\Desktop\vllm\github\MQA_FastPath\C&D\bench_C_FP_OFF_MQA_ON_k2.log","bench","C_FP_OFF_MQA_ON","2","sonnet_output_len","1","150","150","150","150","20"
"C&D","C:\Users\407407\Desktop\vllm\github\MQA_FastPath\C&D\bench_C_FP_OFF_MQA_ON_k2.log","bench","C_FP_OFF_MQA_ON","2","sonnet_prefix_len","1","200","200","200","200","20"
"C&D","C:\Users\407407\Desktop\vllm\github\MQA_FastPath\C&D\bench_C_FP_OFF_MQA_ON_k4.log","bench","C_FP_OFF_MQA_ON","4","burstiness","1","1","1","1","1","20"
"C&D","C:\Users\407407\Desktop\vllm\github\MQA_FastPath\C&D\bench_C_FP_OFF_MQA_ON_k4.log","bench","C_FP_OFF_MQA_ON","4","num_prompts","1","200","200","200","200","20"
"C&D","C:\Users\407407\Desktop\vllm\github\MQA_FastPath\C&D\bench_C_FP_OFF_MQA_ON_k4.log","bench","C_FP_OFF_MQA_ON","4","port","1","8000","8000","8000","8000","20"
"C&D","C:\Users\407407\Desktop\vllm\github\MQA_FastPath\C&D\bench_C_FP_OFF_MQA_ON_k4.log","bench","C_FP_OFF_MQA_ON","4","random_input_len","1","1024","1024","1024","1024","20"
"C&D","C:\Users\407407\Desktop\vllm\github\MQA_FastPath\C&D\bench_C_FP_OFF_MQA_ON_k4.log","bench","C_FP_OFF_MQA_ON","4","random_output_len","1","128","128","128","128","20"
"C&D","C:\Users\407407\Desktop\vllm\github\MQA_FastPath\C&D\bench_C_FP_OFF_MQA_ON_k4.log","bench","C_FP_OFF_MQA_ON","4","random_prefix_len","1","0","0","0","0","20"
"C&D","C:\Users\407407\Desktop\vllm\github\MQA_FastPath\C&D\bench_C_FP_OFF_MQA_ON_k4.log","bench","C_FP_OFF_MQA_ON","4","random_range_ratio","1","0","0","0","0","20"
"C&D","C:\Users\407407\Desktop\vllm\github\MQA_FastPath\C&D\bench_C_FP_OFF_MQA_ON_k4.log","bench","C_FP_OFF_MQA_ON","4","request_rate","1","16","16","16","16","20"
"C&D","C:\Users\407407\Desktop\vllm\github\MQA_FastPath\C&D\bench_C_FP_OFF_MQA_ON_k4.log","bench","C_FP_OFF_MQA_ON","4","seed","1","0","0","0","0","20"
"C&D","C:\Users\407407\Desktop\vllm\github\MQA_FastPath\C&D\bench_C_FP_OFF_MQA_ON_k4.log","bench","C_FP_OFF_MQA_ON","4","sonnet_input_len","1","550","550","550","550","20"
"C&D","C:\Users\407407\Desktop\vllm\github\MQA_FastPath\C&D\bench_C_FP_OFF_MQA_ON_k4.log","bench","C_FP_OFF_MQA_ON","4","sonnet_output_len","1","150","150","150","150","20"
"C&D","C:\Users\407407\Desktop\vllm\github\MQA_FastPath\C&D\bench_C_FP_OFF_MQA_ON_k4.log","bench","C_FP_OFF_MQA_ON","4","sonnet_prefix_len","1","200","200","200","200","20"
"C&D","C:\Users\407407\Desktop\vllm\github\MQA_FastPath\C&D\bench_C_FP_OFF_MQA_ON_k8.log","bench","C_FP_OFF_MQA_ON","8","burstiness","1","1","1","1","1","20"
"C&D","C:\Users\407407\Desktop\vllm\github\MQA_FastPath\C&D\bench_C_FP_OFF_MQA_ON_k8.log","bench","C_FP_OFF_MQA_ON","8","num_prompts","1","200","200","200","200","20"
"C&D","C:\Users\407407\Desktop\vllm\github\MQA_FastPath\C&D\bench_C_FP_OFF_MQA_ON_k8.log","bench","C_FP_OFF_MQA_ON","8","port","1","8000","8000","8000","8000","20"
"C&D","C:\Users\407407\Desktop\vllm\github\MQA_FastPath\C&D\bench_C_FP_OFF_MQA_ON_k8.log","bench","C_FP_OFF_MQA_ON","8","random_input_len","1","1024","1024","1024","1024","20"
"C&D","C:\Users\407407\Desktop\vllm\github\MQA_FastPath\C&D\bench_C_FP_OFF_MQA_ON_k8.log","bench","C_FP_OFF_MQA_ON","8","random_output_len","1","128","128","128","128","20"
"C&D","C:\Users\407407\Desktop\vllm\github\MQA_FastPath\C&D\bench_C_FP_OFF_MQA_ON_k8.log","bench","C_FP_OFF_MQA_ON","8","random_prefix_len","1","0","0","0","0","20"
"C&D","C:\Users\407407\Desktop\vllm\github\MQA_FastPath\C&D\bench_C_FP_OFF_MQA_ON_k8.log","bench","C_FP_OFF_MQA_ON","8","random_range_ratio","1","0","0","0","0","20"
"C&D","C:\Users\407407\Desktop\vllm\github\MQA_FastPath\C&D\bench_C_FP_OFF_MQA_ON_k8.log","bench","C_FP_OFF_MQA_ON","8","request_rate","1","16","16","16","16","20"
"C&D","C:\Users\407407\Desktop\vllm\github\MQA_FastPath\C&D\bench_C_FP_OFF_MQA_ON_k8.log","bench","C_FP_OFF_MQA_ON","8","seed","1","0","0","0","0","20"
"C&D","C:\Users\407407\Desktop\vllm\github\MQA_FastPath\C&D\bench_C_FP_OFF_MQA_ON_k8.log","bench","C_FP_OFF_MQA_ON","8","sonnet_input_len","1","550","550","550","550","20"
"C&D","C:\Users\407407\Desktop\vllm\github\MQA_FastPath\C&D\bench_C_FP_OFF_MQA_ON_k8.log","bench","C_FP_OFF_MQA_ON","8","sonnet_output_len","1","150","150","150","150","20"
"C&D","C:\Users\407407\Desktop\vllm\github\MQA_FastPath\C&D\bench_C_FP_OFF_MQA_ON_k8.log","bench","C_FP_OFF_MQA_ON","8","sonnet_prefix_len","1","200","200","200","200","20"
"C&D","C:\Users\407407\Desktop\vllm\github\MQA_FastPath\C&D\bench_D_FP_OFF_MQA_OFF_k2.log","bench","D_FP_OFF_MQA_OFF","2","burstiness","1","1","1","1","1","20"
"C&D","C:\Users\407407\Desktop\vllm\github\MQA_FastPath\C&D\bench_D_FP_OFF_MQA_OFF_k2.log","bench","D_FP_OFF_MQA_OFF","2","num_prompts","1","200","200","200","200","20"
"C&D","C:\Users\407407\Desktop\vllm\github\MQA_FastPath\C&D\bench_D_FP_OFF_MQA_OFF_k2.log","bench","D_FP_OFF_MQA_OFF","2","port","1","8000","8000","8000","8000","20"
"C&D","C:\Users\407407\Desktop\vllm\github\MQA_FastPath\C&D\bench_D_FP_OFF_MQA_OFF_k2.log","bench","D_FP_OFF_MQA_OFF","2","random_input_len","1","1024","1024","1024","1024","20"
"C&D","C:\Users\407407\Desktop\vllm\github\MQA_FastPath\C&D\bench_D_FP_OFF_MQA_OFF_k2.log","bench","D_FP_OFF_MQA_OFF","2","random_output_len","1","128","128","128","128","20"
"C&D","C:\Users\407407\Desktop\vllm\github\MQA_FastPath\C&D\bench_D_FP_OFF_MQA_OFF_k2.log","bench","D_FP_OFF_MQA_OFF","2","random_prefix_len","1","0","0","0","0","20"
"C&D","C:\Users\407407\Desktop\vllm\github\MQA_FastPath\C&D\bench_D_FP_OFF_MQA_OFF_k2.log","bench","D_FP_OFF_MQA_OFF","2","random_range_ratio","1","0","0","0","0","20"
"C&D","C:\Users\407407\Desktop\vllm\github\MQA_FastPath\C&D\bench_D_FP_OFF_MQA_OFF_k2.log","bench","D_FP_OFF_MQA_OFF","2","request_rate","1","16","16","16","16","20"
"C&D","C:\Users\407407\Desktop\vllm\github\MQA_FastPath\C&D\bench_D_FP_OFF_MQA_OFF_k2.log","bench","D_FP_OFF_MQA_OFF","2","seed","1","0","0","0","0","20"
"C&D","C:\Users\407407\Desktop\vllm\github\MQA_FastPath\C&D\bench_D_FP_OFF_MQA_OFF_k2.log","bench","D_FP_OFF_MQA_OFF","2","sonnet_input_len","1","550","550","550","550","20"
"C&D","C:\Users\407407\Desktop\vllm\github\MQA_FastPath\C&D\bench_D_FP_OFF_MQA_OFF_k2.log","bench","D_FP_OFF_MQA_OFF","2","sonnet_output_len","1","150","150","150","150","20"
"C&D","C:\Users\407407\Desktop\vllm\github\MQA_FastPath\C&D\bench_D_FP_OFF_MQA_OFF_k2.log","bench","D_FP_OFF_MQA_OFF","2","sonnet_prefix_len","1","200","200","200","200","20"
"C&D","C:\Users\407407\Desktop\vllm\github\MQA_FastPath\C&D\bench_D_FP_OFF_MQA_OFF_k4.log","bench","D_FP_OFF_MQA_OFF","4","burstiness","1","1","1","1","1","20"
"C&D","C:\Users\407407\Desktop\vllm\github\MQA_FastPath\C&D\bench_D_FP_OFF_MQA_OFF_k4.log","bench","D_FP_OFF_MQA_OFF","4","num_prompts","1","200","200","200","200","20"
"C&D","C:\Users\407407\Desktop\vllm\github\MQA_FastPath\C&D\bench_D_FP_OFF_MQA_OFF_k4.log","bench","D_FP_OFF_MQA_OFF","4","port","1","8000","8000","8000","8000","20"
"C&D","C:\Users\407407\Desktop\vllm\github\MQA_FastPath\C&D\bench_D_FP_OFF_MQA_OFF_k4.log","bench","D_FP_OFF_MQA_OFF","4","random_input_len","1","1024","1024","1024","1024","20"
"C&D","C:\Users\407407\Desktop\vllm\github\MQA_FastPath\C&D\bench_D_FP_OFF_MQA_OFF_k4.log","bench","D_FP_OFF_MQA_OFF","4","random_output_len","1","128","128","128","128","20"
"C&D","C:\Users\407407\Desktop\vllm\github\MQA_FastPath\C&D\bench_D_FP_OFF_MQA_OFF_k4.log","bench","D_FP_OFF_MQA_OFF","4","random_prefix_len","1","0","0","0","0","20"
"C&D","C:\Users\407407\Desktop\vllm\github\MQA_FastPath\C&D\bench_D_FP_OFF_MQA_OFF_k4.log","bench","D_FP_OFF_MQA_OFF","4","random_range_ratio","1","0","0","0","0","20"
"C&D","C:\Users\407407\Desktop\vllm\github\MQA_FastPath\C&D\bench_D_FP_OFF_MQA_OFF_k4.log","bench","D_FP_OFF_MQA_OFF","4","request_rate","1","16","16","16","16","20"
"C&D","C:\Users\407407\Desktop\vllm\github\MQA_FastPath\C&D\bench_D_FP_OFF_MQA_OFF_k4.log","bench","D_FP_OFF_MQA_OFF","4","seed","1","0","0","0","0","20"
"C&D","C:\Users\407407\Desktop\vllm\github\MQA_FastPath\C&D\bench_D_FP_OFF_MQA_OFF_k4.log","bench","D_FP_OFF_MQA_OFF","4","sonnet_input_len","1","550","550","550","550","20"
"C&D","C:\Users\407407\Desktop\vllm\github\MQA_FastPath\C&D\bench_D_FP_OFF_MQA_OFF_k4.log","bench","D_FP_OFF_MQA_OFF","4","sonnet_output_len","1","150","150","150","150","20"
"C&D","C:\Users\407407\Desktop\vllm\github\MQA_FastPath\C&D\bench_D_FP_OFF_MQA_OFF_k4.log","bench","D_FP_OFF_MQA_OFF","4","sonnet_prefix_len","1","200","200","200","200","20"
"C&D","C:\Users\407407\Desktop\vllm\github\MQA_FastPath\C&D\bench_D_FP_OFF_MQA_OFF_k8.log","bench","D_FP_OFF_MQA_OFF","8","burstiness","1","1","1","1","1","20"
"C&D","C:\Users\407407\Desktop\vllm\github\MQA_FastPath\C&D\bench_D_FP_OFF_MQA_OFF_k8.log","bench","D_FP_OFF_MQA_OFF","8","num_prompts","1","200","200","200","200","20"
"C&D","C:\Users\407407\Desktop\vllm\github\MQA_FastPath\C&D\bench_D_FP_OFF_MQA_OFF_k8.log","bench","D_FP_OFF_MQA_OFF","8","port","1","8000","8000","8000","8000","20"
"C&D","C:\Users\407407\Desktop\vllm\github\MQA_FastPath\C&D\bench_D_FP_OFF_MQA_OFF_k8.log","bench","D_FP_OFF_MQA_OFF","8","random_input_len","1","1024","1024","1024","1024","20"
"C&D","C:\Users\407407\Desktop\vllm\github\MQA_FastPath\C&D\bench_D_FP_OFF_MQA_OFF_k8.log","bench","D_FP_OFF_MQA_OFF","8","random_output_len","1","128","128","128","128","20"
"C&D","C:\Users\407407\Desktop\vllm\github\MQA_FastPath\C&D\bench_D_FP_OFF_MQA_OFF_k8.log","bench","D_FP_OFF_MQA_OFF","8","random_prefix_len","1","0","0","0","0","20"
"C&D","C:\Users\407407\Desktop\vllm\github\MQA_FastPath\C&D\bench_D_FP_OFF_MQA_OFF_k8.log","bench","D_FP_OFF_MQA_OFF","8","random_range_ratio","1","0","0","0","0","20"
"C&D","C:\Users\407407\Desktop\vllm\github\MQA_FastPath\C&D\bench_D_FP_OFF_MQA_OFF_k8.log","bench","D_FP_OFF_MQA_OFF","8","request_rate","1","16","16","16","16","20"
"C&D","C:\Users\407407\Desktop\vllm\github\MQA_FastPath\C&D\bench_D_FP_OFF_MQA_OFF_k8.log","bench","D_FP_OFF_MQA_OFF","8","seed","1","0","0","0","0","20"
"C&D","C:\Users\407407\Desktop\vllm\github\MQA_FastPath\C&D\bench_D_FP_OFF_MQA_OFF_k8.log","bench","D_FP_OFF_MQA_OFF","8","sonnet_input_len","1","550","550","550","550","20"
"C&D","C:\Users\407407\Desktop\vllm\github\MQA_FastPath\C&D\bench_D_FP_OFF_MQA_OFF_k8.log","bench","D_FP_OFF_MQA_OFF","8","sonnet_output_len","1","150","150","150","150","20"
"C&D","C:\Users\407407\Desktop\vllm\github\MQA_FastPath\C&D\bench_D_FP_OFF_MQA_OFF_k8.log","bench","D_FP_OFF_MQA_OFF","8","sonnet_prefix_len","1","200","200","200","200","20"
"C&D","C:\Users\407407\Desktop\vllm\github\MQA_FastPath\C&D\key_C_FP_OFF_MQA_ON_k2.log","key","C_FP_OFF_MQA_ON","2","accept","40","0.5362","0.827","0.754722","0.8268","133"
"C&D","C:\Users\407407\Desktop\vllm\github\MQA_FastPath\C&D\key_C_FP_OFF_MQA_ON_k2.log","key","C_FP_OFF_MQA_ON","2","accept_no_hs","40","0.5362","0.827","0.754722","0.8268","133"
"C&D","C:\Users\407407\Desktop\vllm\github\MQA_FastPath\C&D\key_C_FP_OFF_MQA_ON_k2.log","key","C_FP_OFF_MQA_ON","2","accept_with_hs","40","0","0","0","0","133"
"C&D","C:\Users\407407\Desktop\vllm\github\MQA_FastPath\C&D\key_C_FP_OFF_MQA_ON_k2.log","key","C_FP_OFF_MQA_ON","2","average_time_per_proposal_tok_ms","20","38.96","90.46","69.532","68.99","135"
"C&D","C:\Users\407407\Desktop\vllm\github\MQA_FastPath\C&D\key_C_FP_OFF_MQA_ON_k2.log","key","C_FP_OFF_MQA_ON","2","avg_execute_total_ms","9","62.91","87.39","68.608889","67.64","124"
"C&D","C:\Users\407407\Desktop\vllm\github\MQA_FastPath\C&D\key_C_FP_OFF_MQA_ON_k2.log","key","C_FP_OFF_MQA_ON","2","avg_forward_ms","9","57.65","68.99","61.172222","63.36","124"
"C&D","C:\Users\407407\Desktop\vllm\github\MQA_FastPath\C&D\key_C_FP_OFF_MQA_ON_k2.log","key","C_FP_OFF_MQA_ON","2","avg_logits_ms","9","1.21","7.62","2.651111","1.21","124"
"C&D","C:\Users\407407\Desktop\vllm\github\MQA_FastPath\C&D\key_C_FP_OFF_MQA_ON_k2.log","key","C_FP_OFF_MQA_ON","2","avg_sampler_ms","9","3.02","10.74","4.743333","3.02","124"
"C&D","C:\Users\407407\Desktop\vllm\github\MQA_FastPath\C&D\key_C_FP_OFF_MQA_ON_k2.log","key","C_FP_OFF_MQA_ON","2","count","9","50","450","250","450","124"
"C&D","C:\Users\407407\Desktop\vllm\github\MQA_FastPath\C&D\key_C_FP_OFF_MQA_ON_k2.log","key","C_FP_OFF_MQA_ON","2","draft_tp","1","1","1","1","1","1"
"C&D","C:\Users\407407\Desktop\vllm\github\MQA_FastPath\C&D\key_C_FP_OFF_MQA_ON_k2.log","key","C_FP_OFF_MQA_ON","2","fail_adapter","1","0","0","0","0","5"
"C&D","C:\Users\407407\Desktop\vllm\github\MQA_FastPath\C&D\key_C_FP_OFF_MQA_ON_k2.log","key","C_FP_OFF_MQA_ON","2","fail_backend","1","1","1","1","1","5"
"C&D","C:\Users\407407\Desktop\vllm\github\MQA_FastPath\C&D\key_C_FP_OFF_MQA_ON_k2.log","key","C_FP_OFF_MQA_ON","2","fail_disabled","1","0","0","0","0","5"
"C&D","C:\Users\407407\Desktop\vllm\github\MQA_FastPath\C&D\key_C_FP_OFF_MQA_ON_k2.log","key","C_FP_OFF_MQA_ON","2","fail_lora","1","0","0","0","0","5"
"C&D","C:\Users\407407\Desktop\vllm\github\MQA_FastPath\C&D\key_C_FP_OFF_MQA_ON_k2.log","key","C_FP_OFF_MQA_ON","2","fail_prompt","1","0","0","0","0","5"
"C&D","C:\Users\407407\Desktop\vllm\github\MQA_FastPath\C&D\key_C_FP_OFF_MQA_ON_k2.log","key","C_FP_OFF_MQA_ON","2","frequency_penalty","1","0","0","0","0","29"
"C&D","C:\Users\407407\Desktop\vllm\github\MQA_FastPath\C&D\key_C_FP_OFF_MQA_ON_k2.log","key","C_FP_OFF_MQA_ON","2","hs_ratio","40","0","0","0","0","133"
"C&D","C:\Users\407407\Desktop\vllm\github\MQA_FastPath\C&D\key_C_FP_OFF_MQA_ON_k2.log","key","C_FP_OFF_MQA_ON","2","iter_p95","40","145.748","283.729","248.4098","279.785","133"
"C&D","C:\Users\407407\Desktop\vllm\github\MQA_FastPath\C&D\key_C_FP_OFF_MQA_ON_k2.log","key","C_FP_OFF_MQA_ON","2","k","40","2","2","2","2","134"
"C&D","C:\Users\407407\Desktop\vllm\github\MQA_FastPath\C&D\key_C_FP_OFF_MQA_ON_k2.log","key","C_FP_OFF_MQA_ON","2","max_tokens","1","340","340","340","340","29"
"C&D","C:\Users\407407\Desktop\vllm\github\MQA_FastPath\C&D\key_C_FP_OFF_MQA_ON_k2.log","key","C_FP_OFF_MQA_ON","2","min_p","1","0","0","0","0","29"
"C&D","C:\Users\407407\Desktop\vllm\github\MQA_FastPath\C&D\key_C_FP_OFF_MQA_ON_k2.log","key","C_FP_OFF_MQA_ON","2","min_tokens","1","0","0","0","0","29"
"C&D","C:\Users\407407\Desktop\vllm\github\MQA_FastPath\C&D\key_C_FP_OFF_MQA_ON_k2.log","key","C_FP_OFF_MQA_ON","2","ms_hit","1","0","0","0","0","5"
"C&D","C:\Users\407407\Desktop\vllm\github\MQA_FastPath\C&D\key_C_FP_OFF_MQA_ON_k2.log","key","C_FP_OFF_MQA_ON","2","ms_total","1","1","1","1","1","5"
"C&D","C:\Users\407407\Desktop\vllm\github\MQA_FastPath\C&D\key_C_FP_OFF_MQA_ON_k2.log","key","C_FP_OFF_MQA_ON","2","n","1","1","1","1","1","29"
"C&D","C:\Users\407407\Desktop\vllm\github\MQA_FastPath\C&D\key_C_FP_OFF_MQA_ON_k2.log","key","C_FP_OFF_MQA_ON","2","presence_penalty","1","0","0","0","0","29"
"C&D","C:\Users\407407\Desktop\vllm\github\MQA_FastPath\C&D\key_C_FP_OFF_MQA_ON_k2.log","key","C_FP_OFF_MQA_ON","2","repetition_penalty","1","1","1","1","1","29"
"C&D","C:\Users\407407\Desktop\vllm\github\MQA_FastPath\C&D\key_C_FP_OFF_MQA_ON_k2.log","key","C_FP_OFF_MQA_ON","2","sample_len","1","2","2","2","2","4"
"C&D","C:\Users\407407\Desktop\vllm\github\MQA_FastPath\C&D\key_C_FP_OFF_MQA_ON_k2.log","key","C_FP_OFF_MQA_ON","2","scoring_time_ms","20","53.75","100.56","73.64","54.69","135"
"C&D","C:\Users\407407\Desktop\vllm\github\MQA_FastPath\C&D\key_C_FP_OFF_MQA_ON_k2.log","key","C_FP_OFF_MQA_ON","2","target_tp","1","1","1","1","1","1"
"C&D","C:\Users\407407\Desktop\vllm\github\MQA_FastPath\C&D\key_C_FP_OFF_MQA_ON_k2.log","key","C_FP_OFF_MQA_ON","2","temperature","1","0","0","0","0","29"
"C&D","C:\Users\407407\Desktop\vllm\github\MQA_FastPath\C&D\key_C_FP_OFF_MQA_ON_k2.log","key","C_FP_OFF_MQA_ON","2","throughput_tps","40","0.311","243.608","160.2124","217.773","133"
"C&D","C:\Users\407407\Desktop\vllm\github\MQA_FastPath\C&D\key_C_FP_OFF_MQA_ON_k2.log","key","C_FP_OFF_MQA_ON","2","top_k","1","0","0","0","0","29"
"C&D","C:\Users\407407\Desktop\vllm\github\MQA_FastPath\C&D\key_C_FP_OFF_MQA_ON_k2.log","key","C_FP_OFF_MQA_ON","2","top_p","1","1","1","1","1","29"
"C&D","C:\Users\407407\Desktop\vllm\github\MQA_FastPath\C&D\key_C_FP_OFF_MQA_ON_k2.log","key","C_FP_OFF_MQA_ON","2","verification_time_ms","20","3.28","17.3","7.8795","3.57","135"
"C&D","C:\Users\407407\Desktop\vllm\github\MQA_FastPath\C&D\key_C_FP_OFF_MQA_ON_k2.log","key","C_FP_OFF_MQA_ON","2","waste_ratio","40","0.1207","0.3","0.203115","0.1246","134"
"C&D","C:\Users\407407\Desktop\vllm\github\MQA_FastPath\C&D\key_C_FP_OFF_MQA_ON_k4.log","key","C_FP_OFF_MQA_ON","4","accept","32","0.5063","0.7905","0.685238","0.7805","104"
"C&D","C:\Users\407407\Desktop\vllm\github\MQA_FastPath\C&D\key_C_FP_OFF_MQA_ON_k4.log","key","C_FP_OFF_MQA_ON","4","accept_no_hs","32","0.5063","0.7905","0.685238","0.7805","104"
"C&D","C:\Users\407407\Desktop\vllm\github\MQA_FastPath\C&D\key_C_FP_OFF_MQA_ON_k4.log","key","C_FP_OFF_MQA_ON","4","accept_with_hs","32","0","0","0","0","104"
"C&D","C:\Users\407407\Desktop\vllm\github\MQA_FastPath\C&D\key_C_FP_OFF_MQA_ON_k4.log","key","C_FP_OFF_MQA_ON","4","average_time_per_proposal_tok_ms","18","39.75","84.91","65.573889","46.87","99"
"C&D","C:\Users\407407\Desktop\vllm\github\MQA_FastPath\C&D\key_C_FP_OFF_MQA_ON_k4.log","key","C_FP_OFF_MQA_ON","4","avg_execute_total_ms","7","66.61","86.89","72.522857","70.94","91"
"C&D","C:\Users\407407\Desktop\vllm\github\MQA_FastPath\C&D\key_C_FP_OFF_MQA_ON_k4.log","key","C_FP_OFF_MQA_ON","4","avg_forward_ms","7","58.05","67.99","61.887143","64.18","91"
"C&D","C:\Users\407407\Desktop\vllm\github\MQA_FastPath\C&D\key_C_FP_OFF_MQA_ON_k4.log","key","C_FP_OFF_MQA_ON","4","avg_logits_ms","7","1.7","9.29","3.702857","1.7","91"
"C&D","C:\Users\407407\Desktop\vllm\github\MQA_FastPath\C&D\key_C_FP_OFF_MQA_ON_k4.log","key","C_FP_OFF_MQA_ON","4","avg_sampler_ms","7","5.02","9.58","6.891429","5.02","91"
"C&D","C:\Users\407407\Desktop\vllm\github\MQA_FastPath\C&D\key_C_FP_OFF_MQA_ON_k4.log","key","C_FP_OFF_MQA_ON","4","count","7","50","350","200","350","91"
"C&D","C:\Users\407407\Desktop\vllm\github\MQA_FastPath\C&D\key_C_FP_OFF_MQA_ON_k4.log","key","C_FP_OFF_MQA_ON","4","draft_tp","1","1","1","1","1","1"
"C&D","C:\Users\407407\Desktop\vllm\github\MQA_FastPath\C&D\key_C_FP_OFF_MQA_ON_k4.log","key","C_FP_OFF_MQA_ON","4","fail_adapter","1","0","0","0","0","5"
"C&D","C:\Users\407407\Desktop\vllm\github\MQA_FastPath\C&D\key_C_FP_OFF_MQA_ON_k4.log","key","C_FP_OFF_MQA_ON","4","fail_backend","1","1","1","1","1","5"
"C&D","C:\Users\407407\Desktop\vllm\github\MQA_FastPath\C&D\key_C_FP_OFF_MQA_ON_k4.log","key","C_FP_OFF_MQA_ON","4","fail_disabled","1","0","0","0","0","5"
"C&D","C:\Users\407407\Desktop\vllm\github\MQA_FastPath\C&D\key_C_FP_OFF_MQA_ON_k4.log","key","C_FP_OFF_MQA_ON","4","fail_lora","1","0","0","0","0","5"
"C&D","C:\Users\407407\Desktop\vllm\github\MQA_FastPath\C&D\key_C_FP_OFF_MQA_ON_k4.log","key","C_FP_OFF_MQA_ON","4","fail_prompt","1","0","0","0","0","5"
"C&D","C:\Users\407407\Desktop\vllm\github\MQA_FastPath\C&D\key_C_FP_OFF_MQA_ON_k4.log","key","C_FP_OFF_MQA_ON","4","frequency_penalty","1","0","0","0","0","18"
"C&D","C:\Users\407407\Desktop\vllm\github\MQA_FastPath\C&D\key_C_FP_OFF_MQA_ON_k4.log","key","C_FP_OFF_MQA_ON","4","hs_ratio","32","0","0","0","0","104"
"C&D","C:\Users\407407\Desktop\vllm\github\MQA_FastPath\C&D\key_C_FP_OFF_MQA_ON_k4.log","key","C_FP_OFF_MQA_ON","4","iter_p95","32","230.077","365.985","322.608","358.703","104"
"C&D","C:\Users\407407\Desktop\vllm\github\MQA_FastPath\C&D\key_C_FP_OFF_MQA_ON_k4.log","key","C_FP_OFF_MQA_ON","4","k","22","2","3","2.227273","2","103"
"C&D","C:\Users\407407\Desktop\vllm\github\MQA_FastPath\C&D\key_C_FP_OFF_MQA_ON_k4.log","key","C_FP_OFF_MQA_ON","4","max_tokens","1","340","340","340","340","18"
"C&D","C:\Users\407407\Desktop\vllm\github\MQA_FastPath\C&D\key_C_FP_OFF_MQA_ON_k4.log","key","C_FP_OFF_MQA_ON","4","min_p","1","0","0","0","0","18"
"C&D","C:\Users\407407\Desktop\vllm\github\MQA_FastPath\C&D\key_C_FP_OFF_MQA_ON_k4.log","key","C_FP_OFF_MQA_ON","4","min_tokens","1","0","0","0","0","18"
"C&D","C:\Users\407407\Desktop\vllm\github\MQA_FastPath\C&D\key_C_FP_OFF_MQA_ON_k4.log","key","C_FP_OFF_MQA_ON","4","ms_hit","1","0","0","0","0","5"
"C&D","C:\Users\407407\Desktop\vllm\github\MQA_FastPath\C&D\key_C_FP_OFF_MQA_ON_k4.log","key","C_FP_OFF_MQA_ON","4","ms_total","1","1","1","1","1","5"
"C&D","C:\Users\407407\Desktop\vllm\github\MQA_FastPath\C&D\key_C_FP_OFF_MQA_ON_k4.log","key","C_FP_OFF_MQA_ON","4","n","1","1","1","1","1","18"
"C&D","C:\Users\407407\Desktop\vllm\github\MQA_FastPath\C&D\key_C_FP_OFF_MQA_ON_k4.log","key","C_FP_OFF_MQA_ON","4","presence_penalty","1","0","0","0","0","18"
"C&D","C:\Users\407407\Desktop\vllm\github\MQA_FastPath\C&D\key_C_FP_OFF_MQA_ON_k4.log","key","C_FP_OFF_MQA_ON","4","repetition_penalty","1","1","1","1","1","18"
"C&D","C:\Users\407407\Desktop\vllm\github\MQA_FastPath\C&D\key_C_FP_OFF_MQA_ON_k4.log","key","C_FP_OFF_MQA_ON","4","sample_len","1","4","4","4","4","4"
"C&D","C:\Users\407407\Desktop\vllm\github\MQA_FastPath\C&D\key_C_FP_OFF_MQA_ON_k4.log","key","C_FP_OFF_MQA_ON","4","scoring_time_ms","18","53.52","97.72","76.901667","84.44","99"
"C&D","C:\Users\407407\Desktop\vllm\github\MQA_FastPath\C&D\key_C_FP_OFF_MQA_ON_k4.log","key","C_FP_OFF_MQA_ON","4","target_tp","1","1","1","1","1","1"
"C&D","C:\Users\407407\Desktop\vllm\github\MQA_FastPath\C&D\key_C_FP_OFF_MQA_ON_k4.log","key","C_FP_OFF_MQA_ON","4","temperature","1","0","0","0","0","18"
"C&D","C:\Users\407407\Desktop\vllm\github\MQA_FastPath\C&D\key_C_FP_OFF_MQA_ON_k4.log","key","C_FP_OFF_MQA_ON","4","throughput_tps","32","0.542","278.22","180.15875","252.322","104"
"C&D","C:\Users\407407\Desktop\vllm\github\MQA_FastPath\C&D\key_C_FP_OFF_MQA_ON_k4.log","key","C_FP_OFF_MQA_ON","4","top_k","1","0","0","0","0","18"
"C&D","C:\Users\407407\Desktop\vllm\github\MQA_FastPath\C&D\key_C_FP_OFF_MQA_ON_k4.log","key","C_FP_OFF_MQA_ON","4","top_p","1","1","1","1","1","18"
"C&D","C:\Users\407407\Desktop\vllm\github\MQA_FastPath\C&D\key_C_FP_OFF_MQA_ON_k4.log","key","C_FP_OFF_MQA_ON","4","verification_time_ms","18","3.42","16.43","9.736667","5.14","99"
"C&D","C:\Users\407407\Desktop\vllm\github\MQA_FastPath\C&D\key_C_FP_OFF_MQA_ON_k4.log","key","C_FP_OFF_MQA_ON","4","waste_ratio","22","0","0.4741","0.155095","0.0041","103"
"C&D","C:\Users\407407\Desktop\vllm\github\MQA_FastPath\C&D\key_C_FP_OFF_MQA_ON_k8.log","key","C_FP_OFF_MQA_ON","8","accept","30","0.51","0.816","0.7301","0.816","98"
"C&D","C:\Users\407407\Desktop\vllm\github\MQA_FastPath\C&D\key_C_FP_OFF_MQA_ON_k8.log","key","C_FP_OFF_MQA_ON","8","accept_no_hs","30","0.51","0.816","0.7301","0.816","98"
"C&D","C:\Users\407407\Desktop\vllm\github\MQA_FastPath\C&D\key_C_FP_OFF_MQA_ON_k8.log","key","C_FP_OFF_MQA_ON","8","accept_with_hs","30","0","0","0","0","98"
"C&D","C:\Users\407407\Desktop\vllm\github\MQA_FastPath\C&D\key_C_FP_OFF_MQA_ON_k8.log","key","C_FP_OFF_MQA_ON","8","average_time_per_proposal_tok_ms","17","36.75","75.21","63.18","66.19","99"
"C&D","C:\Users\407407\Desktop\vllm\github\MQA_FastPath\C&D\key_C_FP_OFF_MQA_ON_k8.log","key","C_FP_OFF_MQA_ON","8","avg_execute_total_ms","7","66.63","84.61","71.888571","70.13","92"
"C&D","C:\Users\407407\Desktop\vllm\github\MQA_FastPath\C&D\key_C_FP_OFF_MQA_ON_k8.log","key","C_FP_OFF_MQA_ON","8","avg_forward_ms","7","58.04","66.22","61.325714","63.34","92"
"C&D","C:\Users\407407\Desktop\vllm\github\MQA_FastPath\C&D\key_C_FP_OFF_MQA_ON_k8.log","key","C_FP_OFF_MQA_ON","8","avg_logits_ms","7","1.55","8.09","3.274286","1.55","92"
"C&D","C:\Users\407407\Desktop\vllm\github\MQA_FastPath\C&D\key_C_FP_OFF_MQA_ON_k8.log","key","C_FP_OFF_MQA_ON","8","avg_sampler_ms","7","5.19","10.26","7.224286","5.19","92"
"C&D","C:\Users\407407\Desktop\vllm\github\MQA_FastPath\C&D\key_C_FP_OFF_MQA_ON_k8.log","key","C_FP_OFF_MQA_ON","8","count","7","50","350","200","350","92"
"C&D","C:\Users\407407\Desktop\vllm\github\MQA_FastPath\C&D\key_C_FP_OFF_MQA_ON_k8.log","key","C_FP_OFF_MQA_ON","8","draft_tp","1","1","1","1","1","1"
"C&D","C:\Users\407407\Desktop\vllm\github\MQA_FastPath\C&D\key_C_FP_OFF_MQA_ON_k8.log","key","C_FP_OFF_MQA_ON","8","fail_adapter","1","0","0","0","0","5"
"C&D","C:\Users\407407\Desktop\vllm\github\MQA_FastPath\C&D\key_C_FP_OFF_MQA_ON_k8.log","key","C_FP_OFF_MQA_ON","8","fail_backend","1","1","1","1","1","5"
"C&D","C:\Users\407407\Desktop\vllm\github\MQA_FastPath\C&D\key_C_FP_OFF_MQA_ON_k8.log","key","C_FP_OFF_MQA_ON","8","fail_disabled","1","0","0","0","0","5"
"C&D","C:\Users\407407\Desktop\vllm\github\MQA_FastPath\C&D\key_C_FP_OFF_MQA_ON_k8.log","key","C_FP_OFF_MQA_ON","8","fail_lora","1","0","0","0","0","5"
"C&D","C:\Users\407407\Desktop\vllm\github\MQA_FastPath\C&D\key_C_FP_OFF_MQA_ON_k8.log","key","C_FP_OFF_MQA_ON","8","fail_prompt","1","0","0","0","0","5"
"C&D","C:\Users\407407\Desktop\vllm\github\MQA_FastPath\C&D\key_C_FP_OFF_MQA_ON_k8.log","key","C_FP_OFF_MQA_ON","8","frequency_penalty","1","0","0","0","0","18"
"C&D","C:\Users\407407\Desktop\vllm\github\MQA_FastPath\C&D\key_C_FP_OFF_MQA_ON_k8.log","key","C_FP_OFF_MQA_ON","8","hs_ratio","30","0","0","0","0","98"
"C&D","C:\Users\407407\Desktop\vllm\github\MQA_FastPath\C&D\key_C_FP_OFF_MQA_ON_k8.log","key","C_FP_OFF_MQA_ON","8","iter_p95","30","215.791","351.843","313.6703","333.035","98"
"C&D","C:\Users\407407\Desktop\vllm\github\MQA_FastPath\C&D\key_C_FP_OFF_MQA_ON_k8.log","key","C_FP_OFF_MQA_ON","8","k","23","2","3","2.304348","2","100"
"C&D","C:\Users\407407\Desktop\vllm\github\MQA_FastPath\C&D\key_C_FP_OFF_MQA_ON_k8.log","key","C_FP_OFF_MQA_ON","8","max_tokens","1","340","340","340","340","18"
"C&D","C:\Users\407407\Desktop\vllm\github\MQA_FastPath\C&D\key_C_FP_OFF_MQA_ON_k8.log","key","C_FP_OFF_MQA_ON","8","min_p","1","0","0","0","0","18"
"C&D","C:\Users\407407\Desktop\vllm\github\MQA_FastPath\C&D\key_C_FP_OFF_MQA_ON_k8.log","key","C_FP_OFF_MQA_ON","8","min_tokens","1","0","0","0","0","18"
"C&D","C:\Users\407407\Desktop\vllm\github\MQA_FastPath\C&D\key_C_FP_OFF_MQA_ON_k8.log","key","C_FP_OFF_MQA_ON","8","ms_hit","1","0","0","0","0","5"
"C&D","C:\Users\407407\Desktop\vllm\github\MQA_FastPath\C&D\key_C_FP_OFF_MQA_ON_k8.log","key","C_FP_OFF_MQA_ON","8","ms_total","1","1","1","1","1","5"
"C&D","C:\Users\407407\Desktop\vllm\github\MQA_FastPath\C&D\key_C_FP_OFF_MQA_ON_k8.log","key","C_FP_OFF_MQA_ON","8","n","1","1","1","1","1","18"
"C&D","C:\Users\407407\Desktop\vllm\github\MQA_FastPath\C&D\key_C_FP_OFF_MQA_ON_k8.log","key","C_FP_OFF_MQA_ON","8","presence_penalty","1","0","0","0","0","18"
"C&D","C:\Users\407407\Desktop\vllm\github\MQA_FastPath\C&D\key_C_FP_OFF_MQA_ON_k8.log","key","C_FP_OFF_MQA_ON","8","repetition_penalty","1","1","1","1","1","18"
"C&D","C:\Users\407407\Desktop\vllm\github\MQA_FastPath\C&D\key_C_FP_OFF_MQA_ON_k8.log","key","C_FP_OFF_MQA_ON","8","sample_len","1","4","4","4","4","4"
"C&D","C:\Users\407407\Desktop\vllm\github\MQA_FastPath\C&D\key_C_FP_OFF_MQA_ON_k8.log","key","C_FP_OFF_MQA_ON","8","scoring_time_ms","17","50.16","91.2","73.168235","58.8","99"
"C&D","C:\Users\407407\Desktop\vllm\github\MQA_FastPath\C&D\key_C_FP_OFF_MQA_ON_k8.log","key","C_FP_OFF_MQA_ON","8","target_tp","1","1","1","1","1","1"
"C&D","C:\Users\407407\Desktop\vllm\github\MQA_FastPath\C&D\key_C_FP_OFF_MQA_ON_k8.log","key","C_FP_OFF_MQA_ON","8","temperature","1","0","0","0","0","18"
"C&D","C:\Users\407407\Desktop\vllm\github\MQA_FastPath\C&D\key_C_FP_OFF_MQA_ON_k8.log","key","C_FP_OFF_MQA_ON","8","throughput_tps","30","0.523","279.318","187.2359","254.679","98"
"C&D","C:\Users\407407\Desktop\vllm\github\MQA_FastPath\C&D\key_C_FP_OFF_MQA_ON_k8.log","key","C_FP_OFF_MQA_ON","8","top_k","1","0","0","0","0","18"
"C&D","C:\Users\407407\Desktop\vllm\github\MQA_FastPath\C&D\key_C_FP_OFF_MQA_ON_k8.log","key","C_FP_OFF_MQA_ON","8","top_p","1","1","1","1","1","18"
"C&D","C:\Users\407407\Desktop\vllm\github\MQA_FastPath\C&D\key_C_FP_OFF_MQA_ON_k8.log","key","C_FP_OFF_MQA_ON","8","verification_time_ms","17","3.47","17.86","9.468824","4.96","99"
"C&D","C:\Users\407407\Desktop\vllm\github\MQA_FastPath\C&D\key_C_FP_OFF_MQA_ON_k8.log","key","C_FP_OFF_MQA_ON","8","waste_ratio","23","0","0.477","0.089848","0.0306","100"
"C&D","C:\Users\407407\Desktop\vllm\github\MQA_FastPath\C&D\key_D_FP_OFF_MQA_OFF_k2.log","key","D_FP_OFF_MQA_OFF","2","accept","42","0.75","0.8924","0.871898","0.8913","142"
"C&D","C:\Users\407407\Desktop\vllm\github\MQA_FastPath\C&D\key_D_FP_OFF_MQA_OFF_k2.log","key","D_FP_OFF_MQA_OFF","2","accept_no_hs","42","0.75","0.8924","0.871898","0.8913","142"
"C&D","C:\Users\407407\Desktop\vllm\github\MQA_FastPath\C&D\key_D_FP_OFF_MQA_OFF_k2.log","key","D_FP_OFF_MQA_OFF","2","accept_with_hs","42","0","0","0","0","142"
"C&D","C:\Users\407407\Desktop\vllm\github\MQA_FastPath\C&D\key_D_FP_OFF_MQA_OFF_k2.log","key","D_FP_OFF_MQA_OFF","2","average_time_per_proposal_tok_ms","22","41.59","83.8","70.744091","69.65","141"
"C&D","C:\Users\407407\Desktop\vllm\github\MQA_FastPath\C&D\key_D_FP_OFF_MQA_OFF_k2.log","key","D_FP_OFF_MQA_OFF","2","avg_execute_total_ms","10","66.1","87.74","70.897","68.63","144"
"C&D","C:\Users\407407\Desktop\vllm\github\MQA_FastPath\C&D\key_D_FP_OFF_MQA_OFF_k2.log","key","D_FP_OFF_MQA_OFF","2","avg_forward_ms","10","59.4","69.01","63.142","64.11","144"
"C&D","C:\Users\407407\Desktop\vllm\github\MQA_FastPath\C&D\key_D_FP_OFF_MQA_OFF_k2.log","key","D_FP_OFF_MQA_OFF","2","avg_logits_ms","10","1.26","8.26","2.781","1.26","144"
"C&D","C:\Users\407407\Desktop\vllm\github\MQA_FastPath\C&D\key_D_FP_OFF_MQA_OFF_k2.log","key","D_FP_OFF_MQA_OFF","2","avg_sampler_ms","10","3.21","10.42","4.917","3.21","144"
"C&D","C:\Users\407407\Desktop\vllm\github\MQA_FastPath\C&D\key_D_FP_OFF_MQA_OFF_k2.log","key","D_FP_OFF_MQA_OFF","2","count","10","50","500","275","500","144"
"C&D","C:\Users\407407\Desktop\vllm\github\MQA_FastPath\C&D\key_D_FP_OFF_MQA_OFF_k2.log","key","D_FP_OFF_MQA_OFF","2","draft_tp","1","1","1","1","1","1"
"C&D","C:\Users\407407\Desktop\vllm\github\MQA_FastPath\C&D\key_D_FP_OFF_MQA_OFF_k2.log","key","D_FP_OFF_MQA_OFF","2","fail_adapter","1","0","0","0","0","5"
"C&D","C:\Users\407407\Desktop\vllm\github\MQA_FastPath\C&D\key_D_FP_OFF_MQA_OFF_k2.log","key","D_FP_OFF_MQA_OFF","2","fail_backend","1","1","1","1","1","5"
"C&D","C:\Users\407407\Desktop\vllm\github\MQA_FastPath\C&D\key_D_FP_OFF_MQA_OFF_k2.log","key","D_FP_OFF_MQA_OFF","2","fail_disabled","1","0","0","0","0","5"
"C&D","C:\Users\407407\Desktop\vllm\github\MQA_FastPath\C&D\key_D_FP_OFF_MQA_OFF_k2.log","key","D_FP_OFF_MQA_OFF","2","fail_lora","1","0","0","0","0","5"
"C&D","C:\Users\407407\Desktop\vllm\github\MQA_FastPath\C&D\key_D_FP_OFF_MQA_OFF_k2.log","key","D_FP_OFF_MQA_OFF","2","fail_prompt","1","0","0","0","0","5"
"C&D","C:\Users\407407\Desktop\vllm\github\MQA_FastPath\C&D\key_D_FP_OFF_MQA_OFF_k2.log","key","D_FP_OFF_MQA_OFF","2","frequency_penalty","1","0","0","0","0","25"
"C&D","C:\Users\407407\Desktop\vllm\github\MQA_FastPath\C&D\key_D_FP_OFF_MQA_OFF_k2.log","key","D_FP_OFF_MQA_OFF","2","hs_ratio","42","0","0","0","0","142"
"C&D","C:\Users\407407\Desktop\vllm\github\MQA_FastPath\C&D\key_D_FP_OFF_MQA_OFF_k2.log","key","D_FP_OFF_MQA_OFF","2","iter_p95","42","155.876","355.261","296.911024","305.15","142"
"C&D","C:\Users\407407\Desktop\vllm\github\MQA_FastPath\C&D\key_D_FP_OFF_MQA_OFF_k2.log","key","D_FP_OFF_MQA_OFF","2","k","42","2","2","2","2","143"
"C&D","C:\Users\407407\Desktop\vllm\github\MQA_FastPath\C&D\key_D_FP_OFF_MQA_OFF_k2.log","key","D_FP_OFF_MQA_OFF","2","max_tokens","1","340","340","340","340","25"
"C&D","C:\Users\407407\Desktop\vllm\github\MQA_FastPath\C&D\key_D_FP_OFF_MQA_OFF_k2.log","key","D_FP_OFF_MQA_OFF","2","min_p","1","0","0","0","0","25"
"C&D","C:\Users\407407\Desktop\vllm\github\MQA_FastPath\C&D\key_D_FP_OFF_MQA_OFF_k2.log","key","D_FP_OFF_MQA_OFF","2","min_tokens","1","0","0","0","0","25"
"C&D","C:\Users\407407\Desktop\vllm\github\MQA_FastPath\C&D\key_D_FP_OFF_MQA_OFF_k2.log","key","D_FP_OFF_MQA_OFF","2","ms_hit","1","0","0","0","0","5"
"C&D","C:\Users\407407\Desktop\vllm\github\MQA_FastPath\C&D\key_D_FP_OFF_MQA_OFF_k2.log","key","D_FP_OFF_MQA_OFF","2","ms_total","1","1","1","1","1","5"
"C&D","C:\Users\407407\Desktop\vllm\github\MQA_FastPath\C&D\key_D_FP_OFF_MQA_OFF_k2.log","key","D_FP_OFF_MQA_OFF","2","n","1","1","1","1","1","25"
"C&D","C:\Users\407407\Desktop\vllm\github\MQA_FastPath\C&D\key_D_FP_OFF_MQA_OFF_k2.log","key","D_FP_OFF_MQA_OFF","2","presence_penalty","1","0","0","0","0","25"
"C&D","C:\Users\407407\Desktop\vllm\github\MQA_FastPath\C&D\key_D_FP_OFF_MQA_OFF_k2.log","key","D_FP_OFF_MQA_OFF","2","repetition_penalty","1","1","1","1","1","25"
"C&D","C:\Users\407407\Desktop\vllm\github\MQA_FastPath\C&D\key_D_FP_OFF_MQA_OFF_k2.log","key","D_FP_OFF_MQA_OFF","2","sample_len","1","2","2","2","2","4"
"C&D","C:\Users\407407\Desktop\vllm\github\MQA_FastPath\C&D\key_D_FP_OFF_MQA_OFF_k2.log","key","D_FP_OFF_MQA_OFF","2","scoring_time_ms","22","52.31","134.26","91.592273","60.01","141"
"C&D","C:\Users\407407\Desktop\vllm\github\MQA_FastPath\C&D\key_D_FP_OFF_MQA_OFF_k2.log","key","D_FP_OFF_MQA_OFF","2","target_tp","1","1","1","1","1","1"
"C&D","C:\Users\407407\Desktop\vllm\github\MQA_FastPath\C&D\key_D_FP_OFF_MQA_OFF_k2.log","key","D_FP_OFF_MQA_OFF","2","temperature","1","0","0","0","0","25"
"C&D","C:\Users\407407\Desktop\vllm\github\MQA_FastPath\C&D\key_D_FP_OFF_MQA_OFF_k2.log","key","D_FP_OFF_MQA_OFF","2","throughput_tps","42","0.332","241.114","174.705786","202.385","142"
"C&D","C:\Users\407407\Desktop\vllm\github\MQA_FastPath\C&D\key_D_FP_OFF_MQA_OFF_k2.log","key","D_FP_OFF_MQA_OFF","2","top_k","1","0","0","0","0","25"
"C&D","C:\Users\407407\Desktop\vllm\github\MQA_FastPath\C&D\key_D_FP_OFF_MQA_OFF_k2.log","key","D_FP_OFF_MQA_OFF","2","top_p","1","1","1","1","1","25"
"C&D","C:\Users\407407\Desktop\vllm\github\MQA_FastPath\C&D\key_D_FP_OFF_MQA_OFF_k2.log","key","D_FP_OFF_MQA_OFF","2","verification_time_ms","22","3.49","14.69","8.007727","5.35","141"
"C&D","C:\Users\407407\Desktop\vllm\github\MQA_FastPath\C&D\key_D_FP_OFF_MQA_OFF_k2.log","key","D_FP_OFF_MQA_OFF","2","waste_ratio","42","0.1142","0.25","0.141136","0.1269","143"
"C&D","C:\Users\407407\Desktop\vllm\github\MQA_FastPath\C&D\key_D_FP_OFF_MQA_OFF_k4.log","key","D_FP_OFF_MQA_OFF","4","accept","41","0.5263","0.8506","0.818295","0.8506","131"
"C&D","C:\Users\407407\Desktop\vllm\github\MQA_FastPath\C&D\key_D_FP_OFF_MQA_OFF_k4.log","key","D_FP_OFF_MQA_OFF","4","accept_no_hs","41","0.5263","0.8506","0.818295","0.8506","131"
"C&D","C:\Users\407407\Desktop\vllm\github\MQA_FastPath\C&D\key_D_FP_OFF_MQA_OFF_k4.log","key","D_FP_OFF_MQA_OFF","4","accept_with_hs","41","0","0","0","0","131"
"C&D","C:\Users\407407\Desktop\vllm\github\MQA_FastPath\C&D\key_D_FP_OFF_MQA_OFF_k4.log","key","D_FP_OFF_MQA_OFF","4","average_time_per_proposal_tok_ms","22","37.19","82.59","65.075909","71.24","127"
"C&D","C:\Users\407407\Desktop\vllm\github\MQA_FastPath\C&D\key_D_FP_OFF_MQA_OFF_k4.log","key","D_FP_OFF_MQA_OFF","4","avg_execute_total_ms","9","68.23","85.6","72.678889","71.42","124"
"C&D","C:\Users\407407\Desktop\vllm\github\MQA_FastPath\C&D\key_D_FP_OFF_MQA_OFF_k4.log","key","D_FP_OFF_MQA_OFF","4","avg_forward_ms","9","57.38","66.98","61.501111","64.28","124"
"C&D","C:\Users\407407\Desktop\vllm\github\MQA_FastPath\C&D\key_D_FP_OFF_MQA_OFF_k4.log","key","D_FP_OFF_MQA_OFF","4","avg_logits_ms","9","1.39","8.19","2.952222","1.39","124"
"C&D","C:\Users\407407\Desktop\vllm\github\MQA_FastPath\C&D\key_D_FP_OFF_MQA_OFF_k4.log","key","D_FP_OFF_MQA_OFF","4","avg_sampler_ms","9","5.7","11.88","8.17","5.7","124"
"C&D","C:\Users\407407\Desktop\vllm\github\MQA_FastPath\C&D\key_D_FP_OFF_MQA_OFF_k4.log","key","D_FP_OFF_MQA_OFF","4","count","9","50","450","250","450","124"
"C&D","C:\Users\407407\Desktop\vllm\github\MQA_FastPath\C&D\key_D_FP_OFF_MQA_OFF_k4.log","key","D_FP_OFF_MQA_OFF","4","draft_tp","1","1","1","1","1","1"
"C&D","C:\Users\407407\Desktop\vllm\github\MQA_FastPath\C&D\key_D_FP_OFF_MQA_OFF_k4.log","key","D_FP_OFF_MQA_OFF","4","fail_adapter","1","0","0","0","0","5"
"C&D","C:\Users\407407\Desktop\vllm\github\MQA_FastPath\C&D\key_D_FP_OFF_MQA_OFF_k4.log","key","D_FP_OFF_MQA_OFF","4","fail_backend","1","1","1","1","1","5"
"C&D","C:\Users\407407\Desktop\vllm\github\MQA_FastPath\C&D\key_D_FP_OFF_MQA_OFF_k4.log","key","D_FP_OFF_MQA_OFF","4","fail_disabled","1","0","0","0","0","5"
"C&D","C:\Users\407407\Desktop\vllm\github\MQA_FastPath\C&D\key_D_FP_OFF_MQA_OFF_k4.log","key","D_FP_OFF_MQA_OFF","4","fail_lora","1","0","0","0","0","5"
"C&D","C:\Users\407407\Desktop\vllm\github\MQA_FastPath\C&D\key_D_FP_OFF_MQA_OFF_k4.log","key","D_FP_OFF_MQA_OFF","4","fail_prompt","1","0","0","0","0","5"
"C&D","C:\Users\407407\Desktop\vllm\github\MQA_FastPath\C&D\key_D_FP_OFF_MQA_OFF_k4.log","key","D_FP_OFF_MQA_OFF","4","frequency_penalty","1","0","0","0","0","22"
"C&D","C:\Users\407407\Desktop\vllm\github\MQA_FastPath\C&D\key_D_FP_OFF_MQA_OFF_k4.log","key","D_FP_OFF_MQA_OFF","4","hs_ratio","41","0","0","0","0","131"
"C&D","C:\Users\407407\Desktop\vllm\github\MQA_FastPath\C&D\key_D_FP_OFF_MQA_OFF_k4.log","key","D_FP_OFF_MQA_OFF","4","iter_p95","41","206.287","401.568","360.265171","367.593","131"
"C&D","C:\Users\407407\Desktop\vllm\github\MQA_FastPath\C&D\key_D_FP_OFF_MQA_OFF_k4.log","key","D_FP_OFF_MQA_OFF","4","k","31","2","3","2.064516","2","132"
"C&D","C:\Users\407407\Desktop\vllm\github\MQA_FastPath\C&D\key_D_FP_OFF_MQA_OFF_k4.log","key","D_FP_OFF_MQA_OFF","4","max_tokens","1","340","340","340","340","22"
"C&D","C:\Users\407407\Desktop\vllm\github\MQA_FastPath\C&D\key_D_FP_OFF_MQA_OFF_k4.log","key","D_FP_OFF_MQA_OFF","4","min_p","1","0","0","0","0","22"
"C&D","C:\Users\407407\Desktop\vllm\github\MQA_FastPath\C&D\key_D_FP_OFF_MQA_OFF_k4.log","key","D_FP_OFF_MQA_OFF","4","min_tokens","1","0","0","0","0","22"
"C&D","C:\Users\407407\Desktop\vllm\github\MQA_FastPath\C&D\key_D_FP_OFF_MQA_OFF_k4.log","key","D_FP_OFF_MQA_OFF","4","ms_hit","1","0","0","0","0","5"
"C&D","C:\Users\407407\Desktop\vllm\github\MQA_FastPath\C&D\key_D_FP_OFF_MQA_OFF_k4.log","key","D_FP_OFF_MQA_OFF","4","ms_total","1","1","1","1","1","5"
"C&D","C:\Users\407407\Desktop\vllm\github\MQA_FastPath\C&D\key_D_FP_OFF_MQA_OFF_k4.log","key","D_FP_OFF_MQA_OFF","4","n","1","1","1","1","1","22"
"C&D","C:\Users\407407\Desktop\vllm\github\MQA_FastPath\C&D\key_D_FP_OFF_MQA_OFF_k4.log","key","D_FP_OFF_MQA_OFF","4","presence_penalty","1","0","0","0","0","22"
"C&D","C:\Users\407407\Desktop\vllm\github\MQA_FastPath\C&D\key_D_FP_OFF_MQA_OFF_k4.log","key","D_FP_OFF_MQA_OFF","4","repetition_penalty","1","1","1","1","1","22"
"C&D","C:\Users\407407\Desktop\vllm\github\MQA_FastPath\C&D\key_D_FP_OFF_MQA_OFF_k4.log","key","D_FP_OFF_MQA_OFF","4","sample_len","1","4","4","4","4","4"
"C&D","C:\Users\407407\Desktop\vllm\github\MQA_FastPath\C&D\key_D_FP_OFF_MQA_OFF_k4.log","key","D_FP_OFF_MQA_OFF","4","scoring_time_ms","22","51.42","149.19","95.406364","59.73","127"
"C&D","C:\Users\407407\Desktop\vllm\github\MQA_FastPath\C&D\key_D_FP_OFF_MQA_OFF_k4.log","key","D_FP_OFF_MQA_OFF","4","target_tp","1","1","1","1","1","1"
"C&D","C:\Users\407407\Desktop\vllm\github\MQA_FastPath\C&D\key_D_FP_OFF_MQA_OFF_k4.log","key","D_FP_OFF_MQA_OFF","4","temperature","1","0","0","0","0","22"
"C&D","C:\Users\407407\Desktop\vllm\github\MQA_FastPath\C&D\key_D_FP_OFF_MQA_OFF_k4.log","key","D_FP_OFF_MQA_OFF","4","throughput_tps","41","0.436","253.903","184.458146","211.906","131"
"C&D","C:\Users\407407\Desktop\vllm\github\MQA_FastPath\C&D\key_D_FP_OFF_MQA_OFF_k4.log","key","D_FP_OFF_MQA_OFF","4","top_k","1","0","0","0","0","22"
"C&D","C:\Users\407407\Desktop\vllm\github\MQA_FastPath\C&D\key_D_FP_OFF_MQA_OFF_k4.log","key","D_FP_OFF_MQA_OFF","4","top_p","1","1","1","1","1","22"
"C&D","C:\Users\407407\Desktop\vllm\github\MQA_FastPath\C&D\key_D_FP_OFF_MQA_OFF_k4.log","key","D_FP_OFF_MQA_OFF","4","verification_time_ms","22","3.4","19.16","9.322273","5.15","127"
"C&D","C:\Users\407407\Desktop\vllm\github\MQA_FastPath\C&D\key_D_FP_OFF_MQA_OFF_k4.log","key","D_FP_OFF_MQA_OFF","4","waste_ratio","31","0.0788","0.1929","0.120197","0.1155","132"
"C&D","C:\Users\407407\Desktop\vllm\github\MQA_FastPath\C&D\key_D_FP_OFF_MQA_OFF_k8.log","key","D_FP_OFF_MQA_OFF","8","accept","40","0.5263","0.8336","0.803955","0.8281","130"
"C&D","C:\Users\407407\Desktop\vllm\github\MQA_FastPath\C&D\key_D_FP_OFF_MQA_OFF_k8.log","key","D_FP_OFF_MQA_OFF","8","accept_no_hs","40","0.5263","0.8336","0.803955","0.8281","130"
"C&D","C:\Users\407407\Desktop\vllm\github\MQA_FastPath\C&D\key_D_FP_OFF_MQA_OFF_k8.log","key","D_FP_OFF_MQA_OFF","8","accept_with_hs","40","0","0","0","0","130"
"C&D","C:\Users\407407\Desktop\vllm\github\MQA_FastPath\C&D\key_D_FP_OFF_MQA_OFF_k8.log","key","D_FP_OFF_MQA_OFF","8","average_time_per_proposal_tok_ms","23","37.5","84.17","66.215217","68.29","124"
"C&D","C:\Users\407407\Desktop\vllm\github\MQA_FastPath\C&D\key_D_FP_OFF_MQA_OFF_k8.log","key","D_FP_OFF_MQA_OFF","8","avg_execute_total_ms","9","68.97","86.04","73.188889","70.21","122"
"C&D","C:\Users\407407\Desktop\vllm\github\MQA_FastPath\C&D\key_D_FP_OFF_MQA_OFF_k8.log","key","D_FP_OFF_MQA_OFF","8","avg_forward_ms","9","58.79","67.48","62.591111","63.43","122"
"C&D","C:\Users\407407\Desktop\vllm\github\MQA_FastPath\C&D\key_D_FP_OFF_MQA_OFF_k8.log","key","D_FP_OFF_MQA_OFF","8","avg_logits_ms","9","1.39","8.03","2.91","1.39","122"
"C&D","C:\Users\407407\Desktop\vllm\github\MQA_FastPath\C&D\key_D_FP_OFF_MQA_OFF_k8.log","key","D_FP_OFF_MQA_OFF","8","avg_sampler_ms","9","5.34","10.49","7.631111","5.34","122"
"C&D","C:\Users\407407\Desktop\vllm\github\MQA_FastPath\C&D\key_D_FP_OFF_MQA_OFF_k8.log","key","D_FP_OFF_MQA_OFF","8","count","9","50","450","250","450","122"
"C&D","C:\Users\407407\Desktop\vllm\github\MQA_FastPath\C&D\key_D_FP_OFF_MQA_OFF_k8.log","key","D_FP_OFF_MQA_OFF","8","draft_tp","1","1","1","1","1","1"
"C&D","C:\Users\407407\Desktop\vllm\github\MQA_FastPath\C&D\key_D_FP_OFF_MQA_OFF_k8.log","key","D_FP_OFF_MQA_OFF","8","fail_adapter","1","0","0","0","0","5"
"C&D","C:\Users\407407\Desktop\vllm\github\MQA_FastPath\C&D\key_D_FP_OFF_MQA_OFF_k8.log","key","D_FP_OFF_MQA_OFF","8","fail_backend","1","1","1","1","1","5"
"C&D","C:\Users\407407\Desktop\vllm\github\MQA_FastPath\C&D\key_D_FP_OFF_MQA_OFF_k8.log","key","D_FP_OFF_MQA_OFF","8","fail_disabled","1","0","0","0","0","5"
"C&D","C:\Users\407407\Desktop\vllm\github\MQA_FastPath\C&D\key_D_FP_OFF_MQA_OFF_k8.log","key","D_FP_OFF_MQA_OFF","8","fail_lora","1","0","0","0","0","5"
"C&D","C:\Users\407407\Desktop\vllm\github\MQA_FastPath\C&D\key_D_FP_OFF_MQA_OFF_k8.log","key","D_FP_OFF_MQA_OFF","8","fail_prompt","1","0","0","0","0","5"
"C&D","C:\Users\407407\Desktop\vllm\github\MQA_FastPath\C&D\key_D_FP_OFF_MQA_OFF_k8.log","key","D_FP_OFF_MQA_OFF","8","frequency_penalty","1","0","0","0","0","22"
"C&D","C:\Users\407407\Desktop\vllm\github\MQA_FastPath\C&D\key_D_FP_OFF_MQA_OFF_k8.log","key","D_FP_OFF_MQA_OFF","8","hs_ratio","40","0","0","0","0","130"
"C&D","C:\Users\407407\Desktop\vllm\github\MQA_FastPath\C&D\key_D_FP_OFF_MQA_OFF_k8.log","key","D_FP_OFF_MQA_OFF","8","iter_p95","40","221.919","436.087","374.52895","386.836","130"
"C&D","C:\Users\407407\Desktop\vllm\github\MQA_FastPath\C&D\key_D_FP_OFF_MQA_OFF_k8.log","key","D_FP_OFF_MQA_OFF","8","k","28","2","3","2.428571","2","128"
"C&D","C:\Users\407407\Desktop\vllm\github\MQA_FastPath\C&D\key_D_FP_OFF_MQA_OFF_k8.log","key","D_FP_OFF_MQA_OFF","8","max_tokens","1","340","340","340","340","22"
"C&D","C:\Users\407407\Desktop\vllm\github\MQA_FastPath\C&D\key_D_FP_OFF_MQA_OFF_k8.log","key","D_FP_OFF_MQA_OFF","8","min_p","1","0","0","0","0","22"
"C&D","C:\Users\407407\Desktop\vllm\github\MQA_FastPath\C&D\key_D_FP_OFF_MQA_OFF_k8.log","key","D_FP_OFF_MQA_OFF","8","min_tokens","1","0","0","0","0","22"
"C&D","C:\Users\407407\Desktop\vllm\github\MQA_FastPath\C&D\key_D_FP_OFF_MQA_OFF_k8.log","key","D_FP_OFF_MQA_OFF","8","ms_hit","1","0","0","0","0","5"
"C&D","C:\Users\407407\Desktop\vllm\github\MQA_FastPath\C&D\key_D_FP_OFF_MQA_OFF_k8.log","key","D_FP_OFF_MQA_OFF","8","ms_total","1","1","1","1","1","5"
"C&D","C:\Users\407407\Desktop\vllm\github\MQA_FastPath\C&D\key_D_FP_OFF_MQA_OFF_k8.log","key","D_FP_OFF_MQA_OFF","8","n","1","1","1","1","1","22"
"C&D","C:\Users\407407\Desktop\vllm\github\MQA_FastPath\C&D\key_D_FP_OFF_MQA_OFF_k8.log","key","D_FP_OFF_MQA_OFF","8","presence_penalty","1","0","0","0","0","22"
"C&D","C:\Users\407407\Desktop\vllm\github\MQA_FastPath\C&D\key_D_FP_OFF_MQA_OFF_k8.log","key","D_FP_OFF_MQA_OFF","8","repetition_penalty","1","1","1","1","1","22"
"C&D","C:\Users\407407\Desktop\vllm\github\MQA_FastPath\C&D\key_D_FP_OFF_MQA_OFF_k8.log","key","D_FP_OFF_MQA_OFF","8","sample_len","1","4","4","4","4","4"
"C&D","C:\Users\407407\Desktop\vllm\github\MQA_FastPath\C&D\key_D_FP_OFF_MQA_OFF_k8.log","key","D_FP_OFF_MQA_OFF","8","scoring_time_ms","23","53.99","940.55","137.010435","54.21","124"
"C&D","C:\Users\407407\Desktop\vllm\github\MQA_FastPath\C&D\key_D_FP_OFF_MQA_OFF_k8.log","key","D_FP_OFF_MQA_OFF","8","target_tp","1","1","1","1","1","1"
"C&D","C:\Users\407407\Desktop\vllm\github\MQA_FastPath\C&D\key_D_FP_OFF_MQA_OFF_k8.log","key","D_FP_OFF_MQA_OFF","8","temperature","1","0","0","0","0","22"
"C&D","C:\Users\407407\Desktop\vllm\github\MQA_FastPath\C&D\key_D_FP_OFF_MQA_OFF_k8.log","key","D_FP_OFF_MQA_OFF","8","throughput_tps","40","0.454","254.82","181.4407","210.458","130"
"C&D","C:\Users\407407\Desktop\vllm\github\MQA_FastPath\C&D\key_D_FP_OFF_MQA_OFF_k8.log","key","D_FP_OFF_MQA_OFF","8","top_k","1","0","0","0","0","22"
"C&D","C:\Users\407407\Desktop\vllm\github\MQA_FastPath\C&D\key_D_FP_OFF_MQA_OFF_k8.log","key","D_FP_OFF_MQA_OFF","8","top_p","1","1","1","1","1","22"
"C&D","C:\Users\407407\Desktop\vllm\github\MQA_FastPath\C&D\key_D_FP_OFF_MQA_OFF_k8.log","key","D_FP_OFF_MQA_OFF","8","verification_time_ms","23","3.96","24.57","10.788261","4.84","124"
"C&D","C:\Users\407407\Desktop\vllm\github\MQA_FastPath\C&D\key_D_FP_OFF_MQA_OFF_k8.log","key","D_FP_OFF_MQA_OFF","8","waste_ratio","28","0.1414","0.1917","0.159764","0.1633","128"
"C&D","C:\Users\407407\Desktop\vllm\github\MQA_FastPath\C&D\meta_C_FP_OFF_MQA_ON_k2.log","meta","C_FP_OFF_MQA_ON","2","k","1","2","2","2","2","3"
"C&D","C:\Users\407407\Desktop\vllm\github\MQA_FastPath\C&D\meta_C_FP_OFF_MQA_ON_k2.log","meta","C_FP_OFF_MQA_ON","2","NUM_PROMPTS","1","200","200","200","200","8"
"C&D","C:\Users\407407\Desktop\vllm\github\MQA_FastPath\C&D\meta_C_FP_OFF_MQA_ON_k2.log","meta","C_FP_OFF_MQA_ON","2","PORT","1","8000","8000","8000","8000","7"
"C&D","C:\Users\407407\Desktop\vllm\github\MQA_FastPath\C&D\meta_C_FP_OFF_MQA_ON_k2.log","meta","C_FP_OFF_MQA_ON","2","REQUEST_RATE","1","16","16","16","16","8"
"C&D","C:\Users\407407\Desktop\vllm\github\MQA_FastPath\C&D\meta_C_FP_OFF_MQA_ON_k2.log","meta","C_FP_OFF_MQA_ON","2","VLLM_ASCEND_BASE_STAGE_LOG_ENABLE","1","1","1","1","1","11"
"C&D","C:\Users\407407\Desktop\vllm\github\MQA_FastPath\C&D\meta_C_FP_OFF_MQA_ON_k2.log","meta","C_FP_OFF_MQA_ON","2","VLLM_ASCEND_BASE_STAGE_LOG_INTERVAL","1","50","50","50","50","12"
"C&D","C:\Users\407407\Desktop\vllm\github\MQA_FastPath\C&D\meta_C_FP_OFF_MQA_ON_k2.log","meta","C_FP_OFF_MQA_ON","2","VLLM_ASCEND_RUNNER_STAGE_LOG_ENABLE","1","1","1","1","1","13"
"C&D","C:\Users\407407\Desktop\vllm\github\MQA_FastPath\C&D\meta_C_FP_OFF_MQA_ON_k2.log","meta","C_FP_OFF_MQA_ON","2","VLLM_ASCEND_RUNNER_STAGE_LOG_INTERVAL","1","50","50","50","50","14"
"C&D","C:\Users\407407\Desktop\vllm\github\MQA_FastPath\C&D\meta_C_FP_OFF_MQA_ON_k4.log","meta","C_FP_OFF_MQA_ON","4","k","1","4","4","4","4","3"
"C&D","C:\Users\407407\Desktop\vllm\github\MQA_FastPath\C&D\meta_C_FP_OFF_MQA_ON_k4.log","meta","C_FP_OFF_MQA_ON","4","NUM_PROMPTS","1","200","200","200","200","8"
"C&D","C:\Users\407407\Desktop\vllm\github\MQA_FastPath\C&D\meta_C_FP_OFF_MQA_ON_k4.log","meta","C_FP_OFF_MQA_ON","4","PORT","1","8000","8000","8000","8000","7"
"C&D","C:\Users\407407\Desktop\vllm\github\MQA_FastPath\C&D\meta_C_FP_OFF_MQA_ON_k4.log","meta","C_FP_OFF_MQA_ON","4","REQUEST_RATE","1","16","16","16","16","8"
"C&D","C:\Users\407407\Desktop\vllm\github\MQA_FastPath\C&D\meta_C_FP_OFF_MQA_ON_k4.log","meta","C_FP_OFF_MQA_ON","4","VLLM_ASCEND_BASE_STAGE_LOG_ENABLE","1","1","1","1","1","11"
"C&D","C:\Users\407407\Desktop\vllm\github\MQA_FastPath\C&D\meta_C_FP_OFF_MQA_ON_k4.log","meta","C_FP_OFF_MQA_ON","4","VLLM_ASCEND_BASE_STAGE_LOG_INTERVAL","1","50","50","50","50","12"
"C&D","C:\Users\407407\Desktop\vllm\github\MQA_FastPath\C&D\meta_C_FP_OFF_MQA_ON_k4.log","meta","C_FP_OFF_MQA_ON","4","VLLM_ASCEND_RUNNER_STAGE_LOG_ENABLE","1","1","1","1","1","13"
"C&D","C:\Users\407407\Desktop\vllm\github\MQA_FastPath\C&D\meta_C_FP_OFF_MQA_ON_k4.log","meta","C_FP_OFF_MQA_ON","4","VLLM_ASCEND_RUNNER_STAGE_LOG_INTERVAL","1","50","50","50","50","14"
"C&D","C:\Users\407407\Desktop\vllm\github\MQA_FastPath\C&D\meta_C_FP_OFF_MQA_ON_k8.log","meta","C_FP_OFF_MQA_ON","8","k","1","8","8","8","8","3"
"C&D","C:\Users\407407\Desktop\vllm\github\MQA_FastPath\C&D\meta_C_FP_OFF_MQA_ON_k8.log","meta","C_FP_OFF_MQA_ON","8","NUM_PROMPTS","1","200","200","200","200","8"
"C&D","C:\Users\407407\Desktop\vllm\github\MQA_FastPath\C&D\meta_C_FP_OFF_MQA_ON_k8.log","meta","C_FP_OFF_MQA_ON","8","PORT","1","8000","8000","8000","8000","7"
"C&D","C:\Users\407407\Desktop\vllm\github\MQA_FastPath\C&D\meta_C_FP_OFF_MQA_ON_k8.log","meta","C_FP_OFF_MQA_ON","8","REQUEST_RATE","1","16","16","16","16","8"
"C&D","C:\Users\407407\Desktop\vllm\github\MQA_FastPath\C&D\meta_C_FP_OFF_MQA_ON_k8.log","meta","C_FP_OFF_MQA_ON","8","VLLM_ASCEND_BASE_STAGE_LOG_ENABLE","1","1","1","1","1","11"
"C&D","C:\Users\407407\Desktop\vllm\github\MQA_FastPath\C&D\meta_C_FP_OFF_MQA_ON_k8.log","meta","C_FP_OFF_MQA_ON","8","VLLM_ASCEND_BASE_STAGE_LOG_INTERVAL","1","50","50","50","50","12"
"C&D","C:\Users\407407\Desktop\vllm\github\MQA_FastPath\C&D\meta_C_FP_OFF_MQA_ON_k8.log","meta","C_FP_OFF_MQA_ON","8","VLLM_ASCEND_RUNNER_STAGE_LOG_ENABLE","1","1","1","1","1","13"
"C&D","C:\Users\407407\Desktop\vllm\github\MQA_FastPath\C&D\meta_C_FP_OFF_MQA_ON_k8.log","meta","C_FP_OFF_MQA_ON","8","VLLM_ASCEND_RUNNER_STAGE_LOG_INTERVAL","1","50","50","50","50","14"
"C&D","C:\Users\407407\Desktop\vllm\github\MQA_FastPath\C&D\meta_D_FP_OFF_MQA_OFF_k2.log","meta","D_FP_OFF_MQA_OFF","2","k","1","2","2","2","2","3"
"C&D","C:\Users\407407\Desktop\vllm\github\MQA_FastPath\C&D\meta_D_FP_OFF_MQA_OFF_k2.log","meta","D_FP_OFF_MQA_OFF","2","NUM_PROMPTS","1","200","200","200","200","8"
"C&D","C:\Users\407407\Desktop\vllm\github\MQA_FastPath\C&D\meta_D_FP_OFF_MQA_OFF_k2.log","meta","D_FP_OFF_MQA_OFF","2","PORT","1","8000","8000","8000","8000","7"
"C&D","C:\Users\407407\Desktop\vllm\github\MQA_FastPath\C&D\meta_D_FP_OFF_MQA_OFF_k2.log","meta","D_FP_OFF_MQA_OFF","2","REQUEST_RATE","1","16","16","16","16","8"
"C&D","C:\Users\407407\Desktop\vllm\github\MQA_FastPath\C&D\meta_D_FP_OFF_MQA_OFF_k2.log","meta","D_FP_OFF_MQA_OFF","2","VLLM_ASCEND_BASE_STAGE_LOG_ENABLE","1","1","1","1","1","11"
"C&D","C:\Users\407407\Desktop\vllm\github\MQA_FastPath\C&D\meta_D_FP_OFF_MQA_OFF_k2.log","meta","D_FP_OFF_MQA_OFF","2","VLLM_ASCEND_BASE_STAGE_LOG_INTERVAL","1","50","50","50","50","12"
"C&D","C:\Users\407407\Desktop\vllm\github\MQA_FastPath\C&D\meta_D_FP_OFF_MQA_OFF_k2.log","meta","D_FP_OFF_MQA_OFF","2","VLLM_ASCEND_RUNNER_STAGE_LOG_ENABLE","1","1","1","1","1","13"
"C&D","C:\Users\407407\Desktop\vllm\github\MQA_FastPath\C&D\meta_D_FP_OFF_MQA_OFF_k2.log","meta","D_FP_OFF_MQA_OFF","2","VLLM_ASCEND_RUNNER_STAGE_LOG_INTERVAL","1","50","50","50","50","14"
"C&D","C:\Users\407407\Desktop\vllm\github\MQA_FastPath\C&D\meta_D_FP_OFF_MQA_OFF_k4.log","meta","D_FP_OFF_MQA_OFF","4","k","1","4","4","4","4","3"
"C&D","C:\Users\407407\Desktop\vllm\github\MQA_FastPath\C&D\meta_D_FP_OFF_MQA_OFF_k4.log","meta","D_FP_OFF_MQA_OFF","4","NUM_PROMPTS","1","200","200","200","200","8"
"C&D","C:\Users\407407\Desktop\vllm\github\MQA_FastPath\C&D\meta_D_FP_OFF_MQA_OFF_k4.log","meta","D_FP_OFF_MQA_OFF","4","PORT","1","8000","8000","8000","8000","7"
"C&D","C:\Users\407407\Desktop\vllm\github\MQA_FastPath\C&D\meta_D_FP_OFF_MQA_OFF_k4.log","meta","D_FP_OFF_MQA_OFF","4","REQUEST_RATE","1","16","16","16","16","8"
"C&D","C:\Users\407407\Desktop\vllm\github\MQA_FastPath\C&D\meta_D_FP_OFF_MQA_OFF_k4.log","meta","D_FP_OFF_MQA_OFF","4","VLLM_ASCEND_BASE_STAGE_LOG_ENABLE","1","1","1","1","1","11"
"C&D","C:\Users\407407\Desktop\vllm\github\MQA_FastPath\C&D\meta_D_FP_OFF_MQA_OFF_k4.log","meta","D_FP_OFF_MQA_OFF","4","VLLM_ASCEND_BASE_STAGE_LOG_INTERVAL","1","50","50","50","50","12"
"C&D","C:\Users\407407\Desktop\vllm\github\MQA_FastPath\C&D\meta_D_FP_OFF_MQA_OFF_k4.log","meta","D_FP_OFF_MQA_OFF","4","VLLM_ASCEND_RUNNER_STAGE_LOG_ENABLE","1","1","1","1","1","13"
"C&D","C:\Users\407407\Desktop\vllm\github\MQA_FastPath\C&D\meta_D_FP_OFF_MQA_OFF_k4.log","meta","D_FP_OFF_MQA_OFF","4","VLLM_ASCEND_RUNNER_STAGE_LOG_INTERVAL","1","50","50","50","50","14"
"C&D","C:\Users\407407\Desktop\vllm\github\MQA_FastPath\C&D\meta_D_FP_OFF_MQA_OFF_k8.log","meta","D_FP_OFF_MQA_OFF","8","k","1","8","8","8","8","3"
"C&D","C:\Users\407407\Desktop\vllm\github\MQA_FastPath\C&D\meta_D_FP_OFF_MQA_OFF_k8.log","meta","D_FP_OFF_MQA_OFF","8","NUM_PROMPTS","1","200","200","200","200","8"
"C&D","C:\Users\407407\Desktop\vllm\github\MQA_FastPath\C&D\meta_D_FP_OFF_MQA_OFF_k8.log","meta","D_FP_OFF_MQA_OFF","8","PORT","1","8000","8000","8000","8000","7"
"C&D","C:\Users\407407\Desktop\vllm\github\MQA_FastPath\C&D\meta_D_FP_OFF_MQA_OFF_k8.log","meta","D_FP_OFF_MQA_OFF","8","REQUEST_RATE","1","16","16","16","16","8"
"C&D","C:\Users\407407\Desktop\vllm\github\MQA_FastPath\C&D\meta_D_FP_OFF_MQA_OFF_k8.log","meta","D_FP_OFF_MQA_OFF","8","VLLM_ASCEND_BASE_STAGE_LOG_ENABLE","1","1","1","1","1","11"
"C&D","C:\Users\407407\Desktop\vllm\github\MQA_FastPath\C&D\meta_D_FP_OFF_MQA_OFF_k8.log","meta","D_FP_OFF_MQA_OFF","8","VLLM_ASCEND_BASE_STAGE_LOG_INTERVAL","1","50","50","50","50","12"
"C&D","C:\Users\407407\Desktop\vllm\github\MQA_FastPath\C&D\meta_D_FP_OFF_MQA_OFF_k8.log","meta","D_FP_OFF_MQA_OFF","8","VLLM_ASCEND_RUNNER_STAGE_LOG_ENABLE","1","1","1","1","1","13"
"C&D","C:\Users\407407\Desktop\vllm\github\MQA_FastPath\C&D\meta_D_FP_OFF_MQA_OFF_k8.log","meta","D_FP_OFF_MQA_OFF","8","VLLM_ASCEND_RUNNER_STAGE_LOG_INTERVAL","1","50","50","50","50","14"
"C&D","C:\Users\407407\Desktop\vllm\github\MQA_FastPath\C&D\probe_C_FP_OFF_MQA_ON.log","probe","C_FP_OFF_MQA_ON",,"VLLM_ASCEND_BASE_STAGE_LOG_ENABLE","1","1","1","1","1","8"
"C&D","C:\Users\407407\Desktop\vllm\github\MQA_FastPath\C&D\probe_C_FP_OFF_MQA_ON.log","probe","C_FP_OFF_MQA_ON",,"VLLM_ASCEND_BASE_STAGE_LOG_INTERVAL","1","50","50","50","50","9"
"C&D","C:\Users\407407\Desktop\vllm\github\MQA_FastPath\C&D\probe_C_FP_OFF_MQA_ON.log","probe","C_FP_OFF_MQA_ON",,"VLLM_ASCEND_RUNNER_STAGE_LOG_ENABLE","1","1","1","1","1","10"
"C&D","C:\Users\407407\Desktop\vllm\github\MQA_FastPath\C&D\probe_C_FP_OFF_MQA_ON.log","probe","C_FP_OFF_MQA_ON",,"VLLM_ASCEND_RUNNER_STAGE_LOG_INTERVAL","1","50","50","50","50","11"
"C&D","C:\Users\407407\Desktop\vllm\github\MQA_FastPath\C&D\probe_D_FP_OFF_MQA_OFF.log","probe","D_FP_OFF_MQA_OFF",,"VLLM_ASCEND_BASE_STAGE_LOG_ENABLE","1","1","1","1","1","8"
"C&D","C:\Users\407407\Desktop\vllm\github\MQA_FastPath\C&D\probe_D_FP_OFF_MQA_OFF.log","probe","D_FP_OFF_MQA_OFF",,"VLLM_ASCEND_BASE_STAGE_LOG_INTERVAL","1","50","50","50","50","9"
"C&D","C:\Users\407407\Desktop\vllm\github\MQA_FastPath\C&D\probe_D_FP_OFF_MQA_OFF.log","probe","D_FP_OFF_MQA_OFF",,"VLLM_ASCEND_RUNNER_STAGE_LOG_ENABLE","1","1","1","1","1","10"
"C&D","C:\Users\407407\Desktop\vllm\github\MQA_FastPath\C&D\probe_D_FP_OFF_MQA_OFF.log","probe","D_FP_OFF_MQA_OFF",,"VLLM_ASCEND_RUNNER_STAGE_LOG_INTERVAL","1","50","50","50","50","11"
"C&D","C:\Users\407407\Desktop\vllm\github\MQA_FastPath\C&D\server_C_FP_OFF_MQA_ON_k2.log","server","C_FP_OFF_MQA_ON","2","accept","40","0.5362","0.827","0.754722","0.8268","911"
"C&D","C:\Users\407407\Desktop\vllm\github\MQA_FastPath\C&D\server_C_FP_OFF_MQA_ON_k2.log","server","C_FP_OFF_MQA_ON","2","accept_no_hs","40","0.5362","0.827","0.754722","0.8268","911"
"C&D","C:\Users\407407\Desktop\vllm\github\MQA_FastPath\C&D\server_C_FP_OFF_MQA_ON_k2.log","server","C_FP_OFF_MQA_ON","2","accept_with_hs","40","0","0","0","0","911"
"C&D","C:\Users\407407\Desktop\vllm\github\MQA_FastPath\C&D\server_C_FP_OFF_MQA_ON_k2.log","server","C_FP_OFF_MQA_ON","2","average_time_per_proposal_tok_ms","20","38.96","90.46","69.532","68.99","914"
"C&D","C:\Users\407407\Desktop\vllm\github\MQA_FastPath\C&D\server_C_FP_OFF_MQA_ON_k2.log","server","C_FP_OFF_MQA_ON","2","avg_execute_total_ms","9","62.91","87.39","68.608889","67.64","898"
"C&D","C:\Users\407407\Desktop\vllm\github\MQA_FastPath\C&D\server_C_FP_OFF_MQA_ON_k2.log","server","C_FP_OFF_MQA_ON","2","avg_forward_ms","9","57.65","68.99","61.172222","63.36","898"
"C&D","C:\Users\407407\Desktop\vllm\github\MQA_FastPath\C&D\server_C_FP_OFF_MQA_ON_k2.log","server","C_FP_OFF_MQA_ON","2","avg_logits_ms","9","1.21","7.62","2.651111","1.21","898"
"C&D","C:\Users\407407\Desktop\vllm\github\MQA_FastPath\C&D\server_C_FP_OFF_MQA_ON_k2.log","server","C_FP_OFF_MQA_ON","2","avg_sampler_ms","9","3.02","10.74","4.743333","3.02","898"
"C&D","C:\Users\407407\Desktop\vllm\github\MQA_FastPath\C&D\server_C_FP_OFF_MQA_ON_k2.log","server","C_FP_OFF_MQA_ON","2","count","9","50","450","250","450","898"
"C&D","C:\Users\407407\Desktop\vllm\github\MQA_FastPath\C&D\server_C_FP_OFF_MQA_ON_k2.log","server","C_FP_OFF_MQA_ON","2","draft_tp","1","1","1","1","1","48"
"C&D","C:\Users\407407\Desktop\vllm\github\MQA_FastPath\C&D\server_C_FP_OFF_MQA_ON_k2.log","server","C_FP_OFF_MQA_ON","2","fail_adapter","1","0","0","0","0","125"
"C&D","C:\Users\407407\Desktop\vllm\github\MQA_FastPath\C&D\server_C_FP_OFF_MQA_ON_k2.log","server","C_FP_OFF_MQA_ON","2","fail_backend","1","1","1","1","1","125"
"C&D","C:\Users\407407\Desktop\vllm\github\MQA_FastPath\C&D\server_C_FP_OFF_MQA_ON_k2.log","server","C_FP_OFF_MQA_ON","2","fail_disabled","1","0","0","0","0","125"
"C&D","C:\Users\407407\Desktop\vllm\github\MQA_FastPath\C&D\server_C_FP_OFF_MQA_ON_k2.log","server","C_FP_OFF_MQA_ON","2","fail_lora","1","0","0","0","0","125"
"C&D","C:\Users\407407\Desktop\vllm\github\MQA_FastPath\C&D\server_C_FP_OFF_MQA_ON_k2.log","server","C_FP_OFF_MQA_ON","2","fail_prompt","1","0","0","0","0","125"
"C&D","C:\Users\407407\Desktop\vllm\github\MQA_FastPath\C&D\server_C_FP_OFF_MQA_ON_k2.log","server","C_FP_OFF_MQA_ON","2","frequency_penalty","200","0","0","0","0","761"
"C&D","C:\Users\407407\Desktop\vllm\github\MQA_FastPath\C&D\server_C_FP_OFF_MQA_ON_k2.log","server","C_FP_OFF_MQA_ON","2","high_k_occ","40","0","0","0","0","913"
"C&D","C:\Users\407407\Desktop\vllm\github\MQA_FastPath\C&D\server_C_FP_OFF_MQA_ON_k2.log","server","C_FP_OFF_MQA_ON","2","hs_ratio","40","0","0","0","0","911"
"C&D","C:\Users\407407\Desktop\vllm\github\MQA_FastPath\C&D\server_C_FP_OFF_MQA_ON_k2.log","server","C_FP_OFF_MQA_ON","2","iter_p95","40","145.748","283.729","248.4098","279.785","911"
"C&D","C:\Users\407407\Desktop\vllm\github\MQA_FastPath\C&D\server_C_FP_OFF_MQA_ON_k2.log","server","C_FP_OFF_MQA_ON","2","k","40","2","2","2","2","912"
"C&D","C:\Users\407407\Desktop\vllm\github\MQA_FastPath\C&D\server_C_FP_OFF_MQA_ON_k2.log","server","C_FP_OFF_MQA_ON","2","max_seq_len","1","8192","8192","8192","8192","46"
"C&D","C:\Users\407407\Desktop\vllm\github\MQA_FastPath\C&D\server_C_FP_OFF_MQA_ON_k2.log","server","C_FP_OFF_MQA_ON","2","max_tokens","201","4","781","222.965174","593","761"
"C&D","C:\Users\407407\Desktop\vllm\github\MQA_FastPath\C&D\server_C_FP_OFF_MQA_ON_k2.log","server","C_FP_OFF_MQA_ON","2","min_p","200","0","0","0","0","761"
"C&D","C:\Users\407407\Desktop\vllm\github\MQA_FastPath\C&D\server_C_FP_OFF_MQA_ON_k2.log","server","C_FP_OFF_MQA_ON","2","min_tokens","201","0","0","0","0","761"
"C&D","C:\Users\407407\Desktop\vllm\github\MQA_FastPath\C&D\server_C_FP_OFF_MQA_ON_k2.log","server","C_FP_OFF_MQA_ON","2","ms_hit","1","0","0","0","0","125"
"C&D","C:\Users\407407\Desktop\vllm\github\MQA_FastPath\C&D\server_C_FP_OFF_MQA_ON_k2.log","server","C_FP_OFF_MQA_ON","2","ms_total","1","1","1","1","1","125"
"C&D","C:\Users\407407\Desktop\vllm\github\MQA_FastPath\C&D\server_C_FP_OFF_MQA_ON_k2.log","server","C_FP_OFF_MQA_ON","2","n","200","1","1","1","1","761"
"C&D","C:\Users\407407\Desktop\vllm\github\MQA_FastPath\C&D\server_C_FP_OFF_MQA_ON_k2.log","server","C_FP_OFF_MQA_ON","2","num_scheduler_steps","1","1","1","1","1","46"
"C&D","C:\Users\407407\Desktop\vllm\github\MQA_FastPath\C&D\server_C_FP_OFF_MQA_ON_k2.log","server","C_FP_OFF_MQA_ON","2","pipeline_parallel_size","1","1","1","1","1","46"
"C&D","C:\Users\407407\Desktop\vllm\github\MQA_FastPath\C&D\server_C_FP_OFF_MQA_ON_k2.log","server","C_FP_OFF_MQA_ON","2","presence_penalty","200","0","0","0","0","761"
"C&D","C:\Users\407407\Desktop\vllm\github\MQA_FastPath\C&D\server_C_FP_OFF_MQA_ON_k2.log","server","C_FP_OFF_MQA_ON","2","repetition_penalty","200","1","1","1","1","761"
"C&D","C:\Users\407407\Desktop\vllm\github\MQA_FastPath\C&D\server_C_FP_OFF_MQA_ON_k2.log","server","C_FP_OFF_MQA_ON","2","sample_len","1","2","2","2","2","124"
"C&D","C:\Users\407407\Desktop\vllm\github\MQA_FastPath\C&D\server_C_FP_OFF_MQA_ON_k2.log","server","C_FP_OFF_MQA_ON","2","schedule","1","60","60","60","60","174"
"C&D","C:\Users\407407\Desktop\vllm\github\MQA_FastPath\C&D\server_C_FP_OFF_MQA_ON_k2.log","server","C_FP_OFF_MQA_ON","2","scoring_time_ms","20","53.75","100.56","73.64","54.69","914"
"C&D","C:\Users\407407\Desktop\vllm\github\MQA_FastPath\C&D\server_C_FP_OFF_MQA_ON_k2.log","server","C_FP_OFF_MQA_ON","2","switch_per_min","40","0","0","0","0","913"
"C&D","C:\Users\407407\Desktop\vllm\github\MQA_FastPath\C&D\server_C_FP_OFF_MQA_ON_k2.log","server","C_FP_OFF_MQA_ON","2","target_tp","1","1","1","1","1","48"
"C&D","C:\Users\407407\Desktop\vllm\github\MQA_FastPath\C&D\server_C_FP_OFF_MQA_ON_k2.log","server","C_FP_OFF_MQA_ON","2","temperature","200","0","0","0","0","761"
"C&D","C:\Users\407407\Desktop\vllm\github\MQA_FastPath\C&D\server_C_FP_OFF_MQA_ON_k2.log","server","C_FP_OFF_MQA_ON","2","tensor_parallel_size","1","1","1","1","1","46"
"C&D","C:\Users\407407\Desktop\vllm\github\MQA_FastPath\C&D\server_C_FP_OFF_MQA_ON_k2.log","server","C_FP_OFF_MQA_ON","2","throughput_tps","40","0.311","243.608","160.2124","217.773","911"
"C&D","C:\Users\407407\Desktop\vllm\github\MQA_FastPath\C&D\server_C_FP_OFF_MQA_ON_k2.log","server","C_FP_OFF_MQA_ON","2","top_k","200","0","0","0","0","761"
"C&D","C:\Users\407407\Desktop\vllm\github\MQA_FastPath\C&D\server_C_FP_OFF_MQA_ON_k2.log","server","C_FP_OFF_MQA_ON","2","top_p","200","1","1","1","1","761"
"C&D","C:\Users\407407\Desktop\vllm\github\MQA_FastPath\C&D\server_C_FP_OFF_MQA_ON_k2.log","server","C_FP_OFF_MQA_ON","2","verification_time_ms","20","3.28","17.3","7.8795","3.57","914"
"C&D","C:\Users\407407\Desktop\vllm\github\MQA_FastPath\C&D\server_C_FP_OFF_MQA_ON_k2.log","server","C_FP_OFF_MQA_ON","2","waste_ratio","40","0.1207","0.3","0.203115","0.1246","912"
"C&D","C:\Users\407407\Desktop\vllm\github\MQA_FastPath\C&D\server_C_FP_OFF_MQA_ON_k4.log","server","C_FP_OFF_MQA_ON","4","accept","32","0.5063","0.7905","0.685238","0.7805","902"
"C&D","C:\Users\407407\Desktop\vllm\github\MQA_FastPath\C&D\server_C_FP_OFF_MQA_ON_k4.log","server","C_FP_OFF_MQA_ON","4","accept_no_hs","32","0.5063","0.7905","0.685238","0.7805","902"
"C&D","C:\Users\407407\Desktop\vllm\github\MQA_FastPath\C&D\server_C_FP_OFF_MQA_ON_k4.log","server","C_FP_OFF_MQA_ON","4","accept_with_hs","32","0","0","0","0","902"
"C&D","C:\Users\407407\Desktop\vllm\github\MQA_FastPath\C&D\server_C_FP_OFF_MQA_ON_k4.log","server","C_FP_OFF_MQA_ON","4","average_time_per_proposal_tok_ms","18","39.75","84.91","65.573889","46.87","895"
"C&D","C:\Users\407407\Desktop\vllm\github\MQA_FastPath\C&D\server_C_FP_OFF_MQA_ON_k4.log","server","C_FP_OFF_MQA_ON","4","avg_execute_total_ms","7","66.61","86.89","72.522857","70.94","883"
"C&D","C:\Users\407407\Desktop\vllm\github\MQA_FastPath\C&D\server_C_FP_OFF_MQA_ON_k4.log","server","C_FP_OFF_MQA_ON","4","avg_forward_ms","7","58.05","67.99","61.887143","64.18","883"
"C&D","C:\Users\407407\Desktop\vllm\github\MQA_FastPath\C&D\server_C_FP_OFF_MQA_ON_k4.log","server","C_FP_OFF_MQA_ON","4","avg_logits_ms","7","1.7","9.29","3.702857","1.7","883"
"C&D","C:\Users\407407\Desktop\vllm\github\MQA_FastPath\C&D\server_C_FP_OFF_MQA_ON_k4.log","server","C_FP_OFF_MQA_ON","4","avg_sampler_ms","7","5.02","9.58","6.891429","5.02","883"
"C&D","C:\Users\407407\Desktop\vllm\github\MQA_FastPath\C&D\server_C_FP_OFF_MQA_ON_k4.log","server","C_FP_OFF_MQA_ON","4","count","7","50","350","200","350","883"
"C&D","C:\Users\407407\Desktop\vllm\github\MQA_FastPath\C&D\server_C_FP_OFF_MQA_ON_k4.log","server","C_FP_OFF_MQA_ON","4","draft_tp","1","1","1","1","1","48"
"C&D","C:\Users\407407\Desktop\vllm\github\MQA_FastPath\C&D\server_C_FP_OFF_MQA_ON_k4.log","server","C_FP_OFF_MQA_ON","4","fail_adapter","1","0","0","0","0","125"
"C&D","C:\Users\407407\Desktop\vllm\github\MQA_FastPath\C&D\server_C_FP_OFF_MQA_ON_k4.log","server","C_FP_OFF_MQA_ON","4","fail_backend","1","1","1","1","1","125"
"C&D","C:\Users\407407\Desktop\vllm\github\MQA_FastPath\C&D\server_C_FP_OFF_MQA_ON_k4.log","server","C_FP_OFF_MQA_ON","4","fail_disabled","1","0","0","0","0","125"
"C&D","C:\Users\407407\Desktop\vllm\github\MQA_FastPath\C&D\server_C_FP_OFF_MQA_ON_k4.log","server","C_FP_OFF_MQA_ON","4","fail_lora","1","0","0","0","0","125"
"C&D","C:\Users\407407\Desktop\vllm\github\MQA_FastPath\C&D\server_C_FP_OFF_MQA_ON_k4.log","server","C_FP_OFF_MQA_ON","4","fail_prompt","1","0","0","0","0","125"
"C&D","C:\Users\407407\Desktop\vllm\github\MQA_FastPath\C&D\server_C_FP_OFF_MQA_ON_k4.log","server","C_FP_OFF_MQA_ON","4","frequency_penalty","200","0","0","0","0","739"
"C&D","C:\Users\407407\Desktop\vllm\github\MQA_FastPath\C&D\server_C_FP_OFF_MQA_ON_k4.log","server","C_FP_OFF_MQA_ON","4","high_k_occ","32","0.0437","0.7","0.112728","0.0594","903"
"C&D","C:\Users\407407\Desktop\vllm\github\MQA_FastPath\C&D\server_C_FP_OFF_MQA_ON_k4.log","server","C_FP_OFF_MQA_ON","4","hs_ratio","32","0","0","0","0","902"
"C&D","C:\Users\407407\Desktop\vllm\github\MQA_FastPath\C&D\server_C_FP_OFF_MQA_ON_k4.log","server","C_FP_OFF_MQA_ON","4","iter_p95","32","230.077","365.985","322.608","358.703","902"
"C&D","C:\Users\407407\Desktop\vllm\github\MQA_FastPath\C&D\server_C_FP_OFF_MQA_ON_k4.log","server","C_FP_OFF_MQA_ON","4","k","22","2","3","2.227273","2","901"
"C&D","C:\Users\407407\Desktop\vllm\github\MQA_FastPath\C&D\server_C_FP_OFF_MQA_ON_k4.log","server","C_FP_OFF_MQA_ON","4","max_seq_len","1","8192","8192","8192","8192","46"
"C&D","C:\Users\407407\Desktop\vllm\github\MQA_FastPath\C&D\server_C_FP_OFF_MQA_ON_k4.log","server","C_FP_OFF_MQA_ON","4","max_tokens","201","4","781","222.965174","593","739"
"C&D","C:\Users\407407\Desktop\vllm\github\MQA_FastPath\C&D\server_C_FP_OFF_MQA_ON_k4.log","server","C_FP_OFF_MQA_ON","4","min_p","200","0","0","0","0","739"
"C&D","C:\Users\407407\Desktop\vllm\github\MQA_FastPath\C&D\server_C_FP_OFF_MQA_ON_k4.log","server","C_FP_OFF_MQA_ON","4","min_tokens","201","0","0","0","0","739"
"C&D","C:\Users\407407\Desktop\vllm\github\MQA_FastPath\C&D\server_C_FP_OFF_MQA_ON_k4.log","server","C_FP_OFF_MQA_ON","4","ms_hit","1","0","0","0","0","125"
"C&D","C:\Users\407407\Desktop\vllm\github\MQA_FastPath\C&D\server_C_FP_OFF_MQA_ON_k4.log","server","C_FP_OFF_MQA_ON","4","ms_total","1","1","1","1","1","125"
"C&D","C:\Users\407407\Desktop\vllm\github\MQA_FastPath\C&D\server_C_FP_OFF_MQA_ON_k4.log","server","C_FP_OFF_MQA_ON","4","n","200","1","1","1","1","739"
"C&D","C:\Users\407407\Desktop\vllm\github\MQA_FastPath\C&D\server_C_FP_OFF_MQA_ON_k4.log","server","C_FP_OFF_MQA_ON","4","num_scheduler_steps","1","1","1","1","1","46"
"C&D","C:\Users\407407\Desktop\vllm\github\MQA_FastPath\C&D\server_C_FP_OFF_MQA_ON_k4.log","server","C_FP_OFF_MQA_ON","4","pipeline_parallel_size","1","1","1","1","1","46"
"C&D","C:\Users\407407\Desktop\vllm\github\MQA_FastPath\C&D\server_C_FP_OFF_MQA_ON_k4.log","server","C_FP_OFF_MQA_ON","4","pos2","15","0","1","0.685613","0.2667","856"
"C&D","C:\Users\407407\Desktop\vllm\github\MQA_FastPath\C&D\server_C_FP_OFF_MQA_ON_k4.log","server","C_FP_OFF_MQA_ON","4","pos3","15","0","1","0.54612","0.2667","856"
"C&D","C:\Users\407407\Desktop\vllm\github\MQA_FastPath\C&D\server_C_FP_OFF_MQA_ON_k4.log","server","C_FP_OFF_MQA_ON","4","pos4","15","0","1","0.54612","0.2667","856"
"C&D","C:\Users\407407\Desktop\vllm\github\MQA_FastPath\C&D\server_C_FP_OFF_MQA_ON_k4.log","server","C_FP_OFF_MQA_ON","4","presence_penalty","200","0","0","0","0","739"
"C&D","C:\Users\407407\Desktop\vllm\github\MQA_FastPath\C&D\server_C_FP_OFF_MQA_ON_k4.log","server","C_FP_OFF_MQA_ON","4","q","15","1","189","88.333333","30","856"
"C&D","C:\Users\407407\Desktop\vllm\github\MQA_FastPath\C&D\server_C_FP_OFF_MQA_ON_k4.log","server","C_FP_OFF_MQA_ON","4","repetition_penalty","200","1","1","1","1","739"
"C&D","C:\Users\407407\Desktop\vllm\github\MQA_FastPath\C&D\server_C_FP_OFF_MQA_ON_k4.log","server","C_FP_OFF_MQA_ON","4","sample_len","1","4","4","4","4","124"
"C&D","C:\Users\407407\Desktop\vllm\github\MQA_FastPath\C&D\server_C_FP_OFF_MQA_ON_k4.log","server","C_FP_OFF_MQA_ON","4","schedule","1","60","60","60","60","161"
"C&D","C:\Users\407407\Desktop\vllm\github\MQA_FastPath\C&D\server_C_FP_OFF_MQA_ON_k4.log","server","C_FP_OFF_MQA_ON","4","scoring_time_ms","18","53.52","97.72","76.901667","84.44","895"
"C&D","C:\Users\407407\Desktop\vllm\github\MQA_FastPath\C&D\server_C_FP_OFF_MQA_ON_k4.log","server","C_FP_OFF_MQA_ON","4","switch_per_min","32","1.3552","14.1211","10.156034","12.4246","903"
"C&D","C:\Users\407407\Desktop\vllm\github\MQA_FastPath\C&D\server_C_FP_OFF_MQA_ON_k4.log","server","C_FP_OFF_MQA_ON","4","target_tp","1","1","1","1","1","48"
"C&D","C:\Users\407407\Desktop\vllm\github\MQA_FastPath\C&D\server_C_FP_OFF_MQA_ON_k4.log","server","C_FP_OFF_MQA_ON","4","temperature","200","0","0","0","0","739"
"C&D","C:\Users\407407\Desktop\vllm\github\MQA_FastPath\C&D\server_C_FP_OFF_MQA_ON_k4.log","server","C_FP_OFF_MQA_ON","4","tensor_parallel_size","1","1","1","1","1","46"
"C&D","C:\Users\407407\Desktop\vllm\github\MQA_FastPath\C&D\server_C_FP_OFF_MQA_ON_k4.log","server","C_FP_OFF_MQA_ON","4","throughput_tps","32","0.542","278.22","180.15875","252.322","902"
"C&D","C:\Users\407407\Desktop\vllm\github\MQA_FastPath\C&D\server_C_FP_OFF_MQA_ON_k4.log","server","C_FP_OFF_MQA_ON","4","top_k","200","0","0","0","0","739"
"C&D","C:\Users\407407\Desktop\vllm\github\MQA_FastPath\C&D\server_C_FP_OFF_MQA_ON_k4.log","server","C_FP_OFF_MQA_ON","4","top_p","200","1","1","1","1","739"
"C&D","C:\Users\407407\Desktop\vllm\github\MQA_FastPath\C&D\server_C_FP_OFF_MQA_ON_k4.log","server","C_FP_OFF_MQA_ON","4","verification_time_ms","18","3.42","16.43","9.736667","5.14","895"
"C&D","C:\Users\407407\Desktop\vllm\github\MQA_FastPath\C&D\server_C_FP_OFF_MQA_ON_k4.log","server","C_FP_OFF_MQA_ON","4","waste","15","0","0.6667","0.265833","0.4889","856"
"C&D","C:\Users\407407\Desktop\vllm\github\MQA_FastPath\C&D\server_C_FP_OFF_MQA_ON_k4.log","server","C_FP_OFF_MQA_ON","4","waste_ratio","22","0","0.4741","0.155095","0.0041","901"
"C&D","C:\Users\407407\Desktop\vllm\github\MQA_FastPath\C&D\server_C_FP_OFF_MQA_ON_k8.log","server","C_FP_OFF_MQA_ON","8","accept","30","0.51","0.816","0.7301","0.816","886"
"C&D","C:\Users\407407\Desktop\vllm\github\MQA_FastPath\C&D\server_C_FP_OFF_MQA_ON_k8.log","server","C_FP_OFF_MQA_ON","8","accept_no_hs","30","0.51","0.816","0.7301","0.816","886"
"C&D","C:\Users\407407\Desktop\vllm\github\MQA_FastPath\C&D\server_C_FP_OFF_MQA_ON_k8.log","server","C_FP_OFF_MQA_ON","8","accept_with_hs","30","0","0","0","0","886"
"C&D","C:\Users\407407\Desktop\vllm\github\MQA_FastPath\C&D\server_C_FP_OFF_MQA_ON_k8.log","server","C_FP_OFF_MQA_ON","8","average_time_per_proposal_tok_ms","17","36.75","75.21","63.18","66.19","888"
"C&D","C:\Users\407407\Desktop\vllm\github\MQA_FastPath\C&D\server_C_FP_OFF_MQA_ON_k8.log","server","C_FP_OFF_MQA_ON","8","avg_execute_total_ms","7","66.63","84.61","71.888571","70.13","877"
"C&D","C:\Users\407407\Desktop\vllm\github\MQA_FastPath\C&D\server_C_FP_OFF_MQA_ON_k8.log","server","C_FP_OFF_MQA_ON","8","avg_forward_ms","7","58.04","66.22","61.325714","63.34","877"
"C&D","C:\Users\407407\Desktop\vllm\github\MQA_FastPath\C&D\server_C_FP_OFF_MQA_ON_k8.log","server","C_FP_OFF_MQA_ON","8","avg_logits_ms","7","1.55","8.09","3.274286","1.55","877"
"C&D","C:\Users\407407\Desktop\vllm\github\MQA_FastPath\C&D\server_C_FP_OFF_MQA_ON_k8.log","server","C_FP_OFF_MQA_ON","8","avg_sampler_ms","7","5.19","10.26","7.224286","5.19","877"
"C&D","C:\Users\407407\Desktop\vllm\github\MQA_FastPath\C&D\server_C_FP_OFF_MQA_ON_k8.log","server","C_FP_OFF_MQA_ON","8","count","7","50","350","200","350","877"
"C&D","C:\Users\407407\Desktop\vllm\github\MQA_FastPath\C&D\server_C_FP_OFF_MQA_ON_k8.log","server","C_FP_OFF_MQA_ON","8","draft_tp","1","1","1","1","1","48"
"C&D","C:\Users\407407\Desktop\vllm\github\MQA_FastPath\C&D\server_C_FP_OFF_MQA_ON_k8.log","server","C_FP_OFF_MQA_ON","8","fail_adapter","1","0","0","0","0","125"
"C&D","C:\Users\407407\Desktop\vllm\github\MQA_FastPath\C&D\server_C_FP_OFF_MQA_ON_k8.log","server","C_FP_OFF_MQA_ON","8","fail_backend","1","1","1","1","1","125"
"C&D","C:\Users\407407\Desktop\vllm\github\MQA_FastPath\C&D\server_C_FP_OFF_MQA_ON_k8.log","server","C_FP_OFF_MQA_ON","8","fail_disabled","1","0","0","0","0","125"
"C&D","C:\Users\407407\Desktop\vllm\github\MQA_FastPath\C&D\server_C_FP_OFF_MQA_ON_k8.log","server","C_FP_OFF_MQA_ON","8","fail_lora","1","0","0","0","0","125"
"C&D","C:\Users\407407\Desktop\vllm\github\MQA_FastPath\C&D\server_C_FP_OFF_MQA_ON_k8.log","server","C_FP_OFF_MQA_ON","8","fail_prompt","1","0","0","0","0","125"
"C&D","C:\Users\407407\Desktop\vllm\github\MQA_FastPath\C&D\server_C_FP_OFF_MQA_ON_k8.log","server","C_FP_OFF_MQA_ON","8","frequency_penalty","200","0","0","0","0","750"
"C&D","C:\Users\407407\Desktop\vllm\github\MQA_FastPath\C&D\server_C_FP_OFF_MQA_ON_k8.log","server","C_FP_OFF_MQA_ON","8","high_k_occ","30","0.04","0.7","0.110003","0.04","887"
"C&D","C:\Users\407407\Desktop\vllm\github\MQA_FastPath\C&D\server_C_FP_OFF_MQA_ON_k8.log","server","C_FP_OFF_MQA_ON","8","hs_ratio","30","0","0","0","0","886"
"C&D","C:\Users\407407\Desktop\vllm\github\MQA_FastPath\C&D\server_C_FP_OFF_MQA_ON_k8.log","server","C_FP_OFF_MQA_ON","8","iter_p95","30","215.791","351.843","313.6703","333.035","886"
"C&D","C:\Users\407407\Desktop\vllm\github\MQA_FastPath\C&D\server_C_FP_OFF_MQA_ON_k8.log","server","C_FP_OFF_MQA_ON","8","k","23","2","3","2.304348","2","889"
"C&D","C:\Users\407407\Desktop\vllm\github\MQA_FastPath\C&D\server_C_FP_OFF_MQA_ON_k8.log","server","C_FP_OFF_MQA_ON","8","max_seq_len","1","8192","8192","8192","8192","46"
"C&D","C:\Users\407407\Desktop\vllm\github\MQA_FastPath\C&D\server_C_FP_OFF_MQA_ON_k8.log","server","C_FP_OFF_MQA_ON","8","max_tokens","201","4","781","222.965174","593","750"
"C&D","C:\Users\407407\Desktop\vllm\github\MQA_FastPath\C&D\server_C_FP_OFF_MQA_ON_k8.log","server","C_FP_OFF_MQA_ON","8","min_p","200","0","0","0","0","750"
"C&D","C:\Users\407407\Desktop\vllm\github\MQA_FastPath\C&D\server_C_FP_OFF_MQA_ON_k8.log","server","C_FP_OFF_MQA_ON","8","min_tokens","201","0","0","0","0","750"
"C&D","C:\Users\407407\Desktop\vllm\github\MQA_FastPath\C&D\server_C_FP_OFF_MQA_ON_k8.log","server","C_FP_OFF_MQA_ON","8","ms_hit","1","0","0","0","0","125"
"C&D","C:\Users\407407\Desktop\vllm\github\MQA_FastPath\C&D\server_C_FP_OFF_MQA_ON_k8.log","server","C_FP_OFF_MQA_ON","8","ms_total","1","1","1","1","1","125"
"C&D","C:\Users\407407\Desktop\vllm\github\MQA_FastPath\C&D\server_C_FP_OFF_MQA_ON_k8.log","server","C_FP_OFF_MQA_ON","8","n","200","1","1","1","1","750"
"C&D","C:\Users\407407\Desktop\vllm\github\MQA_FastPath\C&D\server_C_FP_OFF_MQA_ON_k8.log","server","C_FP_OFF_MQA_ON","8","num_scheduler_steps","1","1","1","1","1","46"
"C&D","C:\Users\407407\Desktop\vllm\github\MQA_FastPath\C&D\server_C_FP_OFF_MQA_ON_k8.log","server","C_FP_OFF_MQA_ON","8","pipeline_parallel_size","1","1","1","1","1","46"
"C&D","C:\Users\407407\Desktop\vllm\github\MQA_FastPath\C&D\server_C_FP_OFF_MQA_ON_k8.log","server","C_FP_OFF_MQA_ON","8","pos2","14","0.0325","1","0.65175","0.2581","843"
"C&D","C:\Users\407407\Desktop\vllm\github\MQA_FastPath\C&D\server_C_FP_OFF_MQA_ON_k8.log","server","C_FP_OFF_MQA_ON","8","pos3","14","0","1","0.49825","0.2581","843"
"C&D","C:\Users\407407\Desktop\vllm\github\MQA_FastPath\C&D\server_C_FP_OFF_MQA_ON_k8.log","server","C_FP_OFF_MQA_ON","8","pos4","14","0","1","0.49825","0.2581","843"
"C&D","C:\Users\407407\Desktop\vllm\github\MQA_FastPath\C&D\server_C_FP_OFF_MQA_ON_k8.log","server","C_FP_OFF_MQA_ON","8","presence_penalty","200","0","0","0","0","750"
"C&D","C:\Users\407407\Desktop\vllm\github\MQA_FastPath\C&D\server_C_FP_OFF_MQA_ON_k8.log","server","C_FP_OFF_MQA_ON","8","q","14","1","179","88.642857","31","843"
"C&D","C:\Users\407407\Desktop\vllm\github\MQA_FastPath\C&D\server_C_FP_OFF_MQA_ON_k8.log","server","C_FP_OFF_MQA_ON","8","repetition_penalty","200","1","1","1","1","750"
"C&D","C:\Users\407407\Desktop\vllm\github\MQA_FastPath\C&D\server_C_FP_OFF_MQA_ON_k8.log","server","C_FP_OFF_MQA_ON","8","sample_len","1","4","4","4","4","124"
"C&D","C:\Users\407407\Desktop\vllm\github\MQA_FastPath\C&D\server_C_FP_OFF_MQA_ON_k8.log","server","C_FP_OFF_MQA_ON","8","schedule","1","60","60","60","60","161"
"C&D","C:\Users\407407\Desktop\vllm\github\MQA_FastPath\C&D\server_C_FP_OFF_MQA_ON_k8.log","server","C_FP_OFF_MQA_ON","8","scoring_time_ms","17","50.16","91.2","73.168235","58.8","888"
"C&D","C:\Users\407407\Desktop\vllm\github\MQA_FastPath\C&D\server_C_FP_OFF_MQA_ON_k8.log","server","C_FP_OFF_MQA_ON","8","switch_per_min","30","1.3078","12.675","8.87377","9.7924","887"
"C&D","C:\Users\407407\Desktop\vllm\github\MQA_FastPath\C&D\server_C_FP_OFF_MQA_ON_k8.log","server","C_FP_OFF_MQA_ON","8","target_tp","1","1","1","1","1","48"
"C&D","C:\Users\407407\Desktop\vllm\github\MQA_FastPath\C&D\server_C_FP_OFF_MQA_ON_k8.log","server","C_FP_OFF_MQA_ON","8","temperature","200","0","0","0","0","750"
"C&D","C:\Users\407407\Desktop\vllm\github\MQA_FastPath\C&D\server_C_FP_OFF_MQA_ON_k8.log","server","C_FP_OFF_MQA_ON","8","tensor_parallel_size","1","1","1","1","1","46"
"C&D","C:\Users\407407\Desktop\vllm\github\MQA_FastPath\C&D\server_C_FP_OFF_MQA_ON_k8.log","server","C_FP_OFF_MQA_ON","8","throughput_tps","30","0.523","279.318","187.2359","254.679","886"
"C&D","C:\Users\407407\Desktop\vllm\github\MQA_FastPath\C&D\server_C_FP_OFF_MQA_ON_k8.log","server","C_FP_OFF_MQA_ON","8","top_k","200","0","0","0","0","750"
"C&D","C:\Users\407407\Desktop\vllm\github\MQA_FastPath\C&D\server_C_FP_OFF_MQA_ON_k8.log","server","C_FP_OFF_MQA_ON","8","top_p","200","1","1","1","1","750"
"C&D","C:\Users\407407\Desktop\vllm\github\MQA_FastPath\C&D\server_C_FP_OFF_MQA_ON_k8.log","server","C_FP_OFF_MQA_ON","8","verification_time_ms","17","3.47","17.86","9.468824","4.96","888"
"C&D","C:\Users\407407\Desktop\vllm\github\MQA_FastPath\C&D\server_C_FP_OFF_MQA_ON_k8.log","server","C_FP_OFF_MQA_ON","8","waste","14","0","0.7419","0.2972","0.4946","843"
"C&D","C:\Users\407407\Desktop\vllm\github\MQA_FastPath\C&D\server_C_FP_OFF_MQA_ON_k8.log","server","C_FP_OFF_MQA_ON","8","waste_ratio","23","0","0.477","0.089848","0.0306","889"
"C&D","C:\Users\407407\Desktop\vllm\github\MQA_FastPath\C&D\server_D_FP_OFF_MQA_OFF_k2.log","server","D_FP_OFF_MQA_OFF","2","accept","42","0.75","0.8924","0.871898","0.8913","925"
"C&D","C:\Users\407407\Desktop\vllm\github\MQA_FastPath\C&D\server_D_FP_OFF_MQA_OFF_k2.log","server","D_FP_OFF_MQA_OFF","2","accept_no_hs","42","0.75","0.8924","0.871898","0.8913","925"
"C&D","C:\Users\407407\Desktop\vllm\github\MQA_FastPath\C&D\server_D_FP_OFF_MQA_OFF_k2.log","server","D_FP_OFF_MQA_OFF","2","accept_with_hs","42","0","0","0","0","925"
"C&D","C:\Users\407407\Desktop\vllm\github\MQA_FastPath\C&D\server_D_FP_OFF_MQA_OFF_k2.log","server","D_FP_OFF_MQA_OFF","2","average_time_per_proposal_tok_ms","22","41.59","83.8","70.744091","69.65","924"
"C&D","C:\Users\407407\Desktop\vllm\github\MQA_FastPath\C&D\server_D_FP_OFF_MQA_OFF_k2.log","server","D_FP_OFF_MQA_OFF","2","avg_execute_total_ms","10","66.1","87.74","70.897","68.63","928"
"C&D","C:\Users\407407\Desktop\vllm\github\MQA_FastPath\C&D\server_D_FP_OFF_MQA_OFF_k2.log","server","D_FP_OFF_MQA_OFF","2","avg_forward_ms","10","59.4","69.01","63.142","64.11","928"
"C&D","C:\Users\407407\Desktop\vllm\github\MQA_FastPath\C&D\server_D_FP_OFF_MQA_OFF_k2.log","server","D_FP_OFF_MQA_OFF","2","avg_logits_ms","10","1.26","8.26","2.781","1.26","928"
"C&D","C:\Users\407407\Desktop\vllm\github\MQA_FastPath\C&D\server_D_FP_OFF_MQA_OFF_k2.log","server","D_FP_OFF_MQA_OFF","2","avg_sampler_ms","10","3.21","10.42","4.917","3.21","928"
"C&D","C:\Users\407407\Desktop\vllm\github\MQA_FastPath\C&D\server_D_FP_OFF_MQA_OFF_k2.log","server","D_FP_OFF_MQA_OFF","2","count","10","50","500","275","500","928"
"C&D","C:\Users\407407\Desktop\vllm\github\MQA_FastPath\C&D\server_D_FP_OFF_MQA_OFF_k2.log","server","D_FP_OFF_MQA_OFF","2","draft_tp","1","1","1","1","1","48"
"C&D","C:\Users\407407\Desktop\vllm\github\MQA_FastPath\C&D\server_D_FP_OFF_MQA_OFF_k2.log","server","D_FP_OFF_MQA_OFF","2","fail_adapter","1","0","0","0","0","125"
"C&D","C:\Users\407407\Desktop\vllm\github\MQA_FastPath\C&D\server_D_FP_OFF_MQA_OFF_k2.log","server","D_FP_OFF_MQA_OFF","2","fail_backend","1","1","1","1","1","125"
"C&D","C:\Users\407407\Desktop\vllm\github\MQA_FastPath\C&D\server_D_FP_OFF_MQA_OFF_k2.log","server","D_FP_OFF_MQA_OFF","2","fail_disabled","1","0","0","0","0","125"
"C&D","C:\Users\407407\Desktop\vllm\github\MQA_FastPath\C&D\server_D_FP_OFF_MQA_OFF_k2.log","server","D_FP_OFF_MQA_OFF","2","fail_lora","1","0","0","0","0","125"
"C&D","C:\Users\407407\Desktop\vllm\github\MQA_FastPath\C&D\server_D_FP_OFF_MQA_OFF_k2.log","server","D_FP_OFF_MQA_OFF","2","fail_prompt","1","0","0","0","0","125"
"C&D","C:\Users\407407\Desktop\vllm\github\MQA_FastPath\C&D\server_D_FP_OFF_MQA_OFF_k2.log","server","D_FP_OFF_MQA_OFF","2","frequency_penalty","200","0","0","0","0","750"
"C&D","C:\Users\407407\Desktop\vllm\github\MQA_FastPath\C&D\server_D_FP_OFF_MQA_OFF_k2.log","server","D_FP_OFF_MQA_OFF","2","high_k_occ","42","0","0","0","0","927"
"C&D","C:\Users\407407\Desktop\vllm\github\MQA_FastPath\C&D\server_D_FP_OFF_MQA_OFF_k2.log","server","D_FP_OFF_MQA_OFF","2","hs_ratio","42","0","0","0","0","925"
"C&D","C:\Users\407407\Desktop\vllm\github\MQA_FastPath\C&D\server_D_FP_OFF_MQA_OFF_k2.log","server","D_FP_OFF_MQA_OFF","2","iter_p95","42","155.876","355.261","296.911024","305.15","925"
"C&D","C:\Users\407407\Desktop\vllm\github\MQA_FastPath\C&D\server_D_FP_OFF_MQA_OFF_k2.log","server","D_FP_OFF_MQA_OFF","2","k","42","2","2","2","2","926"
"C&D","C:\Users\407407\Desktop\vllm\github\MQA_FastPath\C&D\server_D_FP_OFF_MQA_OFF_k2.log","server","D_FP_OFF_MQA_OFF","2","max_seq_len","1","8192","8192","8192","8192","46"
"C&D","C:\Users\407407\Desktop\vllm\github\MQA_FastPath\C&D\server_D_FP_OFF_MQA_OFF_k2.log","server","D_FP_OFF_MQA_OFF","2","max_tokens","201","4","781","222.965174","593","750"
"C&D","C:\Users\407407\Desktop\vllm\github\MQA_FastPath\C&D\server_D_FP_OFF_MQA_OFF_k2.log","server","D_FP_OFF_MQA_OFF","2","min_p","200","0","0","0","0","750"
"C&D","C:\Users\407407\Desktop\vllm\github\MQA_FastPath\C&D\server_D_FP_OFF_MQA_OFF_k2.log","server","D_FP_OFF_MQA_OFF","2","min_tokens","201","0","0","0","0","750"
"C&D","C:\Users\407407\Desktop\vllm\github\MQA_FastPath\C&D\server_D_FP_OFF_MQA_OFF_k2.log","server","D_FP_OFF_MQA_OFF","2","ms_hit","1","0","0","0","0","125"
"C&D","C:\Users\407407\Desktop\vllm\github\MQA_FastPath\C&D\server_D_FP_OFF_MQA_OFF_k2.log","server","D_FP_OFF_MQA_OFF","2","ms_total","1","1","1","1","1","125"
"C&D","C:\Users\407407\Desktop\vllm\github\MQA_FastPath\C&D\server_D_FP_OFF_MQA_OFF_k2.log","server","D_FP_OFF_MQA_OFF","2","n","200","1","1","1","1","750"
"C&D","C:\Users\407407\Desktop\vllm\github\MQA_FastPath\C&D\server_D_FP_OFF_MQA_OFF_k2.log","server","D_FP_OFF_MQA_OFF","2","num_scheduler_steps","1","1","1","1","1","46"
"C&D","C:\Users\407407\Desktop\vllm\github\MQA_FastPath\C&D\server_D_FP_OFF_MQA_OFF_k2.log","server","D_FP_OFF_MQA_OFF","2","pipeline_parallel_size","1","1","1","1","1","46"
"C&D","C:\Users\407407\Desktop\vllm\github\MQA_FastPath\C&D\server_D_FP_OFF_MQA_OFF_k2.log","server","D_FP_OFF_MQA_OFF","2","presence_penalty","200","0","0","0","0","750"
"C&D","C:\Users\407407\Desktop\vllm\github\MQA_FastPath\C&D\server_D_FP_OFF_MQA_OFF_k2.log","server","D_FP_OFF_MQA_OFF","2","repetition_penalty","200","1","1","1","1","750"
"C&D","C:\Users\407407\Desktop\vllm\github\MQA_FastPath\C&D\server_D_FP_OFF_MQA_OFF_k2.log","server","D_FP_OFF_MQA_OFF","2","sample_len","1","2","2","2","2","124"
"C&D","C:\Users\407407\Desktop\vllm\github\MQA_FastPath\C&D\server_D_FP_OFF_MQA_OFF_k2.log","server","D_FP_OFF_MQA_OFF","2","schedule","1","60","60","60","60","167"
"C&D","C:\Users\407407\Desktop\vllm\github\MQA_FastPath\C&D\server_D_FP_OFF_MQA_OFF_k2.log","server","D_FP_OFF_MQA_OFF","2","scoring_time_ms","22","52.31","134.26","91.592273","60.01","924"
"C&D","C:\Users\407407\Desktop\vllm\github\MQA_FastPath\C&D\server_D_FP_OFF_MQA_OFF_k2.log","server","D_FP_OFF_MQA_OFF","2","switch_per_min","42","0","0","0","0","927"
"C&D","C:\Users\407407\Desktop\vllm\github\MQA_FastPath\C&D\server_D_FP_OFF_MQA_OFF_k2.log","server","D_FP_OFF_MQA_OFF","2","target_tp","1","1","1","1","1","48"
"C&D","C:\Users\407407\Desktop\vllm\github\MQA_FastPath\C&D\server_D_FP_OFF_MQA_OFF_k2.log","server","D_FP_OFF_MQA_OFF","2","temperature","200","0","0","0","0","750"
"C&D","C:\Users\407407\Desktop\vllm\github\MQA_FastPath\C&D\server_D_FP_OFF_MQA_OFF_k2.log","server","D_FP_OFF_MQA_OFF","2","tensor_parallel_size","1","1","1","1","1","46"
"C&D","C:\Users\407407\Desktop\vllm\github\MQA_FastPath\C&D\server_D_FP_OFF_MQA_OFF_k2.log","server","D_FP_OFF_MQA_OFF","2","throughput_tps","42","0.332","241.114","174.705786","202.385","925"
"C&D","C:\Users\407407\Desktop\vllm\github\MQA_FastPath\C&D\server_D_FP_OFF_MQA_OFF_k2.log","server","D_FP_OFF_MQA_OFF","2","top_k","200","0","0","0","0","750"
"C&D","C:\Users\407407\Desktop\vllm\github\MQA_FastPath\C&D\server_D_FP_OFF_MQA_OFF_k2.log","server","D_FP_OFF_MQA_OFF","2","top_p","200","1","1","1","1","750"
"C&D","C:\Users\407407\Desktop\vllm\github\MQA_FastPath\C&D\server_D_FP_OFF_MQA_OFF_k2.log","server","D_FP_OFF_MQA_OFF","2","verification_time_ms","22","3.49","14.69","8.007727","5.35","924"
"C&D","C:\Users\407407\Desktop\vllm\github\MQA_FastPath\C&D\server_D_FP_OFF_MQA_OFF_k2.log","server","D_FP_OFF_MQA_OFF","2","waste_ratio","42","0.1142","0.25","0.141136","0.1269","926"
"C&D","C:\Users\407407\Desktop\vllm\github\MQA_FastPath\C&D\server_D_FP_OFF_MQA_OFF_k4.log","server","D_FP_OFF_MQA_OFF","4","accept","41","0.5263","0.8506","0.818295","0.8506","939"
"C&D","C:\Users\407407\Desktop\vllm\github\MQA_FastPath\C&D\server_D_FP_OFF_MQA_OFF_k4.log","server","D_FP_OFF_MQA_OFF","4","accept_no_hs","41","0.5263","0.8506","0.818295","0.8506","939"
"C&D","C:\Users\407407\Desktop\vllm\github\MQA_FastPath\C&D\server_D_FP_OFF_MQA_OFF_k4.log","server","D_FP_OFF_MQA_OFF","4","accept_with_hs","41","0","0","0","0","939"
"C&D","C:\Users\407407\Desktop\vllm\github\MQA_FastPath\C&D\server_D_FP_OFF_MQA_OFF_k4.log","server","D_FP_OFF_MQA_OFF","4","average_time_per_proposal_tok_ms","22","37.19","82.59","65.075909","71.24","933"
"C&D","C:\Users\407407\Desktop\vllm\github\MQA_FastPath\C&D\server_D_FP_OFF_MQA_OFF_k4.log","server","D_FP_OFF_MQA_OFF","4","avg_execute_total_ms","9","68.23","85.6","72.678889","71.42","929"
"C&D","C:\Users\407407\Desktop\vllm\github\MQA_FastPath\C&D\server_D_FP_OFF_MQA_OFF_k4.log","server","D_FP_OFF_MQA_OFF","4","avg_forward_ms","9","57.38","66.98","61.501111","64.28","929"
"C&D","C:\Users\407407\Desktop\vllm\github\MQA_FastPath\C&D\server_D_FP_OFF_MQA_OFF_k4.log","server","D_FP_OFF_MQA_OFF","4","avg_logits_ms","9","1.39","8.19","2.952222","1.39","929"
"C&D","C:\Users\407407\Desktop\vllm\github\MQA_FastPath\C&D\server_D_FP_OFF_MQA_OFF_k4.log","server","D_FP_OFF_MQA_OFF","4","avg_sampler_ms","9","5.7","11.88","8.17","5.7","929"
"C&D","C:\Users\407407\Desktop\vllm\github\MQA_FastPath\C&D\server_D_FP_OFF_MQA_OFF_k4.log","server","D_FP_OFF_MQA_OFF","4","count","9","50","450","250","450","929"
"C&D","C:\Users\407407\Desktop\vllm\github\MQA_FastPath\C&D\server_D_FP_OFF_MQA_OFF_k4.log","server","D_FP_OFF_MQA_OFF","4","draft_tp","1","1","1","1","1","48"
"C&D","C:\Users\407407\Desktop\vllm\github\MQA_FastPath\C&D\server_D_FP_OFF_MQA_OFF_k4.log","server","D_FP_OFF_MQA_OFF","4","fail_adapter","1","0","0","0","0","125"
"C&D","C:\Users\407407\Desktop\vllm\github\MQA_FastPath\C&D\server_D_FP_OFF_MQA_OFF_k4.log","server","D_FP_OFF_MQA_OFF","4","fail_backend","1","1","1","1","1","125"
"C&D","C:\Users\407407\Desktop\vllm\github\MQA_FastPath\C&D\server_D_FP_OFF_MQA_OFF_k4.log","server","D_FP_OFF_MQA_OFF","4","fail_disabled","1","0","0","0","0","125"
"C&D","C:\Users\407407\Desktop\vllm\github\MQA_FastPath\C&D\server_D_FP_OFF_MQA_OFF_k4.log","server","D_FP_OFF_MQA_OFF","4","fail_lora","1","0","0","0","0","125"
"C&D","C:\Users\407407\Desktop\vllm\github\MQA_FastPath\C&D\server_D_FP_OFF_MQA_OFF_k4.log","server","D_FP_OFF_MQA_OFF","4","fail_prompt","1","0","0","0","0","125"
"C&D","C:\Users\407407\Desktop\vllm\github\MQA_FastPath\C&D\server_D_FP_OFF_MQA_OFF_k4.log","server","D_FP_OFF_MQA_OFF","4","frequency_penalty","200","0","0","0","0","754"
"C&D","C:\Users\407407\Desktop\vllm\github\MQA_FastPath\C&D\server_D_FP_OFF_MQA_OFF_k4.log","server","D_FP_OFF_MQA_OFF","4","high_k_occ","41","0.022","0.7","0.079315","0.022","941"
"C&D","C:\Users\407407\Desktop\vllm\github\MQA_FastPath\C&D\server_D_FP_OFF_MQA_OFF_k4.log","server","D_FP_OFF_MQA_OFF","4","hs_ratio","41","0","0","0","0","939"
"C&D","C:\Users\407407\Desktop\vllm\github\MQA_FastPath\C&D\server_D_FP_OFF_MQA_OFF_k4.log","server","D_FP_OFF_MQA_OFF","4","iter_p95","41","206.287","401.568","360.265171","367.593","939"
"C&D","C:\Users\407407\Desktop\vllm\github\MQA_FastPath\C&D\server_D_FP_OFF_MQA_OFF_k4.log","server","D_FP_OFF_MQA_OFF","4","k","31","2","3","2.064516","2","940"
"C&D","C:\Users\407407\Desktop\vllm\github\MQA_FastPath\C&D\server_D_FP_OFF_MQA_OFF_k4.log","server","D_FP_OFF_MQA_OFF","4","max_seq_len","1","8192","8192","8192","8192","46"
"C&D","C:\Users\407407\Desktop\vllm\github\MQA_FastPath\C&D\server_D_FP_OFF_MQA_OFF_k4.log","server","D_FP_OFF_MQA_OFF","4","max_tokens","201","4","781","222.965174","266","754"
"C&D","C:\Users\407407\Desktop\vllm\github\MQA_FastPath\C&D\server_D_FP_OFF_MQA_OFF_k4.log","server","D_FP_OFF_MQA_OFF","4","min_p","200","0","0","0","0","754"
"C&D","C:\Users\407407\Desktop\vllm\github\MQA_FastPath\C&D\server_D_FP_OFF_MQA_OFF_k4.log","server","D_FP_OFF_MQA_OFF","4","min_tokens","201","0","0","0","0","754"
"C&D","C:\Users\407407\Desktop\vllm\github\MQA_FastPath\C&D\server_D_FP_OFF_MQA_OFF_k4.log","server","D_FP_OFF_MQA_OFF","4","ms_hit","1","0","0","0","0","125"
"C&D","C:\Users\407407\Desktop\vllm\github\MQA_FastPath\C&D\server_D_FP_OFF_MQA_OFF_k4.log","server","D_FP_OFF_MQA_OFF","4","ms_total","1","1","1","1","1","125"
"C&D","C:\Users\407407\Desktop\vllm\github\MQA_FastPath\C&D\server_D_FP_OFF_MQA_OFF_k4.log","server","D_FP_OFF_MQA_OFF","4","n","200","1","1","1","1","754"
"C&D","C:\Users\407407\Desktop\vllm\github\MQA_FastPath\C&D\server_D_FP_OFF_MQA_OFF_k4.log","server","D_FP_OFF_MQA_OFF","4","num_scheduler_steps","1","1","1","1","1","46"
"C&D","C:\Users\407407\Desktop\vllm\github\MQA_FastPath\C&D\server_D_FP_OFF_MQA_OFF_k4.log","server","D_FP_OFF_MQA_OFF","4","pipeline_parallel_size","1","1","1","1","1","46"
"C&D","C:\Users\407407\Desktop\vllm\github\MQA_FastPath\C&D\server_D_FP_OFF_MQA_OFF_k4.log","server","D_FP_OFF_MQA_OFF","4","pos2","15","0","1","0.75788","0.8714","824"
"C&D","C:\Users\407407\Desktop\vllm\github\MQA_FastPath\C&D\server_D_FP_OFF_MQA_OFF_k4.log","server","D_FP_OFF_MQA_OFF","4","pos3","15","0","0.9","0.63238","0.8714","824"
"C&D","C:\Users\407407\Desktop\vllm\github\MQA_FastPath\C&D\server_D_FP_OFF_MQA_OFF_k4.log","server","D_FP_OFF_MQA_OFF","4","pos4","15","0","0.9","0.63238","0.8714","824"
"C&D","C:\Users\407407\Desktop\vllm\github\MQA_FastPath\C&D\server_D_FP_OFF_MQA_OFF_k4.log","server","D_FP_OFF_MQA_OFF","4","presence_penalty","200","0","0","0","0","754"
"C&D","C:\Users\407407\Desktop\vllm\github\MQA_FastPath\C&D\server_D_FP_OFF_MQA_OFF_k4.log","server","D_FP_OFF_MQA_OFF","4","q","15","1","169","91.266667","70","824"
"C&D","C:\Users\407407\Desktop\vllm\github\MQA_FastPath\C&D\server_D_FP_OFF_MQA_OFF_k4.log","server","D_FP_OFF_MQA_OFF","4","repetition_penalty","200","1","1","1","1","754"
"C&D","C:\Users\407407\Desktop\vllm\github\MQA_FastPath\C&D\server_D_FP_OFF_MQA_OFF_k4.log","server","D_FP_OFF_MQA_OFF","4","sample_len","1","4","4","4","4","124"
"C&D","C:\Users\407407\Desktop\vllm\github\MQA_FastPath\C&D\server_D_FP_OFF_MQA_OFF_k4.log","server","D_FP_OFF_MQA_OFF","4","schedule","1","60","60","60","60","167"
"C&D","C:\Users\407407\Desktop\vllm\github\MQA_FastPath\C&D\server_D_FP_OFF_MQA_OFF_k4.log","server","D_FP_OFF_MQA_OFF","4","scoring_time_ms","22","51.42","149.19","95.406364","59.73","933"
"C&D","C:\Users\407407\Desktop\vllm\github\MQA_FastPath\C&D\server_D_FP_OFF_MQA_OFF_k4.log","server","D_FP_OFF_MQA_OFF","4","switch_per_min","41","1.3068","13.8271","9.663549","9.5812","941"
"C&D","C:\Users\407407\Desktop\vllm\github\MQA_FastPath\C&D\server_D_FP_OFF_MQA_OFF_k4.log","server","D_FP_OFF_MQA_OFF","4","target_tp","1","1","1","1","1","48"
"C&D","C:\Users\407407\Desktop\vllm\github\MQA_FastPath\C&D\server_D_FP_OFF_MQA_OFF_k4.log","server","D_FP_OFF_MQA_OFF","4","temperature","200","0","0","0","0","754"
"C&D","C:\Users\407407\Desktop\vllm\github\MQA_FastPath\C&D\server_D_FP_OFF_MQA_OFF_k4.log","server","D_FP_OFF_MQA_OFF","4","tensor_parallel_size","1","1","1","1","1","46"
"C&D","C:\Users\407407\Desktop\vllm\github\MQA_FastPath\C&D\server_D_FP_OFF_MQA_OFF_k4.log","server","D_FP_OFF_MQA_OFF","4","throughput_tps","41","0.436","253.903","184.458146","211.906","939"
"C&D","C:\Users\407407\Desktop\vllm\github\MQA_FastPath\C&D\server_D_FP_OFF_MQA_OFF_k4.log","server","D_FP_OFF_MQA_OFF","4","top_k","200","0","0","0","0","754"
"C&D","C:\Users\407407\Desktop\vllm\github\MQA_FastPath\C&D\server_D_FP_OFF_MQA_OFF_k4.log","server","D_FP_OFF_MQA_OFF","4","top_p","200","1","1","1","1","754"
"C&D","C:\Users\407407\Desktop\vllm\github\MQA_FastPath\C&D\server_D_FP_OFF_MQA_OFF_k4.log","server","D_FP_OFF_MQA_OFF","4","verification_time_ms","22","3.4","19.16","9.322273","5.15","933"
"C&D","C:\Users\407407\Desktop\vllm\github\MQA_FastPath\C&D\server_D_FP_OFF_MQA_OFF_k4.log","server","D_FP_OFF_MQA_OFF","4","waste","15","0.05","0.6667","0.197573","0.0643","824"
"C&D","C:\Users\407407\Desktop\vllm\github\MQA_FastPath\C&D\server_D_FP_OFF_MQA_OFF_k4.log","server","D_FP_OFF_MQA_OFF","4","waste_ratio","31","0.0788","0.1929","0.120197","0.1155","940"
"C&D","C:\Users\407407\Desktop\vllm\github\MQA_FastPath\C&D\server_D_FP_OFF_MQA_OFF_k8.log","server","D_FP_OFF_MQA_OFF","8","accept","40","0.5263","0.8336","0.803955","0.8281","949"
"C&D","C:\Users\407407\Desktop\vllm\github\MQA_FastPath\C&D\server_D_FP_OFF_MQA_OFF_k8.log","server","D_FP_OFF_MQA_OFF","8","accept_no_hs","40","0.5263","0.8336","0.803955","0.8281","949"
"C&D","C:\Users\407407\Desktop\vllm\github\MQA_FastPath\C&D\server_D_FP_OFF_MQA_OFF_k8.log","server","D_FP_OFF_MQA_OFF","8","accept_with_hs","40","0","0","0","0","949"
"C&D","C:\Users\407407\Desktop\vllm\github\MQA_FastPath\C&D\server_D_FP_OFF_MQA_OFF_k8.log","server","D_FP_OFF_MQA_OFF","8","average_time_per_proposal_tok_ms","23","37.5","84.17","66.215217","68.29","940"
"C&D","C:\Users\407407\Desktop\vllm\github\MQA_FastPath\C&D\server_D_FP_OFF_MQA_OFF_k8.log","server","D_FP_OFF_MQA_OFF","8","avg_execute_total_ms","9","68.97","86.04","73.188889","70.21","938"
"C&D","C:\Users\407407\Desktop\vllm\github\MQA_FastPath\C&D\server_D_FP_OFF_MQA_OFF_k8.log","server","D_FP_OFF_MQA_OFF","8","avg_forward_ms","9","58.79","67.48","62.591111","63.43","938"
"C&D","C:\Users\407407\Desktop\vllm\github\MQA_FastPath\C&D\server_D_FP_OFF_MQA_OFF_k8.log","server","D_FP_OFF_MQA_OFF","8","avg_logits_ms","9","1.39","8.03","2.91","1.39","938"
"C&D","C:\Users\407407\Desktop\vllm\github\MQA_FastPath\C&D\server_D_FP_OFF_MQA_OFF_k8.log","server","D_FP_OFF_MQA_OFF","8","avg_sampler_ms","9","5.34","10.49","7.631111","5.34","938"
"C&D","C:\Users\407407\Desktop\vllm\github\MQA_FastPath\C&D\server_D_FP_OFF_MQA_OFF_k8.log","server","D_FP_OFF_MQA_OFF","8","count","9","50","450","250","450","938"
"C&D","C:\Users\407407\Desktop\vllm\github\MQA_FastPath\C&D\server_D_FP_OFF_MQA_OFF_k8.log","server","D_FP_OFF_MQA_OFF","8","draft_tp","1","1","1","1","1","48"
"C&D","C:\Users\407407\Desktop\vllm\github\MQA_FastPath\C&D\server_D_FP_OFF_MQA_OFF_k8.log","server","D_FP_OFF_MQA_OFF","8","fail_adapter","1","0","0","0","0","125"
"C&D","C:\Users\407407\Desktop\vllm\github\MQA_FastPath\C&D\server_D_FP_OFF_MQA_OFF_k8.log","server","D_FP_OFF_MQA_OFF","8","fail_backend","1","1","1","1","1","125"
"C&D","C:\Users\407407\Desktop\vllm\github\MQA_FastPath\C&D\server_D_FP_OFF_MQA_OFF_k8.log","server","D_FP_OFF_MQA_OFF","8","fail_disabled","1","0","0","0","0","125"
"C&D","C:\Users\407407\Desktop\vllm\github\MQA_FastPath\C&D\server_D_FP_OFF_MQA_OFF_k8.log","server","D_FP_OFF_MQA_OFF","8","fail_lora","1","0","0","0","0","125"
"C&D","C:\Users\407407\Desktop\vllm\github\MQA_FastPath\C&D\server_D_FP_OFF_MQA_OFF_k8.log","server","D_FP_OFF_MQA_OFF","8","fail_prompt","1","0","0","0","0","125"
"C&D","C:\Users\407407\Desktop\vllm\github\MQA_FastPath\C&D\server_D_FP_OFF_MQA_OFF_k8.log","server","D_FP_OFF_MQA_OFF","8","frequency_penalty","200","0","0","0","0","756"
"C&D","C:\Users\407407\Desktop\vllm\github\MQA_FastPath\C&D\server_D_FP_OFF_MQA_OFF_k8.log","server","D_FP_OFF_MQA_OFF","8","high_k_occ","40","0.035","0.7","0.093615","0.035","950"
"C&D","C:\Users\407407\Desktop\vllm\github\MQA_FastPath\C&D\server_D_FP_OFF_MQA_OFF_k8.log","server","D_FP_OFF_MQA_OFF","8","hs_ratio","40","0","0","0","0","949"
"C&D","C:\Users\407407\Desktop\vllm\github\MQA_FastPath\C&D\server_D_FP_OFF_MQA_OFF_k8.log","server","D_FP_OFF_MQA_OFF","8","iter_p95","40","221.919","436.087","374.52895","386.836","949"
"C&D","C:\Users\407407\Desktop\vllm\github\MQA_FastPath\C&D\server_D_FP_OFF_MQA_OFF_k8.log","server","D_FP_OFF_MQA_OFF","8","k","28","2","3","2.428571","2","946"
"C&D","C:\Users\407407\Desktop\vllm\github\MQA_FastPath\C&D\server_D_FP_OFF_MQA_OFF_k8.log","server","D_FP_OFF_MQA_OFF","8","max_seq_len","1","8192","8192","8192","8192","46"
"C&D","C:\Users\407407\Desktop\vllm\github\MQA_FastPath\C&D\server_D_FP_OFF_MQA_OFF_k8.log","server","D_FP_OFF_MQA_OFF","8","max_tokens","201","4","781","222.965174","593","756"
"C&D","C:\Users\407407\Desktop\vllm\github\MQA_FastPath\C&D\server_D_FP_OFF_MQA_OFF_k8.log","server","D_FP_OFF_MQA_OFF","8","min_p","200","0","0","0","0","756"
"C&D","C:\Users\407407\Desktop\vllm\github\MQA_FastPath\C&D\server_D_FP_OFF_MQA_OFF_k8.log","server","D_FP_OFF_MQA_OFF","8","min_tokens","201","0","0","0","0","756"
"C&D","C:\Users\407407\Desktop\vllm\github\MQA_FastPath\C&D\server_D_FP_OFF_MQA_OFF_k8.log","server","D_FP_OFF_MQA_OFF","8","ms_hit","1","0","0","0","0","125"
"C&D","C:\Users\407407\Desktop\vllm\github\MQA_FastPath\C&D\server_D_FP_OFF_MQA_OFF_k8.log","server","D_FP_OFF_MQA_OFF","8","ms_total","1","1","1","1","1","125"
"C&D","C:\Users\407407\Desktop\vllm\github\MQA_FastPath\C&D\server_D_FP_OFF_MQA_OFF_k8.log","server","D_FP_OFF_MQA_OFF","8","n","200","1","1","1","1","756"
"C&D","C:\Users\407407\Desktop\vllm\github\MQA_FastPath\C&D\server_D_FP_OFF_MQA_OFF_k8.log","server","D_FP_OFF_MQA_OFF","8","num_scheduler_steps","1","1","1","1","1","46"
"C&D","C:\Users\407407\Desktop\vllm\github\MQA_FastPath\C&D\server_D_FP_OFF_MQA_OFF_k8.log","server","D_FP_OFF_MQA_OFF","8","pipeline_parallel_size","1","1","1","1","1","46"
"C&D","C:\Users\407407\Desktop\vllm\github\MQA_FastPath\C&D\server_D_FP_OFF_MQA_OFF_k8.log","server","D_FP_OFF_MQA_OFF","8","pos2","21","0","1","0.748829","0.75","904"
"C&D","C:\Users\407407\Desktop\vllm\github\MQA_FastPath\C&D\server_D_FP_OFF_MQA_OFF_k8.log","server","D_FP_OFF_MQA_OFF","8","pos3","21","0","0.859","0.599419","0.5","904"
"C&D","C:\Users\407407\Desktop\vllm\github\MQA_FastPath\C&D\server_D_FP_OFF_MQA_OFF_k8.log","server","D_FP_OFF_MQA_OFF","8","pos4","21","0","0.859","0.599419","0.5","904"
"C&D","C:\Users\407407\Desktop\vllm\github\MQA_FastPath\C&D\server_D_FP_OFF_MQA_OFF_k8.log","server","D_FP_OFF_MQA_OFF","8","presence_penalty","200","0","0","0","0","756"
"C&D","C:\Users\407407\Desktop\vllm\github\MQA_FastPath\C&D\server_D_FP_OFF_MQA_OFF_k8.log","server","D_FP_OFF_MQA_OFF","8","q","21","1","158","69","8","904"
"C&D","C:\Users\407407\Desktop\vllm\github\MQA_FastPath\C&D\server_D_FP_OFF_MQA_OFF_k8.log","server","D_FP_OFF_MQA_OFF","8","repetition_penalty","200","1","1","1","1","756"
"C&D","C:\Users\407407\Desktop\vllm\github\MQA_FastPath\C&D\server_D_FP_OFF_MQA_OFF_k8.log","server","D_FP_OFF_MQA_OFF","8","sample_len","1","4","4","4","4","124"
"C&D","C:\Users\407407\Desktop\vllm\github\MQA_FastPath\C&D\server_D_FP_OFF_MQA_OFF_k8.log","server","D_FP_OFF_MQA_OFF","8","schedule","1","60","60","60","60","167"
"C&D","C:\Users\407407\Desktop\vllm\github\MQA_FastPath\C&D\server_D_FP_OFF_MQA_OFF_k8.log","server","D_FP_OFF_MQA_OFF","8","scoring_time_ms","23","53.99","940.55","137.010435","54.21","940"
"C&D","C:\Users\407407\Desktop\vllm\github\MQA_FastPath\C&D\server_D_FP_OFF_MQA_OFF_k8.log","server","D_FP_OFF_MQA_OFF","8","switch_per_min","40","1.3631","14.2447","10.599395","12.7082","950"
"C&D","C:\Users\407407\Desktop\vllm\github\MQA_FastPath\C&D\server_D_FP_OFF_MQA_OFF_k8.log","server","D_FP_OFF_MQA_OFF","8","target_tp","1","1","1","1","1","48"
"C&D","C:\Users\407407\Desktop\vllm\github\MQA_FastPath\C&D\server_D_FP_OFF_MQA_OFF_k8.log","server","D_FP_OFF_MQA_OFF","8","temperature","200","0","0","0","0","756"
"C&D","C:\Users\407407\Desktop\vllm\github\MQA_FastPath\C&D\server_D_FP_OFF_MQA_OFF_k8.log","server","D_FP_OFF_MQA_OFF","8","tensor_parallel_size","1","1","1","1","1","46"
"C&D","C:\Users\407407\Desktop\vllm\github\MQA_FastPath\C&D\server_D_FP_OFF_MQA_OFF_k8.log","server","D_FP_OFF_MQA_OFF","8","throughput_tps","40","0.454","254.82","181.4407","210.458","949"
"C&D","C:\Users\407407\Desktop\vllm\github\MQA_FastPath\C&D\server_D_FP_OFF_MQA_OFF_k8.log","server","D_FP_OFF_MQA_OFF","8","top_k","200","0","0","0","0","756"
"C&D","C:\Users\407407\Desktop\vllm\github\MQA_FastPath\C&D\server_D_FP_OFF_MQA_OFF_k8.log","server","D_FP_OFF_MQA_OFF","8","top_p","200","1","1","1","1","756"
"C&D","C:\Users\407407\Desktop\vllm\github\MQA_FastPath\C&D\server_D_FP_OFF_MQA_OFF_k8.log","server","D_FP_OFF_MQA_OFF","8","verification_time_ms","23","3.96","24.57","10.788261","4.84","940"
"C&D","C:\Users\407407\Desktop\vllm\github\MQA_FastPath\C&D\server_D_FP_OFF_MQA_OFF_k8.log","server","D_FP_OFF_MQA_OFF","8","waste","21","0.0705","0.6667","0.213876","0.25","904"
"C&D","C:\Users\407407\Desktop\vllm\github\MQA_FastPath\C&D\server_D_FP_OFF_MQA_OFF_k8.log","server","D_FP_OFF_MQA_OFF","8","waste_ratio","28","0.1414","0.1917","0.159764","0.1633","946"
"no_spec","C:\Users\407407\Desktop\vllm\github\MQA_FastPath\no_spec\bench_NO_SPEC_k0.log","bench","NO_SPEC","0","burstiness","1","1","1","1","1","20"
"no_spec","C:\Users\407407\Desktop\vllm\github\MQA_FastPath\no_spec\bench_NO_SPEC_k0.log","bench","NO_SPEC","0","num_prompts","1","200","200","200","200","20"
"no_spec","C:\Users\407407\Desktop\vllm\github\MQA_FastPath\no_spec\bench_NO_SPEC_k0.log","bench","NO_SPEC","0","port","1","8000","8000","8000","8000","20"
"no_spec","C:\Users\407407\Desktop\vllm\github\MQA_FastPath\no_spec\bench_NO_SPEC_k0.log","bench","NO_SPEC","0","random_input_len","1","1024","1024","1024","1024","20"
"no_spec","C:\Users\407407\Desktop\vllm\github\MQA_FastPath\no_spec\bench_NO_SPEC_k0.log","bench","NO_SPEC","0","random_output_len","1","128","128","128","128","20"
"no_spec","C:\Users\407407\Desktop\vllm\github\MQA_FastPath\no_spec\bench_NO_SPEC_k0.log","bench","NO_SPEC","0","random_prefix_len","1","0","0","0","0","20"
"no_spec","C:\Users\407407\Desktop\vllm\github\MQA_FastPath\no_spec\bench_NO_SPEC_k0.log","bench","NO_SPEC","0","random_range_ratio","1","0","0","0","0","20"
"no_spec","C:\Users\407407\Desktop\vllm\github\MQA_FastPath\no_spec\bench_NO_SPEC_k0.log","bench","NO_SPEC","0","request_rate","1","16","16","16","16","20"
"no_spec","C:\Users\407407\Desktop\vllm\github\MQA_FastPath\no_spec\bench_NO_SPEC_k0.log","bench","NO_SPEC","0","seed","1","0","0","0","0","20"
"no_spec","C:\Users\407407\Desktop\vllm\github\MQA_FastPath\no_spec\bench_NO_SPEC_k0.log","bench","NO_SPEC","0","sonnet_input_len","1","550","550","550","550","20"
"no_spec","C:\Users\407407\Desktop\vllm\github\MQA_FastPath\no_spec\bench_NO_SPEC_k0.log","bench","NO_SPEC","0","sonnet_output_len","1","150","150","150","150","20"
"no_spec","C:\Users\407407\Desktop\vllm\github\MQA_FastPath\no_spec\bench_NO_SPEC_k0.log","bench","NO_SPEC","0","sonnet_prefix_len","1","200","200","200","200","20"
"no_spec","C:\Users\407407\Desktop\vllm\github\MQA_FastPath\no_spec\key_NO_SPEC_k0.log","key","NO_SPEC","0","avg_execute_total_ms","20","60.4","78.41","64.2285","60.4","21"
"no_spec","C:\Users\407407\Desktop\vllm\github\MQA_FastPath\no_spec\key_NO_SPEC_k0.log","key","NO_SPEC","0","avg_forward_ms","20","49.99","60.42","52.3275","49.99","21"
"no_spec","C:\Users\407407\Desktop\vllm\github\MQA_FastPath\no_spec\key_NO_SPEC_k0.log","key","NO_SPEC","0","avg_logits_ms","20","0.63","7.42","1.5765","0.63","21"
"no_spec","C:\Users\407407\Desktop\vllm\github\MQA_FastPath\no_spec\key_NO_SPEC_k0.log","key","NO_SPEC","0","avg_sampler_ms","20","3.24","9.39","4.5825","3.24","21"
"no_spec","C:\Users\407407\Desktop\vllm\github\MQA_FastPath\no_spec\key_NO_SPEC_k0.log","key","NO_SPEC","0","count","20","50","1000","525","1000","21"
"no_spec","C:\Users\407407\Desktop\vllm\github\MQA_FastPath\no_spec\key_NO_SPEC_k0.log","key","NO_SPEC","0","frequency_penalty","1","0","0","0","0","4"
"no_spec","C:\Users\407407\Desktop\vllm\github\MQA_FastPath\no_spec\key_NO_SPEC_k0.log","key","NO_SPEC","0","max_tokens","1","340","340","340","340","4"
"no_spec","C:\Users\407407\Desktop\vllm\github\MQA_FastPath\no_spec\key_NO_SPEC_k0.log","key","NO_SPEC","0","min_p","1","0","0","0","0","4"
"no_spec","C:\Users\407407\Desktop\vllm\github\MQA_FastPath\no_spec\key_NO_SPEC_k0.log","key","NO_SPEC","0","min_tokens","1","0","0","0","0","4"
"no_spec","C:\Users\407407\Desktop\vllm\github\MQA_FastPath\no_spec\key_NO_SPEC_k0.log","key","NO_SPEC","0","n","1","1","1","1","1","4"
"no_spec","C:\Users\407407\Desktop\vllm\github\MQA_FastPath\no_spec\key_NO_SPEC_k0.log","key","NO_SPEC","0","presence_penalty","1","0","0","0","0","4"
"no_spec","C:\Users\407407\Desktop\vllm\github\MQA_FastPath\no_spec\key_NO_SPEC_k0.log","key","NO_SPEC","0","repetition_penalty","1","1","1","1","1","4"
"no_spec","C:\Users\407407\Desktop\vllm\github\MQA_FastPath\no_spec\key_NO_SPEC_k0.log","key","NO_SPEC","0","temperature","1","0","0","0","0","4"
"no_spec","C:\Users\407407\Desktop\vllm\github\MQA_FastPath\no_spec\key_NO_SPEC_k0.log","key","NO_SPEC","0","top_k","1","0","0","0","0","4"
"no_spec","C:\Users\407407\Desktop\vllm\github\MQA_FastPath\no_spec\key_NO_SPEC_k0.log","key","NO_SPEC","0","top_p","1","1","1","1","1","4"
"no_spec","C:\Users\407407\Desktop\vllm\github\MQA_FastPath\no_spec\meta_NO_SPEC_k0.log","meta","NO_SPEC","0","k","1","0","0","0","0","3"
"no_spec","C:\Users\407407\Desktop\vllm\github\MQA_FastPath\no_spec\meta_NO_SPEC_k0.log","meta","NO_SPEC","0","NUM_PROMPTS","1","200","200","200","200","8"
"no_spec","C:\Users\407407\Desktop\vllm\github\MQA_FastPath\no_spec\meta_NO_SPEC_k0.log","meta","NO_SPEC","0","PORT","1","8000","8000","8000","8000","7"
"no_spec","C:\Users\407407\Desktop\vllm\github\MQA_FastPath\no_spec\meta_NO_SPEC_k0.log","meta","NO_SPEC","0","REQUEST_RATE","1","16","16","16","16","8"
"no_spec","C:\Users\407407\Desktop\vllm\github\MQA_FastPath\no_spec\meta_NO_SPEC_k0.log","meta","NO_SPEC","0","VLLM_ASCEND_BASE_STAGE_LOG_ENABLE","1","1","1","1","1","11"
"no_spec","C:\Users\407407\Desktop\vllm\github\MQA_FastPath\no_spec\meta_NO_SPEC_k0.log","meta","NO_SPEC","0","VLLM_ASCEND_BASE_STAGE_LOG_INTERVAL","1","50","50","50","50","12"
"no_spec","C:\Users\407407\Desktop\vllm\github\MQA_FastPath\no_spec\meta_NO_SPEC_k0.log","meta","NO_SPEC","0","VLLM_ASCEND_RUNNER_STAGE_LOG_ENABLE","1","1","1","1","1","13"
"no_spec","C:\Users\407407\Desktop\vllm\github\MQA_FastPath\no_spec\meta_NO_SPEC_k0.log","meta","NO_SPEC","0","VLLM_ASCEND_RUNNER_STAGE_LOG_INTERVAL","1","50","50","50","50","14"
"no_spec","C:\Users\407407\Desktop\vllm\github\MQA_FastPath\no_spec\probe_NO_SPEC.log","probe","NO_SPEC",,"VLLM_ASCEND_BASE_STAGE_LOG_ENABLE","1","1","1","1","1","8"
"no_spec","C:\Users\407407\Desktop\vllm\github\MQA_FastPath\no_spec\probe_NO_SPEC.log","probe","NO_SPEC",,"VLLM_ASCEND_BASE_STAGE_LOG_INTERVAL","1","50","50","50","50","9"
"no_spec","C:\Users\407407\Desktop\vllm\github\MQA_FastPath\no_spec\probe_NO_SPEC.log","probe","NO_SPEC",,"VLLM_ASCEND_RUNNER_STAGE_LOG_ENABLE","1","1","1","1","1","10"
"no_spec","C:\Users\407407\Desktop\vllm\github\MQA_FastPath\no_spec\probe_NO_SPEC.log","probe","NO_SPEC",,"VLLM_ASCEND_RUNNER_STAGE_LOG_INTERVAL","1","50","50","50","50","11"
"no_spec","C:\Users\407407\Desktop\vllm\github\MQA_FastPath\no_spec\server_NO_SPEC_k0.log","server","NO_SPEC","0","avg_execute_total_ms","20","60.4","78.41","64.2285","60.4","745"
"no_spec","C:\Users\407407\Desktop\vllm\github\MQA_FastPath\no_spec\server_NO_SPEC_k0.log","server","NO_SPEC","0","avg_forward_ms","20","49.99","60.42","52.3275","49.99","745"
"no_spec","C:\Users\407407\Desktop\vllm\github\MQA_FastPath\no_spec\server_NO_SPEC_k0.log","server","NO_SPEC","0","avg_logits_ms","20","0.63","7.42","1.5765","0.63","745"
"no_spec","C:\Users\407407\Desktop\vllm\github\MQA_FastPath\no_spec\server_NO_SPEC_k0.log","server","NO_SPEC","0","avg_sampler_ms","20","3.24","9.39","4.5825","3.24","745"
"no_spec","C:\Users\407407\Desktop\vllm\github\MQA_FastPath\no_spec\server_NO_SPEC_k0.log","server","NO_SPEC","0","count","20","50","1000","525","1000","745"
"no_spec","C:\Users\407407\Desktop\vllm\github\MQA_FastPath\no_spec\server_NO_SPEC_k0.log","server","NO_SPEC","0","frequency_penalty","200","0","0","0","0","715"
"no_spec","C:\Users\407407\Desktop\vllm\github\MQA_FastPath\no_spec\server_NO_SPEC_k0.log","server","NO_SPEC","0","max_seq_len","1","8192","8192","8192","8192","44"
"no_spec","C:\Users\407407\Desktop\vllm\github\MQA_FastPath\no_spec\server_NO_SPEC_k0.log","server","NO_SPEC","0","max_tokens","201","4","781","222.965174","593","715"
"no_spec","C:\Users\407407\Desktop\vllm\github\MQA_FastPath\no_spec\server_NO_SPEC_k0.log","server","NO_SPEC","0","min_p","200","0","0","0","0","715"
"no_spec","C:\Users\407407\Desktop\vllm\github\MQA_FastPath\no_spec\server_NO_SPEC_k0.log","server","NO_SPEC","0","min_tokens","201","0","0","0","0","715"
"no_spec","C:\Users\407407\Desktop\vllm\github\MQA_FastPath\no_spec\server_NO_SPEC_k0.log","server","NO_SPEC","0","n","200","1","1","1","1","715"
"no_spec","C:\Users\407407\Desktop\vllm\github\MQA_FastPath\no_spec\server_NO_SPEC_k0.log","server","NO_SPEC","0","num_scheduler_steps","1","1","1","1","1","44"
"no_spec","C:\Users\407407\Desktop\vllm\github\MQA_FastPath\no_spec\server_NO_SPEC_k0.log","server","NO_SPEC","0","pipeline_parallel_size","1","1","1","1","1","44"
"no_spec","C:\Users\407407\Desktop\vllm\github\MQA_FastPath\no_spec\server_NO_SPEC_k0.log","server","NO_SPEC","0","presence_penalty","200","0","0","0","0","715"
"no_spec","C:\Users\407407\Desktop\vllm\github\MQA_FastPath\no_spec\server_NO_SPEC_k0.log","server","NO_SPEC","0","repetition_penalty","200","1","1","1","1","715"
"no_spec","C:\Users\407407\Desktop\vllm\github\MQA_FastPath\no_spec\server_NO_SPEC_k0.log","server","NO_SPEC","0","schedule","1","60","60","60","60","134"
"no_spec","C:\Users\407407\Desktop\vllm\github\MQA_FastPath\no_spec\server_NO_SPEC_k0.log","server","NO_SPEC","0","temperature","200","0","0","0","0","715"
"no_spec","C:\Users\407407\Desktop\vllm\github\MQA_FastPath\no_spec\server_NO_SPEC_k0.log","server","NO_SPEC","0","tensor_parallel_size","1","1","1","1","1","44"
"no_spec","C:\Users\407407\Desktop\vllm\github\MQA_FastPath\no_spec\server_NO_SPEC_k0.log","server","NO_SPEC","0","top_k","200","0","0","0","0","715"
"no_spec","C:\Users\407407\Desktop\vllm\github\MQA_FastPath\no_spec\server_NO_SPEC_k0.log","server","NO_SPEC","0","top_p","200","1","1","1","1","715"
