"data_group","file_path","source_kind","suite_from_name","k_from_name","key","last_line_no","last_value"
"A&B","C:\Users\407407\Desktop\vllm\github\MQA_FastPath\A&B\bench_A_FP_ON_MQA_ON_k2.log","bench","A_FP_ON_MQA_ON","2","append_result","20","False"
"A&B","C:\Users\407407\Desktop\vllm\github\MQA_FastPath\A&B\bench_A_FP_ON_MQA_ON_k2.log","bench","A_FP_ON_MQA_ON","2","base_url","20","'http://127.0.0.1:8000'"
"A&B","C:\Users\407407\Desktop\vllm\github\MQA_FastPath\A&B\bench_A_FP_ON_MQA_ON_k2.log","bench","A_FP_ON_MQA_ON","2","bench_type","20","'serve'"
"A&B","C:\Users\407407\Desktop\vllm\github\MQA_FastPath\A&B\bench_A_FP_ON_MQA_ON_k2.log","bench","A_FP_ON_MQA_ON","2","burstiness","20","1.0"
"A&B","C:\Users\407407\Desktop\vllm\github\MQA_FastPath\A&B\bench_A_FP_ON_MQA_ON_k2.log","bench","A_FP_ON_MQA_ON","2","dataset_name","20","'sharegpt'"
"A&B","C:\Users\407407\Desktop\vllm\github\MQA_FastPath\A&B\bench_A_FP_ON_MQA_ON_k2.log","bench","A_FP_ON_MQA_ON","2","dataset_path","20","'/mnt/ky2307909/siyuan.tong/dataset/ShareGPT_V3_unfiltered_cleaned_split.json'"
"A&B","C:\Users\407407\Desktop\vllm\github\MQA_FastPath\A&B\bench_A_FP_ON_MQA_ON_k2.log","bench","A_FP_ON_MQA_ON","2","disable_tqdm","20","False"
"A&B","C:\Users\407407\Desktop\vllm\github\MQA_FastPath\A&B\bench_A_FP_ON_MQA_ON_k2.log","bench","A_FP_ON_MQA_ON","2","dispatch_function","20","<function BenchmarkServingSubcommand.cmd at 0xfffc2b4cb640>"
"A&B","C:\Users\407407\Desktop\vllm\github\MQA_FastPath\A&B\bench_A_FP_ON_MQA_ON_k2.log","bench","A_FP_ON_MQA_ON","2","endpoint","20","'/v1/completions'"
"A&B","C:\Users\407407\Desktop\vllm\github\MQA_FastPath\A&B\bench_A_FP_ON_MQA_ON_k2.log","bench","A_FP_ON_MQA_ON","2","endpoint_type","20","'vllm'"
"A&B","C:\Users\407407\Desktop\vllm\github\MQA_FastPath\A&B\bench_A_FP_ON_MQA_ON_k2.log","bench","A_FP_ON_MQA_ON","2","goodput","20","None"
"A&B","C:\Users\407407\Desktop\vllm\github\MQA_FastPath\A&B\bench_A_FP_ON_MQA_ON_k2.log","bench","A_FP_ON_MQA_ON","2","hf_output_len","20","None"
"A&B","C:\Users\407407\Desktop\vllm\github\MQA_FastPath\A&B\bench_A_FP_ON_MQA_ON_k2.log","bench","A_FP_ON_MQA_ON","2","hf_split","20","None"
"A&B","C:\Users\407407\Desktop\vllm\github\MQA_FastPath\A&B\bench_A_FP_ON_MQA_ON_k2.log","bench","A_FP_ON_MQA_ON","2","hf_subset","20","None"
"A&B","C:\Users\407407\Desktop\vllm\github\MQA_FastPath\A&B\bench_A_FP_ON_MQA_ON_k2.log","bench","A_FP_ON_MQA_ON","2","host","20","'127.0.0.1'"
"A&B","C:\Users\407407\Desktop\vllm\github\MQA_FastPath\A&B\bench_A_FP_ON_MQA_ON_k2.log","bench","A_FP_ON_MQA_ON","2","ignore_eos","20","False"
"A&B","C:\Users\407407\Desktop\vllm\github\MQA_FastPath\A&B\bench_A_FP_ON_MQA_ON_k2.log","bench","A_FP_ON_MQA_ON","2","label","20","None"
"A&B","C:\Users\407407\Desktop\vllm\github\MQA_FastPath\A&B\bench_A_FP_ON_MQA_ON_k2.log","bench","A_FP_ON_MQA_ON","2","logprobs","20","None"
"A&B","C:\Users\407407\Desktop\vllm\github\MQA_FastPath\A&B\bench_A_FP_ON_MQA_ON_k2.log","bench","A_FP_ON_MQA_ON","2","lora_modules","20","None)"
"A&B","C:\Users\407407\Desktop\vllm\github\MQA_FastPath\A&B\bench_A_FP_ON_MQA_ON_k2.log","bench","A_FP_ON_MQA_ON","2","max_concurrency","20","None"
"A&B","C:\Users\407407\Desktop\vllm\github\MQA_FastPath\A&B\bench_A_FP_ON_MQA_ON_k2.log","bench","A_FP_ON_MQA_ON","2","metadata","20","None"
"A&B","C:\Users\407407\Desktop\vllm\github\MQA_FastPath\A&B\bench_A_FP_ON_MQA_ON_k2.log","bench","A_FP_ON_MQA_ON","2","metric_percentiles","20","'99'"
"A&B","C:\Users\407407\Desktop\vllm\github\MQA_FastPath\A&B\bench_A_FP_ON_MQA_ON_k2.log","bench","A_FP_ON_MQA_ON","2","min_p","20","None"
"A&B","C:\Users\407407\Desktop\vllm\github\MQA_FastPath\A&B\bench_A_FP_ON_MQA_ON_k2.log","bench","A_FP_ON_MQA_ON","2","model","20","'qwen3-8B'"
"A&B","C:\Users\407407\Desktop\vllm\github\MQA_FastPath\A&B\bench_A_FP_ON_MQA_ON_k2.log","bench","A_FP_ON_MQA_ON","2","num_prompts","20","200"
"A&B","C:\Users\407407\Desktop\vllm\github\MQA_FastPath\A&B\bench_A_FP_ON_MQA_ON_k2.log","bench","A_FP_ON_MQA_ON","2","percentile_metrics","20","'ttft,tpot,itl'"
"A&B","C:\Users\407407\Desktop\vllm\github\MQA_FastPath\A&B\bench_A_FP_ON_MQA_ON_k2.log","bench","A_FP_ON_MQA_ON","2","port","20","8000"
"A&B","C:\Users\407407\Desktop\vllm\github\MQA_FastPath\A&B\bench_A_FP_ON_MQA_ON_k2.log","bench","A_FP_ON_MQA_ON","2","profile","20","False"
"A&B","C:\Users\407407\Desktop\vllm\github\MQA_FastPath\A&B\bench_A_FP_ON_MQA_ON_k2.log","bench","A_FP_ON_MQA_ON","2","random_input_len","20","1024"
"A&B","C:\Users\407407\Desktop\vllm\github\MQA_FastPath\A&B\bench_A_FP_ON_MQA_ON_k2.log","bench","A_FP_ON_MQA_ON","2","random_output_len","20","128"
"A&B","C:\Users\407407\Desktop\vllm\github\MQA_FastPath\A&B\bench_A_FP_ON_MQA_ON_k2.log","bench","A_FP_ON_MQA_ON","2","random_prefix_len","20","0"
"A&B","C:\Users\407407\Desktop\vllm\github\MQA_FastPath\A&B\bench_A_FP_ON_MQA_ON_k2.log","bench","A_FP_ON_MQA_ON","2","random_range_ratio","20","0.0"
"A&B","C:\Users\407407\Desktop\vllm\github\MQA_FastPath\A&B\bench_A_FP_ON_MQA_ON_k2.log","bench","A_FP_ON_MQA_ON","2","request_rate","20","16.0"
"A&B","C:\Users\407407\Desktop\vllm\github\MQA_FastPath\A&B\bench_A_FP_ON_MQA_ON_k2.log","bench","A_FP_ON_MQA_ON","2","result_dir","20","None"
"A&B","C:\Users\407407\Desktop\vllm\github\MQA_FastPath\A&B\bench_A_FP_ON_MQA_ON_k2.log","bench","A_FP_ON_MQA_ON","2","result_filename","20","None"
"A&B","C:\Users\407407\Desktop\vllm\github\MQA_FastPath\A&B\bench_A_FP_ON_MQA_ON_k2.log","bench","A_FP_ON_MQA_ON","2","save_detailed","20","False"
"A&B","C:\Users\407407\Desktop\vllm\github\MQA_FastPath\A&B\bench_A_FP_ON_MQA_ON_k2.log","bench","A_FP_ON_MQA_ON","2","save_result","20","False"
"A&B","C:\Users\407407\Desktop\vllm\github\MQA_FastPath\A&B\bench_A_FP_ON_MQA_ON_k2.log","bench","A_FP_ON_MQA_ON","2","seed","20","0"
"A&B","C:\Users\407407\Desktop\vllm\github\MQA_FastPath\A&B\bench_A_FP_ON_MQA_ON_k2.log","bench","A_FP_ON_MQA_ON","2","served_model_name","20","None"
"A&B","C:\Users\407407\Desktop\vllm\github\MQA_FastPath\A&B\bench_A_FP_ON_MQA_ON_k2.log","bench","A_FP_ON_MQA_ON","2","sharegpt_output_len","20","None"
"A&B","C:\Users\407407\Desktop\vllm\github\MQA_FastPath\A&B\bench_A_FP_ON_MQA_ON_k2.log","bench","A_FP_ON_MQA_ON","2","sonnet_input_len","20","550"
"A&B","C:\Users\407407\Desktop\vllm\github\MQA_FastPath\A&B\bench_A_FP_ON_MQA_ON_k2.log","bench","A_FP_ON_MQA_ON","2","sonnet_output_len","20","150"
"A&B","C:\Users\407407\Desktop\vllm\github\MQA_FastPath\A&B\bench_A_FP_ON_MQA_ON_k2.log","bench","A_FP_ON_MQA_ON","2","sonnet_prefix_len","20","200"
"A&B","C:\Users\407407\Desktop\vllm\github\MQA_FastPath\A&B\bench_A_FP_ON_MQA_ON_k2.log","bench","A_FP_ON_MQA_ON","2","subparser","20","'bench'"
"A&B","C:\Users\407407\Desktop\vllm\github\MQA_FastPath\A&B\bench_A_FP_ON_MQA_ON_k2.log","bench","A_FP_ON_MQA_ON","2","temperature","20","None"
"A&B","C:\Users\407407\Desktop\vllm\github\MQA_FastPath\A&B\bench_A_FP_ON_MQA_ON_k2.log","bench","A_FP_ON_MQA_ON","2","tokenizer","20","'/mnt/ky2307909/siyuan.tong/Qwen3-8B'"
"A&B","C:\Users\407407\Desktop\vllm\github\MQA_FastPath\A&B\bench_A_FP_ON_MQA_ON_k2.log","bench","A_FP_ON_MQA_ON","2","tokenizer_mode","20","'auto'"
"A&B","C:\Users\407407\Desktop\vllm\github\MQA_FastPath\A&B\bench_A_FP_ON_MQA_ON_k2.log","bench","A_FP_ON_MQA_ON","2","top_k","20","None"
"A&B","C:\Users\407407\Desktop\vllm\github\MQA_FastPath\A&B\bench_A_FP_ON_MQA_ON_k2.log","bench","A_FP_ON_MQA_ON","2","top_p","20","None"
"A&B","C:\Users\407407\Desktop\vllm\github\MQA_FastPath\A&B\bench_A_FP_ON_MQA_ON_k2.log","bench","A_FP_ON_MQA_ON","2","trust_remote_code","20","True"
"A&B","C:\Users\407407\Desktop\vllm\github\MQA_FastPath\A&B\bench_A_FP_ON_MQA_ON_k2.log","bench","A_FP_ON_MQA_ON","2","use_beam_search","20","False"
"A&B","C:\Users\407407\Desktop\vllm\github\MQA_FastPath\A&B\bench_A_FP_ON_MQA_ON_k4.log","bench","A_FP_ON_MQA_ON","4","append_result","20","False"
"A&B","C:\Users\407407\Desktop\vllm\github\MQA_FastPath\A&B\bench_A_FP_ON_MQA_ON_k4.log","bench","A_FP_ON_MQA_ON","4","base_url","20","'http://127.0.0.1:8000'"
"A&B","C:\Users\407407\Desktop\vllm\github\MQA_FastPath\A&B\bench_A_FP_ON_MQA_ON_k4.log","bench","A_FP_ON_MQA_ON","4","bench_type","20","'serve'"
"A&B","C:\Users\407407\Desktop\vllm\github\MQA_FastPath\A&B\bench_A_FP_ON_MQA_ON_k4.log","bench","A_FP_ON_MQA_ON","4","burstiness","20","1.0"
"A&B","C:\Users\407407\Desktop\vllm\github\MQA_FastPath\A&B\bench_A_FP_ON_MQA_ON_k4.log","bench","A_FP_ON_MQA_ON","4","dataset_name","20","'sharegpt'"
"A&B","C:\Users\407407\Desktop\vllm\github\MQA_FastPath\A&B\bench_A_FP_ON_MQA_ON_k4.log","bench","A_FP_ON_MQA_ON","4","dataset_path","20","'/mnt/ky2307909/siyuan.tong/dataset/ShareGPT_V3_unfiltered_cleaned_split.json'"
"A&B","C:\Users\407407\Desktop\vllm\github\MQA_FastPath\A&B\bench_A_FP_ON_MQA_ON_k4.log","bench","A_FP_ON_MQA_ON","4","disable_tqdm","20","False"
"A&B","C:\Users\407407\Desktop\vllm\github\MQA_FastPath\A&B\bench_A_FP_ON_MQA_ON_k4.log","bench","A_FP_ON_MQA_ON","4","dispatch_function","20","<function BenchmarkServingSubcommand.cmd at 0xfffc0483b490>"
"A&B","C:\Users\407407\Desktop\vllm\github\MQA_FastPath\A&B\bench_A_FP_ON_MQA_ON_k4.log","bench","A_FP_ON_MQA_ON","4","endpoint","20","'/v1/completions'"
"A&B","C:\Users\407407\Desktop\vllm\github\MQA_FastPath\A&B\bench_A_FP_ON_MQA_ON_k4.log","bench","A_FP_ON_MQA_ON","4","endpoint_type","20","'vllm'"
"A&B","C:\Users\407407\Desktop\vllm\github\MQA_FastPath\A&B\bench_A_FP_ON_MQA_ON_k4.log","bench","A_FP_ON_MQA_ON","4","goodput","20","None"
"A&B","C:\Users\407407\Desktop\vllm\github\MQA_FastPath\A&B\bench_A_FP_ON_MQA_ON_k4.log","bench","A_FP_ON_MQA_ON","4","hf_output_len","20","None"
"A&B","C:\Users\407407\Desktop\vllm\github\MQA_FastPath\A&B\bench_A_FP_ON_MQA_ON_k4.log","bench","A_FP_ON_MQA_ON","4","hf_split","20","None"
"A&B","C:\Users\407407\Desktop\vllm\github\MQA_FastPath\A&B\bench_A_FP_ON_MQA_ON_k4.log","bench","A_FP_ON_MQA_ON","4","hf_subset","20","None"
"A&B","C:\Users\407407\Desktop\vllm\github\MQA_FastPath\A&B\bench_A_FP_ON_MQA_ON_k4.log","bench","A_FP_ON_MQA_ON","4","host","20","'127.0.0.1'"
"A&B","C:\Users\407407\Desktop\vllm\github\MQA_FastPath\A&B\bench_A_FP_ON_MQA_ON_k4.log","bench","A_FP_ON_MQA_ON","4","ignore_eos","20","False"
"A&B","C:\Users\407407\Desktop\vllm\github\MQA_FastPath\A&B\bench_A_FP_ON_MQA_ON_k4.log","bench","A_FP_ON_MQA_ON","4","label","20","None"
"A&B","C:\Users\407407\Desktop\vllm\github\MQA_FastPath\A&B\bench_A_FP_ON_MQA_ON_k4.log","bench","A_FP_ON_MQA_ON","4","logprobs","20","None"
"A&B","C:\Users\407407\Desktop\vllm\github\MQA_FastPath\A&B\bench_A_FP_ON_MQA_ON_k4.log","bench","A_FP_ON_MQA_ON","4","lora_modules","20","None)"
"A&B","C:\Users\407407\Desktop\vllm\github\MQA_FastPath\A&B\bench_A_FP_ON_MQA_ON_k4.log","bench","A_FP_ON_MQA_ON","4","max_concurrency","20","None"
"A&B","C:\Users\407407\Desktop\vllm\github\MQA_FastPath\A&B\bench_A_FP_ON_MQA_ON_k4.log","bench","A_FP_ON_MQA_ON","4","metadata","20","None"
"A&B","C:\Users\407407\Desktop\vllm\github\MQA_FastPath\A&B\bench_A_FP_ON_MQA_ON_k4.log","bench","A_FP_ON_MQA_ON","4","metric_percentiles","20","'99'"
"A&B","C:\Users\407407\Desktop\vllm\github\MQA_FastPath\A&B\bench_A_FP_ON_MQA_ON_k4.log","bench","A_FP_ON_MQA_ON","4","min_p","20","None"
"A&B","C:\Users\407407\Desktop\vllm\github\MQA_FastPath\A&B\bench_A_FP_ON_MQA_ON_k4.log","bench","A_FP_ON_MQA_ON","4","model","20","'qwen3-8B'"
"A&B","C:\Users\407407\Desktop\vllm\github\MQA_FastPath\A&B\bench_A_FP_ON_MQA_ON_k4.log","bench","A_FP_ON_MQA_ON","4","num_prompts","20","200"
"A&B","C:\Users\407407\Desktop\vllm\github\MQA_FastPath\A&B\bench_A_FP_ON_MQA_ON_k4.log","bench","A_FP_ON_MQA_ON","4","percentile_metrics","20","'ttft,tpot,itl'"
"A&B","C:\Users\407407\Desktop\vllm\github\MQA_FastPath\A&B\bench_A_FP_ON_MQA_ON_k4.log","bench","A_FP_ON_MQA_ON","4","port","20","8000"
"A&B","C:\Users\407407\Desktop\vllm\github\MQA_FastPath\A&B\bench_A_FP_ON_MQA_ON_k4.log","bench","A_FP_ON_MQA_ON","4","profile","20","False"
"A&B","C:\Users\407407\Desktop\vllm\github\MQA_FastPath\A&B\bench_A_FP_ON_MQA_ON_k4.log","bench","A_FP_ON_MQA_ON","4","random_input_len","20","1024"
"A&B","C:\Users\407407\Desktop\vllm\github\MQA_FastPath\A&B\bench_A_FP_ON_MQA_ON_k4.log","bench","A_FP_ON_MQA_ON","4","random_output_len","20","128"
"A&B","C:\Users\407407\Desktop\vllm\github\MQA_FastPath\A&B\bench_A_FP_ON_MQA_ON_k4.log","bench","A_FP_ON_MQA_ON","4","random_prefix_len","20","0"
"A&B","C:\Users\407407\Desktop\vllm\github\MQA_FastPath\A&B\bench_A_FP_ON_MQA_ON_k4.log","bench","A_FP_ON_MQA_ON","4","random_range_ratio","20","0.0"
"A&B","C:\Users\407407\Desktop\vllm\github\MQA_FastPath\A&B\bench_A_FP_ON_MQA_ON_k4.log","bench","A_FP_ON_MQA_ON","4","request_rate","20","16.0"
"A&B","C:\Users\407407\Desktop\vllm\github\MQA_FastPath\A&B\bench_A_FP_ON_MQA_ON_k4.log","bench","A_FP_ON_MQA_ON","4","result_dir","20","None"
"A&B","C:\Users\407407\Desktop\vllm\github\MQA_FastPath\A&B\bench_A_FP_ON_MQA_ON_k4.log","bench","A_FP_ON_MQA_ON","4","result_filename","20","None"
"A&B","C:\Users\407407\Desktop\vllm\github\MQA_FastPath\A&B\bench_A_FP_ON_MQA_ON_k4.log","bench","A_FP_ON_MQA_ON","4","save_detailed","20","False"
"A&B","C:\Users\407407\Desktop\vllm\github\MQA_FastPath\A&B\bench_A_FP_ON_MQA_ON_k4.log","bench","A_FP_ON_MQA_ON","4","save_result","20","False"
"A&B","C:\Users\407407\Desktop\vllm\github\MQA_FastPath\A&B\bench_A_FP_ON_MQA_ON_k4.log","bench","A_FP_ON_MQA_ON","4","seed","20","0"
"A&B","C:\Users\407407\Desktop\vllm\github\MQA_FastPath\A&B\bench_A_FP_ON_MQA_ON_k4.log","bench","A_FP_ON_MQA_ON","4","served_model_name","20","None"
"A&B","C:\Users\407407\Desktop\vllm\github\MQA_FastPath\A&B\bench_A_FP_ON_MQA_ON_k4.log","bench","A_FP_ON_MQA_ON","4","sharegpt_output_len","20","None"
"A&B","C:\Users\407407\Desktop\vllm\github\MQA_FastPath\A&B\bench_A_FP_ON_MQA_ON_k4.log","bench","A_FP_ON_MQA_ON","4","sonnet_input_len","20","550"
"A&B","C:\Users\407407\Desktop\vllm\github\MQA_FastPath\A&B\bench_A_FP_ON_MQA_ON_k4.log","bench","A_FP_ON_MQA_ON","4","sonnet_output_len","20","150"
"A&B","C:\Users\407407\Desktop\vllm\github\MQA_FastPath\A&B\bench_A_FP_ON_MQA_ON_k4.log","bench","A_FP_ON_MQA_ON","4","sonnet_prefix_len","20","200"
"A&B","C:\Users\407407\Desktop\vllm\github\MQA_FastPath\A&B\bench_A_FP_ON_MQA_ON_k4.log","bench","A_FP_ON_MQA_ON","4","subparser","20","'bench'"
"A&B","C:\Users\407407\Desktop\vllm\github\MQA_FastPath\A&B\bench_A_FP_ON_MQA_ON_k4.log","bench","A_FP_ON_MQA_ON","4","temperature","20","None"
"A&B","C:\Users\407407\Desktop\vllm\github\MQA_FastPath\A&B\bench_A_FP_ON_MQA_ON_k4.log","bench","A_FP_ON_MQA_ON","4","tokenizer","20","'/mnt/ky2307909/siyuan.tong/Qwen3-8B'"
"A&B","C:\Users\407407\Desktop\vllm\github\MQA_FastPath\A&B\bench_A_FP_ON_MQA_ON_k4.log","bench","A_FP_ON_MQA_ON","4","tokenizer_mode","20","'auto'"
"A&B","C:\Users\407407\Desktop\vllm\github\MQA_FastPath\A&B\bench_A_FP_ON_MQA_ON_k4.log","bench","A_FP_ON_MQA_ON","4","top_k","20","None"
"A&B","C:\Users\407407\Desktop\vllm\github\MQA_FastPath\A&B\bench_A_FP_ON_MQA_ON_k4.log","bench","A_FP_ON_MQA_ON","4","top_p","20","None"
"A&B","C:\Users\407407\Desktop\vllm\github\MQA_FastPath\A&B\bench_A_FP_ON_MQA_ON_k4.log","bench","A_FP_ON_MQA_ON","4","trust_remote_code","20","True"
"A&B","C:\Users\407407\Desktop\vllm\github\MQA_FastPath\A&B\bench_A_FP_ON_MQA_ON_k4.log","bench","A_FP_ON_MQA_ON","4","use_beam_search","20","False"
"A&B","C:\Users\407407\Desktop\vllm\github\MQA_FastPath\A&B\bench_A_FP_ON_MQA_ON_k8.log","bench","A_FP_ON_MQA_ON","8","append_result","20","False"
"A&B","C:\Users\407407\Desktop\vllm\github\MQA_FastPath\A&B\bench_A_FP_ON_MQA_ON_k8.log","bench","A_FP_ON_MQA_ON","8","base_url","20","'http://127.0.0.1:8000'"
"A&B","C:\Users\407407\Desktop\vllm\github\MQA_FastPath\A&B\bench_A_FP_ON_MQA_ON_k8.log","bench","A_FP_ON_MQA_ON","8","bench_type","20","'serve'"
"A&B","C:\Users\407407\Desktop\vllm\github\MQA_FastPath\A&B\bench_A_FP_ON_MQA_ON_k8.log","bench","A_FP_ON_MQA_ON","8","burstiness","20","1.0"
"A&B","C:\Users\407407\Desktop\vllm\github\MQA_FastPath\A&B\bench_A_FP_ON_MQA_ON_k8.log","bench","A_FP_ON_MQA_ON","8","dataset_name","20","'sharegpt'"
"A&B","C:\Users\407407\Desktop\vllm\github\MQA_FastPath\A&B\bench_A_FP_ON_MQA_ON_k8.log","bench","A_FP_ON_MQA_ON","8","dataset_path","20","'/mnt/ky2307909/siyuan.tong/dataset/ShareGPT_V3_unfiltered_cleaned_split.json'"
"A&B","C:\Users\407407\Desktop\vllm\github\MQA_FastPath\A&B\bench_A_FP_ON_MQA_ON_k8.log","bench","A_FP_ON_MQA_ON","8","disable_tqdm","20","False"
"A&B","C:\Users\407407\Desktop\vllm\github\MQA_FastPath\A&B\bench_A_FP_ON_MQA_ON_k8.log","bench","A_FP_ON_MQA_ON","8","dispatch_function","20","<function BenchmarkServingSubcommand.cmd at 0xfffc1fbdb640>"
"A&B","C:\Users\407407\Desktop\vllm\github\MQA_FastPath\A&B\bench_A_FP_ON_MQA_ON_k8.log","bench","A_FP_ON_MQA_ON","8","endpoint","20","'/v1/completions'"
"A&B","C:\Users\407407\Desktop\vllm\github\MQA_FastPath\A&B\bench_A_FP_ON_MQA_ON_k8.log","bench","A_FP_ON_MQA_ON","8","endpoint_type","20","'vllm'"
"A&B","C:\Users\407407\Desktop\vllm\github\MQA_FastPath\A&B\bench_A_FP_ON_MQA_ON_k8.log","bench","A_FP_ON_MQA_ON","8","goodput","20","None"
"A&B","C:\Users\407407\Desktop\vllm\github\MQA_FastPath\A&B\bench_A_FP_ON_MQA_ON_k8.log","bench","A_FP_ON_MQA_ON","8","hf_output_len","20","None"
"A&B","C:\Users\407407\Desktop\vllm\github\MQA_FastPath\A&B\bench_A_FP_ON_MQA_ON_k8.log","bench","A_FP_ON_MQA_ON","8","hf_split","20","None"
"A&B","C:\Users\407407\Desktop\vllm\github\MQA_FastPath\A&B\bench_A_FP_ON_MQA_ON_k8.log","bench","A_FP_ON_MQA_ON","8","hf_subset","20","None"
"A&B","C:\Users\407407\Desktop\vllm\github\MQA_FastPath\A&B\bench_A_FP_ON_MQA_ON_k8.log","bench","A_FP_ON_MQA_ON","8","host","20","'127.0.0.1'"
"A&B","C:\Users\407407\Desktop\vllm\github\MQA_FastPath\A&B\bench_A_FP_ON_MQA_ON_k8.log","bench","A_FP_ON_MQA_ON","8","ignore_eos","20","False"
"A&B","C:\Users\407407\Desktop\vllm\github\MQA_FastPath\A&B\bench_A_FP_ON_MQA_ON_k8.log","bench","A_FP_ON_MQA_ON","8","label","20","None"
"A&B","C:\Users\407407\Desktop\vllm\github\MQA_FastPath\A&B\bench_A_FP_ON_MQA_ON_k8.log","bench","A_FP_ON_MQA_ON","8","logprobs","20","None"
"A&B","C:\Users\407407\Desktop\vllm\github\MQA_FastPath\A&B\bench_A_FP_ON_MQA_ON_k8.log","bench","A_FP_ON_MQA_ON","8","lora_modules","20","None)"
"A&B","C:\Users\407407\Desktop\vllm\github\MQA_FastPath\A&B\bench_A_FP_ON_MQA_ON_k8.log","bench","A_FP_ON_MQA_ON","8","max_concurrency","20","None"
"A&B","C:\Users\407407\Desktop\vllm\github\MQA_FastPath\A&B\bench_A_FP_ON_MQA_ON_k8.log","bench","A_FP_ON_MQA_ON","8","metadata","20","None"
"A&B","C:\Users\407407\Desktop\vllm\github\MQA_FastPath\A&B\bench_A_FP_ON_MQA_ON_k8.log","bench","A_FP_ON_MQA_ON","8","metric_percentiles","20","'99'"
"A&B","C:\Users\407407\Desktop\vllm\github\MQA_FastPath\A&B\bench_A_FP_ON_MQA_ON_k8.log","bench","A_FP_ON_MQA_ON","8","min_p","20","None"
"A&B","C:\Users\407407\Desktop\vllm\github\MQA_FastPath\A&B\bench_A_FP_ON_MQA_ON_k8.log","bench","A_FP_ON_MQA_ON","8","model","20","'qwen3-8B'"
"A&B","C:\Users\407407\Desktop\vllm\github\MQA_FastPath\A&B\bench_A_FP_ON_MQA_ON_k8.log","bench","A_FP_ON_MQA_ON","8","num_prompts","20","200"
"A&B","C:\Users\407407\Desktop\vllm\github\MQA_FastPath\A&B\bench_A_FP_ON_MQA_ON_k8.log","bench","A_FP_ON_MQA_ON","8","percentile_metrics","20","'ttft,tpot,itl'"
"A&B","C:\Users\407407\Desktop\vllm\github\MQA_FastPath\A&B\bench_A_FP_ON_MQA_ON_k8.log","bench","A_FP_ON_MQA_ON","8","port","20","8000"
"A&B","C:\Users\407407\Desktop\vllm\github\MQA_FastPath\A&B\bench_A_FP_ON_MQA_ON_k8.log","bench","A_FP_ON_MQA_ON","8","profile","20","False"
"A&B","C:\Users\407407\Desktop\vllm\github\MQA_FastPath\A&B\bench_A_FP_ON_MQA_ON_k8.log","bench","A_FP_ON_MQA_ON","8","random_input_len","20","1024"
"A&B","C:\Users\407407\Desktop\vllm\github\MQA_FastPath\A&B\bench_A_FP_ON_MQA_ON_k8.log","bench","A_FP_ON_MQA_ON","8","random_output_len","20","128"
"A&B","C:\Users\407407\Desktop\vllm\github\MQA_FastPath\A&B\bench_A_FP_ON_MQA_ON_k8.log","bench","A_FP_ON_MQA_ON","8","random_prefix_len","20","0"
"A&B","C:\Users\407407\Desktop\vllm\github\MQA_FastPath\A&B\bench_A_FP_ON_MQA_ON_k8.log","bench","A_FP_ON_MQA_ON","8","random_range_ratio","20","0.0"
"A&B","C:\Users\407407\Desktop\vllm\github\MQA_FastPath\A&B\bench_A_FP_ON_MQA_ON_k8.log","bench","A_FP_ON_MQA_ON","8","request_rate","20","16.0"
"A&B","C:\Users\407407\Desktop\vllm\github\MQA_FastPath\A&B\bench_A_FP_ON_MQA_ON_k8.log","bench","A_FP_ON_MQA_ON","8","result_dir","20","None"
"A&B","C:\Users\407407\Desktop\vllm\github\MQA_FastPath\A&B\bench_A_FP_ON_MQA_ON_k8.log","bench","A_FP_ON_MQA_ON","8","result_filename","20","None"
"A&B","C:\Users\407407\Desktop\vllm\github\MQA_FastPath\A&B\bench_A_FP_ON_MQA_ON_k8.log","bench","A_FP_ON_MQA_ON","8","save_detailed","20","False"
"A&B","C:\Users\407407\Desktop\vllm\github\MQA_FastPath\A&B\bench_A_FP_ON_MQA_ON_k8.log","bench","A_FP_ON_MQA_ON","8","save_result","20","False"
"A&B","C:\Users\407407\Desktop\vllm\github\MQA_FastPath\A&B\bench_A_FP_ON_MQA_ON_k8.log","bench","A_FP_ON_MQA_ON","8","seed","20","0"
"A&B","C:\Users\407407\Desktop\vllm\github\MQA_FastPath\A&B\bench_A_FP_ON_MQA_ON_k8.log","bench","A_FP_ON_MQA_ON","8","served_model_name","20","None"
"A&B","C:\Users\407407\Desktop\vllm\github\MQA_FastPath\A&B\bench_A_FP_ON_MQA_ON_k8.log","bench","A_FP_ON_MQA_ON","8","sharegpt_output_len","20","None"
"A&B","C:\Users\407407\Desktop\vllm\github\MQA_FastPath\A&B\bench_A_FP_ON_MQA_ON_k8.log","bench","A_FP_ON_MQA_ON","8","sonnet_input_len","20","550"
"A&B","C:\Users\407407\Desktop\vllm\github\MQA_FastPath\A&B\bench_A_FP_ON_MQA_ON_k8.log","bench","A_FP_ON_MQA_ON","8","sonnet_output_len","20","150"
"A&B","C:\Users\407407\Desktop\vllm\github\MQA_FastPath\A&B\bench_A_FP_ON_MQA_ON_k8.log","bench","A_FP_ON_MQA_ON","8","sonnet_prefix_len","20","200"
"A&B","C:\Users\407407\Desktop\vllm\github\MQA_FastPath\A&B\bench_A_FP_ON_MQA_ON_k8.log","bench","A_FP_ON_MQA_ON","8","subparser","20","'bench'"
"A&B","C:\Users\407407\Desktop\vllm\github\MQA_FastPath\A&B\bench_A_FP_ON_MQA_ON_k8.log","bench","A_FP_ON_MQA_ON","8","temperature","20","None"
"A&B","C:\Users\407407\Desktop\vllm\github\MQA_FastPath\A&B\bench_A_FP_ON_MQA_ON_k8.log","bench","A_FP_ON_MQA_ON","8","tokenizer","20","'/mnt/ky2307909/siyuan.tong/Qwen3-8B'"
"A&B","C:\Users\407407\Desktop\vllm\github\MQA_FastPath\A&B\bench_A_FP_ON_MQA_ON_k8.log","bench","A_FP_ON_MQA_ON","8","tokenizer_mode","20","'auto'"
"A&B","C:\Users\407407\Desktop\vllm\github\MQA_FastPath\A&B\bench_A_FP_ON_MQA_ON_k8.log","bench","A_FP_ON_MQA_ON","8","top_k","20","None"
"A&B","C:\Users\407407\Desktop\vllm\github\MQA_FastPath\A&B\bench_A_FP_ON_MQA_ON_k8.log","bench","A_FP_ON_MQA_ON","8","top_p","20","None"
"A&B","C:\Users\407407\Desktop\vllm\github\MQA_FastPath\A&B\bench_A_FP_ON_MQA_ON_k8.log","bench","A_FP_ON_MQA_ON","8","trust_remote_code","20","True"
"A&B","C:\Users\407407\Desktop\vllm\github\MQA_FastPath\A&B\bench_A_FP_ON_MQA_ON_k8.log","bench","A_FP_ON_MQA_ON","8","use_beam_search","20","False"
"A&B","C:\Users\407407\Desktop\vllm\github\MQA_FastPath\A&B\bench_B_FP_ON_MQA_OFF_k2.log","bench","B_FP_ON_MQA_OFF","2","append_result","20","False"
"A&B","C:\Users\407407\Desktop\vllm\github\MQA_FastPath\A&B\bench_B_FP_ON_MQA_OFF_k2.log","bench","B_FP_ON_MQA_OFF","2","base_url","20","'http://127.0.0.1:8000'"
"A&B","C:\Users\407407\Desktop\vllm\github\MQA_FastPath\A&B\bench_B_FP_ON_MQA_OFF_k2.log","bench","B_FP_ON_MQA_OFF","2","bench_type","20","'serve'"
"A&B","C:\Users\407407\Desktop\vllm\github\MQA_FastPath\A&B\bench_B_FP_ON_MQA_OFF_k2.log","bench","B_FP_ON_MQA_OFF","2","burstiness","20","1.0"
"A&B","C:\Users\407407\Desktop\vllm\github\MQA_FastPath\A&B\bench_B_FP_ON_MQA_OFF_k2.log","bench","B_FP_ON_MQA_OFF","2","dataset_name","20","'sharegpt'"
"A&B","C:\Users\407407\Desktop\vllm\github\MQA_FastPath\A&B\bench_B_FP_ON_MQA_OFF_k2.log","bench","B_FP_ON_MQA_OFF","2","dataset_path","20","'/mnt/ky2307909/siyuan.tong/dataset/ShareGPT_V3_unfiltered_cleaned_split.json'"
"A&B","C:\Users\407407\Desktop\vllm\github\MQA_FastPath\A&B\bench_B_FP_ON_MQA_OFF_k2.log","bench","B_FP_ON_MQA_OFF","2","disable_tqdm","20","False"
"A&B","C:\Users\407407\Desktop\vllm\github\MQA_FastPath\A&B\bench_B_FP_ON_MQA_OFF_k2.log","bench","B_FP_ON_MQA_OFF","2","dispatch_function","20","<function BenchmarkServingSubcommand.cmd at 0xfffc32573490>"
"A&B","C:\Users\407407\Desktop\vllm\github\MQA_FastPath\A&B\bench_B_FP_ON_MQA_OFF_k2.log","bench","B_FP_ON_MQA_OFF","2","endpoint","20","'/v1/completions'"
"A&B","C:\Users\407407\Desktop\vllm\github\MQA_FastPath\A&B\bench_B_FP_ON_MQA_OFF_k2.log","bench","B_FP_ON_MQA_OFF","2","endpoint_type","20","'vllm'"
"A&B","C:\Users\407407\Desktop\vllm\github\MQA_FastPath\A&B\bench_B_FP_ON_MQA_OFF_k2.log","bench","B_FP_ON_MQA_OFF","2","goodput","20","None"
"A&B","C:\Users\407407\Desktop\vllm\github\MQA_FastPath\A&B\bench_B_FP_ON_MQA_OFF_k2.log","bench","B_FP_ON_MQA_OFF","2","hf_output_len","20","None"
"A&B","C:\Users\407407\Desktop\vllm\github\MQA_FastPath\A&B\bench_B_FP_ON_MQA_OFF_k2.log","bench","B_FP_ON_MQA_OFF","2","hf_split","20","None"
"A&B","C:\Users\407407\Desktop\vllm\github\MQA_FastPath\A&B\bench_B_FP_ON_MQA_OFF_k2.log","bench","B_FP_ON_MQA_OFF","2","hf_subset","20","None"
"A&B","C:\Users\407407\Desktop\vllm\github\MQA_FastPath\A&B\bench_B_FP_ON_MQA_OFF_k2.log","bench","B_FP_ON_MQA_OFF","2","host","20","'127.0.0.1'"
"A&B","C:\Users\407407\Desktop\vllm\github\MQA_FastPath\A&B\bench_B_FP_ON_MQA_OFF_k2.log","bench","B_FP_ON_MQA_OFF","2","ignore_eos","20","False"
"A&B","C:\Users\407407\Desktop\vllm\github\MQA_FastPath\A&B\bench_B_FP_ON_MQA_OFF_k2.log","bench","B_FP_ON_MQA_OFF","2","label","20","None"
"A&B","C:\Users\407407\Desktop\vllm\github\MQA_FastPath\A&B\bench_B_FP_ON_MQA_OFF_k2.log","bench","B_FP_ON_MQA_OFF","2","logprobs","20","None"
"A&B","C:\Users\407407\Desktop\vllm\github\MQA_FastPath\A&B\bench_B_FP_ON_MQA_OFF_k2.log","bench","B_FP_ON_MQA_OFF","2","lora_modules","20","None)"
"A&B","C:\Users\407407\Desktop\vllm\github\MQA_FastPath\A&B\bench_B_FP_ON_MQA_OFF_k2.log","bench","B_FP_ON_MQA_OFF","2","max_concurrency","20","None"
"A&B","C:\Users\407407\Desktop\vllm\github\MQA_FastPath\A&B\bench_B_FP_ON_MQA_OFF_k2.log","bench","B_FP_ON_MQA_OFF","2","metadata","20","None"
"A&B","C:\Users\407407\Desktop\vllm\github\MQA_FastPath\A&B\bench_B_FP_ON_MQA_OFF_k2.log","bench","B_FP_ON_MQA_OFF","2","metric_percentiles","20","'99'"
"A&B","C:\Users\407407\Desktop\vllm\github\MQA_FastPath\A&B\bench_B_FP_ON_MQA_OFF_k2.log","bench","B_FP_ON_MQA_OFF","2","min_p","20","None"
"A&B","C:\Users\407407\Desktop\vllm\github\MQA_FastPath\A&B\bench_B_FP_ON_MQA_OFF_k2.log","bench","B_FP_ON_MQA_OFF","2","model","20","'qwen3-8B'"
"A&B","C:\Users\407407\Desktop\vllm\github\MQA_FastPath\A&B\bench_B_FP_ON_MQA_OFF_k2.log","bench","B_FP_ON_MQA_OFF","2","num_prompts","20","200"
"A&B","C:\Users\407407\Desktop\vllm\github\MQA_FastPath\A&B\bench_B_FP_ON_MQA_OFF_k2.log","bench","B_FP_ON_MQA_OFF","2","percentile_metrics","20","'ttft,tpot,itl'"
"A&B","C:\Users\407407\Desktop\vllm\github\MQA_FastPath\A&B\bench_B_FP_ON_MQA_OFF_k2.log","bench","B_FP_ON_MQA_OFF","2","port","20","8000"
"A&B","C:\Users\407407\Desktop\vllm\github\MQA_FastPath\A&B\bench_B_FP_ON_MQA_OFF_k2.log","bench","B_FP_ON_MQA_OFF","2","profile","20","False"
"A&B","C:\Users\407407\Desktop\vllm\github\MQA_FastPath\A&B\bench_B_FP_ON_MQA_OFF_k2.log","bench","B_FP_ON_MQA_OFF","2","random_input_len","20","1024"
"A&B","C:\Users\407407\Desktop\vllm\github\MQA_FastPath\A&B\bench_B_FP_ON_MQA_OFF_k2.log","bench","B_FP_ON_MQA_OFF","2","random_output_len","20","128"
"A&B","C:\Users\407407\Desktop\vllm\github\MQA_FastPath\A&B\bench_B_FP_ON_MQA_OFF_k2.log","bench","B_FP_ON_MQA_OFF","2","random_prefix_len","20","0"
"A&B","C:\Users\407407\Desktop\vllm\github\MQA_FastPath\A&B\bench_B_FP_ON_MQA_OFF_k2.log","bench","B_FP_ON_MQA_OFF","2","random_range_ratio","20","0.0"
"A&B","C:\Users\407407\Desktop\vllm\github\MQA_FastPath\A&B\bench_B_FP_ON_MQA_OFF_k2.log","bench","B_FP_ON_MQA_OFF","2","request_rate","20","16.0"
"A&B","C:\Users\407407\Desktop\vllm\github\MQA_FastPath\A&B\bench_B_FP_ON_MQA_OFF_k2.log","bench","B_FP_ON_MQA_OFF","2","result_dir","20","None"
"A&B","C:\Users\407407\Desktop\vllm\github\MQA_FastPath\A&B\bench_B_FP_ON_MQA_OFF_k2.log","bench","B_FP_ON_MQA_OFF","2","result_filename","20","None"
"A&B","C:\Users\407407\Desktop\vllm\github\MQA_FastPath\A&B\bench_B_FP_ON_MQA_OFF_k2.log","bench","B_FP_ON_MQA_OFF","2","save_detailed","20","False"
"A&B","C:\Users\407407\Desktop\vllm\github\MQA_FastPath\A&B\bench_B_FP_ON_MQA_OFF_k2.log","bench","B_FP_ON_MQA_OFF","2","save_result","20","False"
"A&B","C:\Users\407407\Desktop\vllm\github\MQA_FastPath\A&B\bench_B_FP_ON_MQA_OFF_k2.log","bench","B_FP_ON_MQA_OFF","2","seed","20","0"
"A&B","C:\Users\407407\Desktop\vllm\github\MQA_FastPath\A&B\bench_B_FP_ON_MQA_OFF_k2.log","bench","B_FP_ON_MQA_OFF","2","served_model_name","20","None"
"A&B","C:\Users\407407\Desktop\vllm\github\MQA_FastPath\A&B\bench_B_FP_ON_MQA_OFF_k2.log","bench","B_FP_ON_MQA_OFF","2","sharegpt_output_len","20","None"
"A&B","C:\Users\407407\Desktop\vllm\github\MQA_FastPath\A&B\bench_B_FP_ON_MQA_OFF_k2.log","bench","B_FP_ON_MQA_OFF","2","sonnet_input_len","20","550"
"A&B","C:\Users\407407\Desktop\vllm\github\MQA_FastPath\A&B\bench_B_FP_ON_MQA_OFF_k2.log","bench","B_FP_ON_MQA_OFF","2","sonnet_output_len","20","150"
"A&B","C:\Users\407407\Desktop\vllm\github\MQA_FastPath\A&B\bench_B_FP_ON_MQA_OFF_k2.log","bench","B_FP_ON_MQA_OFF","2","sonnet_prefix_len","20","200"
"A&B","C:\Users\407407\Desktop\vllm\github\MQA_FastPath\A&B\bench_B_FP_ON_MQA_OFF_k2.log","bench","B_FP_ON_MQA_OFF","2","subparser","20","'bench'"
"A&B","C:\Users\407407\Desktop\vllm\github\MQA_FastPath\A&B\bench_B_FP_ON_MQA_OFF_k2.log","bench","B_FP_ON_MQA_OFF","2","temperature","20","None"
"A&B","C:\Users\407407\Desktop\vllm\github\MQA_FastPath\A&B\bench_B_FP_ON_MQA_OFF_k2.log","bench","B_FP_ON_MQA_OFF","2","tokenizer","20","'/mnt/ky2307909/siyuan.tong/Qwen3-8B'"
"A&B","C:\Users\407407\Desktop\vllm\github\MQA_FastPath\A&B\bench_B_FP_ON_MQA_OFF_k2.log","bench","B_FP_ON_MQA_OFF","2","tokenizer_mode","20","'auto'"
"A&B","C:\Users\407407\Desktop\vllm\github\MQA_FastPath\A&B\bench_B_FP_ON_MQA_OFF_k2.log","bench","B_FP_ON_MQA_OFF","2","top_k","20","None"
"A&B","C:\Users\407407\Desktop\vllm\github\MQA_FastPath\A&B\bench_B_FP_ON_MQA_OFF_k2.log","bench","B_FP_ON_MQA_OFF","2","top_p","20","None"
"A&B","C:\Users\407407\Desktop\vllm\github\MQA_FastPath\A&B\bench_B_FP_ON_MQA_OFF_k2.log","bench","B_FP_ON_MQA_OFF","2","trust_remote_code","20","True"
"A&B","C:\Users\407407\Desktop\vllm\github\MQA_FastPath\A&B\bench_B_FP_ON_MQA_OFF_k2.log","bench","B_FP_ON_MQA_OFF","2","use_beam_search","20","False"
"A&B","C:\Users\407407\Desktop\vllm\github\MQA_FastPath\A&B\bench_B_FP_ON_MQA_OFF_k4.log","bench","B_FP_ON_MQA_OFF","4","append_result","20","False"
"A&B","C:\Users\407407\Desktop\vllm\github\MQA_FastPath\A&B\bench_B_FP_ON_MQA_OFF_k4.log","bench","B_FP_ON_MQA_OFF","4","base_url","20","'http://127.0.0.1:8000'"
"A&B","C:\Users\407407\Desktop\vllm\github\MQA_FastPath\A&B\bench_B_FP_ON_MQA_OFF_k4.log","bench","B_FP_ON_MQA_OFF","4","bench_type","20","'serve'"
"A&B","C:\Users\407407\Desktop\vllm\github\MQA_FastPath\A&B\bench_B_FP_ON_MQA_OFF_k4.log","bench","B_FP_ON_MQA_OFF","4","burstiness","20","1.0"
"A&B","C:\Users\407407\Desktop\vllm\github\MQA_FastPath\A&B\bench_B_FP_ON_MQA_OFF_k4.log","bench","B_FP_ON_MQA_OFF","4","dataset_name","20","'sharegpt'"
"A&B","C:\Users\407407\Desktop\vllm\github\MQA_FastPath\A&B\bench_B_FP_ON_MQA_OFF_k4.log","bench","B_FP_ON_MQA_OFF","4","dataset_path","20","'/mnt/ky2307909/siyuan.tong/dataset/ShareGPT_V3_unfiltered_cleaned_split.json'"
"A&B","C:\Users\407407\Desktop\vllm\github\MQA_FastPath\A&B\bench_B_FP_ON_MQA_OFF_k4.log","bench","B_FP_ON_MQA_OFF","4","disable_tqdm","20","False"
"A&B","C:\Users\407407\Desktop\vllm\github\MQA_FastPath\A&B\bench_B_FP_ON_MQA_OFF_k4.log","bench","B_FP_ON_MQA_OFF","4","dispatch_function","20","<function BenchmarkServingSubcommand.cmd at 0xfffc0ea77640>"
"A&B","C:\Users\407407\Desktop\vllm\github\MQA_FastPath\A&B\bench_B_FP_ON_MQA_OFF_k4.log","bench","B_FP_ON_MQA_OFF","4","endpoint","20","'/v1/completions'"
"A&B","C:\Users\407407\Desktop\vllm\github\MQA_FastPath\A&B\bench_B_FP_ON_MQA_OFF_k4.log","bench","B_FP_ON_MQA_OFF","4","endpoint_type","20","'vllm'"
"A&B","C:\Users\407407\Desktop\vllm\github\MQA_FastPath\A&B\bench_B_FP_ON_MQA_OFF_k4.log","bench","B_FP_ON_MQA_OFF","4","goodput","20","None"
"A&B","C:\Users\407407\Desktop\vllm\github\MQA_FastPath\A&B\bench_B_FP_ON_MQA_OFF_k4.log","bench","B_FP_ON_MQA_OFF","4","hf_output_len","20","None"
"A&B","C:\Users\407407\Desktop\vllm\github\MQA_FastPath\A&B\bench_B_FP_ON_MQA_OFF_k4.log","bench","B_FP_ON_MQA_OFF","4","hf_split","20","None"
"A&B","C:\Users\407407\Desktop\vllm\github\MQA_FastPath\A&B\bench_B_FP_ON_MQA_OFF_k4.log","bench","B_FP_ON_MQA_OFF","4","hf_subset","20","None"
"A&B","C:\Users\407407\Desktop\vllm\github\MQA_FastPath\A&B\bench_B_FP_ON_MQA_OFF_k4.log","bench","B_FP_ON_MQA_OFF","4","host","20","'127.0.0.1'"
"A&B","C:\Users\407407\Desktop\vllm\github\MQA_FastPath\A&B\bench_B_FP_ON_MQA_OFF_k4.log","bench","B_FP_ON_MQA_OFF","4","ignore_eos","20","False"
"A&B","C:\Users\407407\Desktop\vllm\github\MQA_FastPath\A&B\bench_B_FP_ON_MQA_OFF_k4.log","bench","B_FP_ON_MQA_OFF","4","label","20","None"
"A&B","C:\Users\407407\Desktop\vllm\github\MQA_FastPath\A&B\bench_B_FP_ON_MQA_OFF_k4.log","bench","B_FP_ON_MQA_OFF","4","logprobs","20","None"
"A&B","C:\Users\407407\Desktop\vllm\github\MQA_FastPath\A&B\bench_B_FP_ON_MQA_OFF_k4.log","bench","B_FP_ON_MQA_OFF","4","lora_modules","20","None)"
"A&B","C:\Users\407407\Desktop\vllm\github\MQA_FastPath\A&B\bench_B_FP_ON_MQA_OFF_k4.log","bench","B_FP_ON_MQA_OFF","4","max_concurrency","20","None"
"A&B","C:\Users\407407\Desktop\vllm\github\MQA_FastPath\A&B\bench_B_FP_ON_MQA_OFF_k4.log","bench","B_FP_ON_MQA_OFF","4","metadata","20","None"
"A&B","C:\Users\407407\Desktop\vllm\github\MQA_FastPath\A&B\bench_B_FP_ON_MQA_OFF_k4.log","bench","B_FP_ON_MQA_OFF","4","metric_percentiles","20","'99'"
"A&B","C:\Users\407407\Desktop\vllm\github\MQA_FastPath\A&B\bench_B_FP_ON_MQA_OFF_k4.log","bench","B_FP_ON_MQA_OFF","4","min_p","20","None"
"A&B","C:\Users\407407\Desktop\vllm\github\MQA_FastPath\A&B\bench_B_FP_ON_MQA_OFF_k4.log","bench","B_FP_ON_MQA_OFF","4","model","20","'qwen3-8B'"
"A&B","C:\Users\407407\Desktop\vllm\github\MQA_FastPath\A&B\bench_B_FP_ON_MQA_OFF_k4.log","bench","B_FP_ON_MQA_OFF","4","num_prompts","20","200"
"A&B","C:\Users\407407\Desktop\vllm\github\MQA_FastPath\A&B\bench_B_FP_ON_MQA_OFF_k4.log","bench","B_FP_ON_MQA_OFF","4","percentile_metrics","20","'ttft,tpot,itl'"
"A&B","C:\Users\407407\Desktop\vllm\github\MQA_FastPath\A&B\bench_B_FP_ON_MQA_OFF_k4.log","bench","B_FP_ON_MQA_OFF","4","port","20","8000"
"A&B","C:\Users\407407\Desktop\vllm\github\MQA_FastPath\A&B\bench_B_FP_ON_MQA_OFF_k4.log","bench","B_FP_ON_MQA_OFF","4","profile","20","False"
"A&B","C:\Users\407407\Desktop\vllm\github\MQA_FastPath\A&B\bench_B_FP_ON_MQA_OFF_k4.log","bench","B_FP_ON_MQA_OFF","4","random_input_len","20","1024"
"A&B","C:\Users\407407\Desktop\vllm\github\MQA_FastPath\A&B\bench_B_FP_ON_MQA_OFF_k4.log","bench","B_FP_ON_MQA_OFF","4","random_output_len","20","128"
"A&B","C:\Users\407407\Desktop\vllm\github\MQA_FastPath\A&B\bench_B_FP_ON_MQA_OFF_k4.log","bench","B_FP_ON_MQA_OFF","4","random_prefix_len","20","0"
"A&B","C:\Users\407407\Desktop\vllm\github\MQA_FastPath\A&B\bench_B_FP_ON_MQA_OFF_k4.log","bench","B_FP_ON_MQA_OFF","4","random_range_ratio","20","0.0"
"A&B","C:\Users\407407\Desktop\vllm\github\MQA_FastPath\A&B\bench_B_FP_ON_MQA_OFF_k4.log","bench","B_FP_ON_MQA_OFF","4","request_rate","20","16.0"
"A&B","C:\Users\407407\Desktop\vllm\github\MQA_FastPath\A&B\bench_B_FP_ON_MQA_OFF_k4.log","bench","B_FP_ON_MQA_OFF","4","result_dir","20","None"
"A&B","C:\Users\407407\Desktop\vllm\github\MQA_FastPath\A&B\bench_B_FP_ON_MQA_OFF_k4.log","bench","B_FP_ON_MQA_OFF","4","result_filename","20","None"
"A&B","C:\Users\407407\Desktop\vllm\github\MQA_FastPath\A&B\bench_B_FP_ON_MQA_OFF_k4.log","bench","B_FP_ON_MQA_OFF","4","save_detailed","20","False"
"A&B","C:\Users\407407\Desktop\vllm\github\MQA_FastPath\A&B\bench_B_FP_ON_MQA_OFF_k4.log","bench","B_FP_ON_MQA_OFF","4","save_result","20","False"
"A&B","C:\Users\407407\Desktop\vllm\github\MQA_FastPath\A&B\bench_B_FP_ON_MQA_OFF_k4.log","bench","B_FP_ON_MQA_OFF","4","seed","20","0"
"A&B","C:\Users\407407\Desktop\vllm\github\MQA_FastPath\A&B\bench_B_FP_ON_MQA_OFF_k4.log","bench","B_FP_ON_MQA_OFF","4","served_model_name","20","None"
"A&B","C:\Users\407407\Desktop\vllm\github\MQA_FastPath\A&B\bench_B_FP_ON_MQA_OFF_k4.log","bench","B_FP_ON_MQA_OFF","4","sharegpt_output_len","20","None"
"A&B","C:\Users\407407\Desktop\vllm\github\MQA_FastPath\A&B\bench_B_FP_ON_MQA_OFF_k4.log","bench","B_FP_ON_MQA_OFF","4","sonnet_input_len","20","550"
"A&B","C:\Users\407407\Desktop\vllm\github\MQA_FastPath\A&B\bench_B_FP_ON_MQA_OFF_k4.log","bench","B_FP_ON_MQA_OFF","4","sonnet_output_len","20","150"
"A&B","C:\Users\407407\Desktop\vllm\github\MQA_FastPath\A&B\bench_B_FP_ON_MQA_OFF_k4.log","bench","B_FP_ON_MQA_OFF","4","sonnet_prefix_len","20","200"
"A&B","C:\Users\407407\Desktop\vllm\github\MQA_FastPath\A&B\bench_B_FP_ON_MQA_OFF_k4.log","bench","B_FP_ON_MQA_OFF","4","subparser","20","'bench'"
"A&B","C:\Users\407407\Desktop\vllm\github\MQA_FastPath\A&B\bench_B_FP_ON_MQA_OFF_k4.log","bench","B_FP_ON_MQA_OFF","4","temperature","20","None"
"A&B","C:\Users\407407\Desktop\vllm\github\MQA_FastPath\A&B\bench_B_FP_ON_MQA_OFF_k4.log","bench","B_FP_ON_MQA_OFF","4","tokenizer","20","'/mnt/ky2307909/siyuan.tong/Qwen3-8B'"
"A&B","C:\Users\407407\Desktop\vllm\github\MQA_FastPath\A&B\bench_B_FP_ON_MQA_OFF_k4.log","bench","B_FP_ON_MQA_OFF","4","tokenizer_mode","20","'auto'"
"A&B","C:\Users\407407\Desktop\vllm\github\MQA_FastPath\A&B\bench_B_FP_ON_MQA_OFF_k4.log","bench","B_FP_ON_MQA_OFF","4","top_k","20","None"
"A&B","C:\Users\407407\Desktop\vllm\github\MQA_FastPath\A&B\bench_B_FP_ON_MQA_OFF_k4.log","bench","B_FP_ON_MQA_OFF","4","top_p","20","None"
"A&B","C:\Users\407407\Desktop\vllm\github\MQA_FastPath\A&B\bench_B_FP_ON_MQA_OFF_k4.log","bench","B_FP_ON_MQA_OFF","4","trust_remote_code","20","True"
"A&B","C:\Users\407407\Desktop\vllm\github\MQA_FastPath\A&B\bench_B_FP_ON_MQA_OFF_k4.log","bench","B_FP_ON_MQA_OFF","4","use_beam_search","20","False"
"A&B","C:\Users\407407\Desktop\vllm\github\MQA_FastPath\A&B\bench_B_FP_ON_MQA_OFF_k8.log","bench","B_FP_ON_MQA_OFF","8","append_result","20","False"
"A&B","C:\Users\407407\Desktop\vllm\github\MQA_FastPath\A&B\bench_B_FP_ON_MQA_OFF_k8.log","bench","B_FP_ON_MQA_OFF","8","base_url","20","'http://127.0.0.1:8000'"
"A&B","C:\Users\407407\Desktop\vllm\github\MQA_FastPath\A&B\bench_B_FP_ON_MQA_OFF_k8.log","bench","B_FP_ON_MQA_OFF","8","bench_type","20","'serve'"
"A&B","C:\Users\407407\Desktop\vllm\github\MQA_FastPath\A&B\bench_B_FP_ON_MQA_OFF_k8.log","bench","B_FP_ON_MQA_OFF","8","burstiness","20","1.0"
"A&B","C:\Users\407407\Desktop\vllm\github\MQA_FastPath\A&B\bench_B_FP_ON_MQA_OFF_k8.log","bench","B_FP_ON_MQA_OFF","8","dataset_name","20","'sharegpt'"
"A&B","C:\Users\407407\Desktop\vllm\github\MQA_FastPath\A&B\bench_B_FP_ON_MQA_OFF_k8.log","bench","B_FP_ON_MQA_OFF","8","dataset_path","20","'/mnt/ky2307909/siyuan.tong/dataset/ShareGPT_V3_unfiltered_cleaned_split.json'"
"A&B","C:\Users\407407\Desktop\vllm\github\MQA_FastPath\A&B\bench_B_FP_ON_MQA_OFF_k8.log","bench","B_FP_ON_MQA_OFF","8","disable_tqdm","20","False"
"A&B","C:\Users\407407\Desktop\vllm\github\MQA_FastPath\A&B\bench_B_FP_ON_MQA_OFF_k8.log","bench","B_FP_ON_MQA_OFF","8","dispatch_function","20","<function BenchmarkServingSubcommand.cmd at 0xfffbf794b640>"
"A&B","C:\Users\407407\Desktop\vllm\github\MQA_FastPath\A&B\bench_B_FP_ON_MQA_OFF_k8.log","bench","B_FP_ON_MQA_OFF","8","endpoint","20","'/v1/completions'"
"A&B","C:\Users\407407\Desktop\vllm\github\MQA_FastPath\A&B\bench_B_FP_ON_MQA_OFF_k8.log","bench","B_FP_ON_MQA_OFF","8","endpoint_type","20","'vllm'"
"A&B","C:\Users\407407\Desktop\vllm\github\MQA_FastPath\A&B\bench_B_FP_ON_MQA_OFF_k8.log","bench","B_FP_ON_MQA_OFF","8","goodput","20","None"
"A&B","C:\Users\407407\Desktop\vllm\github\MQA_FastPath\A&B\bench_B_FP_ON_MQA_OFF_k8.log","bench","B_FP_ON_MQA_OFF","8","hf_output_len","20","None"
"A&B","C:\Users\407407\Desktop\vllm\github\MQA_FastPath\A&B\bench_B_FP_ON_MQA_OFF_k8.log","bench","B_FP_ON_MQA_OFF","8","hf_split","20","None"
"A&B","C:\Users\407407\Desktop\vllm\github\MQA_FastPath\A&B\bench_B_FP_ON_MQA_OFF_k8.log","bench","B_FP_ON_MQA_OFF","8","hf_subset","20","None"
"A&B","C:\Users\407407\Desktop\vllm\github\MQA_FastPath\A&B\bench_B_FP_ON_MQA_OFF_k8.log","bench","B_FP_ON_MQA_OFF","8","host","20","'127.0.0.1'"
"A&B","C:\Users\407407\Desktop\vllm\github\MQA_FastPath\A&B\bench_B_FP_ON_MQA_OFF_k8.log","bench","B_FP_ON_MQA_OFF","8","ignore_eos","20","False"
"A&B","C:\Users\407407\Desktop\vllm\github\MQA_FastPath\A&B\bench_B_FP_ON_MQA_OFF_k8.log","bench","B_FP_ON_MQA_OFF","8","label","20","None"
"A&B","C:\Users\407407\Desktop\vllm\github\MQA_FastPath\A&B\bench_B_FP_ON_MQA_OFF_k8.log","bench","B_FP_ON_MQA_OFF","8","logprobs","20","None"
"A&B","C:\Users\407407\Desktop\vllm\github\MQA_FastPath\A&B\bench_B_FP_ON_MQA_OFF_k8.log","bench","B_FP_ON_MQA_OFF","8","lora_modules","20","None)"
"A&B","C:\Users\407407\Desktop\vllm\github\MQA_FastPath\A&B\bench_B_FP_ON_MQA_OFF_k8.log","bench","B_FP_ON_MQA_OFF","8","max_concurrency","20","None"
"A&B","C:\Users\407407\Desktop\vllm\github\MQA_FastPath\A&B\bench_B_FP_ON_MQA_OFF_k8.log","bench","B_FP_ON_MQA_OFF","8","metadata","20","None"
"A&B","C:\Users\407407\Desktop\vllm\github\MQA_FastPath\A&B\bench_B_FP_ON_MQA_OFF_k8.log","bench","B_FP_ON_MQA_OFF","8","metric_percentiles","20","'99'"
"A&B","C:\Users\407407\Desktop\vllm\github\MQA_FastPath\A&B\bench_B_FP_ON_MQA_OFF_k8.log","bench","B_FP_ON_MQA_OFF","8","min_p","20","None"
"A&B","C:\Users\407407\Desktop\vllm\github\MQA_FastPath\A&B\bench_B_FP_ON_MQA_OFF_k8.log","bench","B_FP_ON_MQA_OFF","8","model","20","'qwen3-8B'"
"A&B","C:\Users\407407\Desktop\vllm\github\MQA_FastPath\A&B\bench_B_FP_ON_MQA_OFF_k8.log","bench","B_FP_ON_MQA_OFF","8","num_prompts","20","200"
"A&B","C:\Users\407407\Desktop\vllm\github\MQA_FastPath\A&B\bench_B_FP_ON_MQA_OFF_k8.log","bench","B_FP_ON_MQA_OFF","8","percentile_metrics","20","'ttft,tpot,itl'"
"A&B","C:\Users\407407\Desktop\vllm\github\MQA_FastPath\A&B\bench_B_FP_ON_MQA_OFF_k8.log","bench","B_FP_ON_MQA_OFF","8","port","20","8000"
"A&B","C:\Users\407407\Desktop\vllm\github\MQA_FastPath\A&B\bench_B_FP_ON_MQA_OFF_k8.log","bench","B_FP_ON_MQA_OFF","8","profile","20","False"
"A&B","C:\Users\407407\Desktop\vllm\github\MQA_FastPath\A&B\bench_B_FP_ON_MQA_OFF_k8.log","bench","B_FP_ON_MQA_OFF","8","random_input_len","20","1024"
"A&B","C:\Users\407407\Desktop\vllm\github\MQA_FastPath\A&B\bench_B_FP_ON_MQA_OFF_k8.log","bench","B_FP_ON_MQA_OFF","8","random_output_len","20","128"
"A&B","C:\Users\407407\Desktop\vllm\github\MQA_FastPath\A&B\bench_B_FP_ON_MQA_OFF_k8.log","bench","B_FP_ON_MQA_OFF","8","random_prefix_len","20","0"
"A&B","C:\Users\407407\Desktop\vllm\github\MQA_FastPath\A&B\bench_B_FP_ON_MQA_OFF_k8.log","bench","B_FP_ON_MQA_OFF","8","random_range_ratio","20","0.0"
"A&B","C:\Users\407407\Desktop\vllm\github\MQA_FastPath\A&B\bench_B_FP_ON_MQA_OFF_k8.log","bench","B_FP_ON_MQA_OFF","8","request_rate","20","16.0"
"A&B","C:\Users\407407\Desktop\vllm\github\MQA_FastPath\A&B\bench_B_FP_ON_MQA_OFF_k8.log","bench","B_FP_ON_MQA_OFF","8","result_dir","20","None"
"A&B","C:\Users\407407\Desktop\vllm\github\MQA_FastPath\A&B\bench_B_FP_ON_MQA_OFF_k8.log","bench","B_FP_ON_MQA_OFF","8","result_filename","20","None"
"A&B","C:\Users\407407\Desktop\vllm\github\MQA_FastPath\A&B\bench_B_FP_ON_MQA_OFF_k8.log","bench","B_FP_ON_MQA_OFF","8","save_detailed","20","False"
"A&B","C:\Users\407407\Desktop\vllm\github\MQA_FastPath\A&B\bench_B_FP_ON_MQA_OFF_k8.log","bench","B_FP_ON_MQA_OFF","8","save_result","20","False"
"A&B","C:\Users\407407\Desktop\vllm\github\MQA_FastPath\A&B\bench_B_FP_ON_MQA_OFF_k8.log","bench","B_FP_ON_MQA_OFF","8","seed","20","0"
"A&B","C:\Users\407407\Desktop\vllm\github\MQA_FastPath\A&B\bench_B_FP_ON_MQA_OFF_k8.log","bench","B_FP_ON_MQA_OFF","8","served_model_name","20","None"
"A&B","C:\Users\407407\Desktop\vllm\github\MQA_FastPath\A&B\bench_B_FP_ON_MQA_OFF_k8.log","bench","B_FP_ON_MQA_OFF","8","sharegpt_output_len","20","None"
"A&B","C:\Users\407407\Desktop\vllm\github\MQA_FastPath\A&B\bench_B_FP_ON_MQA_OFF_k8.log","bench","B_FP_ON_MQA_OFF","8","sonnet_input_len","20","550"
"A&B","C:\Users\407407\Desktop\vllm\github\MQA_FastPath\A&B\bench_B_FP_ON_MQA_OFF_k8.log","bench","B_FP_ON_MQA_OFF","8","sonnet_output_len","20","150"
"A&B","C:\Users\407407\Desktop\vllm\github\MQA_FastPath\A&B\bench_B_FP_ON_MQA_OFF_k8.log","bench","B_FP_ON_MQA_OFF","8","sonnet_prefix_len","20","200"
"A&B","C:\Users\407407\Desktop\vllm\github\MQA_FastPath\A&B\bench_B_FP_ON_MQA_OFF_k8.log","bench","B_FP_ON_MQA_OFF","8","subparser","20","'bench'"
"A&B","C:\Users\407407\Desktop\vllm\github\MQA_FastPath\A&B\bench_B_FP_ON_MQA_OFF_k8.log","bench","B_FP_ON_MQA_OFF","8","temperature","20","None"
"A&B","C:\Users\407407\Desktop\vllm\github\MQA_FastPath\A&B\bench_B_FP_ON_MQA_OFF_k8.log","bench","B_FP_ON_MQA_OFF","8","tokenizer","20","'/mnt/ky2307909/siyuan.tong/Qwen3-8B'"
"A&B","C:\Users\407407\Desktop\vllm\github\MQA_FastPath\A&B\bench_B_FP_ON_MQA_OFF_k8.log","bench","B_FP_ON_MQA_OFF","8","tokenizer_mode","20","'auto'"
"A&B","C:\Users\407407\Desktop\vllm\github\MQA_FastPath\A&B\bench_B_FP_ON_MQA_OFF_k8.log","bench","B_FP_ON_MQA_OFF","8","top_k","20","None"
"A&B","C:\Users\407407\Desktop\vllm\github\MQA_FastPath\A&B\bench_B_FP_ON_MQA_OFF_k8.log","bench","B_FP_ON_MQA_OFF","8","top_p","20","None"
"A&B","C:\Users\407407\Desktop\vllm\github\MQA_FastPath\A&B\bench_B_FP_ON_MQA_OFF_k8.log","bench","B_FP_ON_MQA_OFF","8","trust_remote_code","20","True"
"A&B","C:\Users\407407\Desktop\vllm\github\MQA_FastPath\A&B\bench_B_FP_ON_MQA_OFF_k8.log","bench","B_FP_ON_MQA_OFF","8","use_beam_search","20","False"
"A&B","C:\Users\407407\Desktop\vllm\github\MQA_FastPath\A&B\key_A_FP_ON_MQA_ON_k2.log","key","A_FP_ON_MQA_ON","2","accept","124","0.8402"
"A&B","C:\Users\407407\Desktop\vllm\github\MQA_FastPath\A&B\key_A_FP_ON_MQA_ON_k2.log","key","A_FP_ON_MQA_ON","2","accept_no_hs","124","0.8402"
"A&B","C:\Users\407407\Desktop\vllm\github\MQA_FastPath\A&B\key_A_FP_ON_MQA_ON_k2.log","key","A_FP_ON_MQA_ON","2","accept_with_hs","124","0.0000"
"A&B","C:\Users\407407\Desktop\vllm\github\MQA_FastPath\A&B\key_A_FP_ON_MQA_ON_k2.log","key","A_FP_ON_MQA_ON","2","average_time_per_proposal_tok_ms","117","68.32"
"A&B","C:\Users\407407\Desktop\vllm\github\MQA_FastPath\A&B\key_A_FP_ON_MQA_ON_k2.log","key","A_FP_ON_MQA_ON","2","avg_execute_total_ms","123","66.55"
"A&B","C:\Users\407407\Desktop\vllm\github\MQA_FastPath\A&B\key_A_FP_ON_MQA_ON_k2.log","key","A_FP_ON_MQA_ON","2","avg_forward_ms","123","62.27"
"A&B","C:\Users\407407\Desktop\vllm\github\MQA_FastPath\A&B\key_A_FP_ON_MQA_ON_k2.log","key","A_FP_ON_MQA_ON","2","avg_logits_ms","123","1.25"
"A&B","C:\Users\407407\Desktop\vllm\github\MQA_FastPath\A&B\key_A_FP_ON_MQA_ON_k2.log","key","A_FP_ON_MQA_ON","2","avg_sampler_ms","123","2.99"
"A&B","C:\Users\407407\Desktop\vllm\github\MQA_FastPath\A&B\key_A_FP_ON_MQA_ON_k2.log","key","A_FP_ON_MQA_ON","2","backend","2","ASCEND"
"A&B","C:\Users\407407\Desktop\vllm\github\MQA_FastPath\A&B\key_A_FP_ON_MQA_ON_k2.log","key","A_FP_ON_MQA_ON","2","bad_words","23","[]"
"A&B","C:\Users\407407\Desktop\vllm\github\MQA_FastPath\A&B\key_A_FP_ON_MQA_ON_k2.log","key","A_FP_ON_MQA_ON","2","capability","2","ASCEND,FLASH_ATTN)."
"A&B","C:\Users\407407\Desktop\vllm\github\MQA_FastPath\A&B\key_A_FP_ON_MQA_ON_k2.log","key","A_FP_ON_MQA_ON","2","count","123","450"
"A&B","C:\Users\407407\Desktop\vllm\github\MQA_FastPath\A&B\key_A_FP_ON_MQA_ON_k2.log","key","A_FP_ON_MQA_ON","2","draft_tp","1","1"
"A&B","C:\Users\407407\Desktop\vllm\github\MQA_FastPath\A&B\key_A_FP_ON_MQA_ON_k2.log","key","A_FP_ON_MQA_ON","2","extra_args","23","None)"
"A&B","C:\Users\407407\Desktop\vllm\github\MQA_FastPath\A&B\key_A_FP_ON_MQA_ON_k2.log","key","A_FP_ON_MQA_ON","2","fail_adapter","5","0"
"A&B","C:\Users\407407\Desktop\vllm\github\MQA_FastPath\A&B\key_A_FP_ON_MQA_ON_k2.log","key","A_FP_ON_MQA_ON","2","fail_backend","5","0"
"A&B","C:\Users\407407\Desktop\vllm\github\MQA_FastPath\A&B\key_A_FP_ON_MQA_ON_k2.log","key","A_FP_ON_MQA_ON","2","fail_disabled","5","0"
"A&B","C:\Users\407407\Desktop\vllm\github\MQA_FastPath\A&B\key_A_FP_ON_MQA_ON_k2.log","key","A_FP_ON_MQA_ON","2","fail_lora","5","0"
"A&B","C:\Users\407407\Desktop\vllm\github\MQA_FastPath\A&B\key_A_FP_ON_MQA_ON_k2.log","key","A_FP_ON_MQA_ON","2","fail_prompt","5","0"
"A&B","C:\Users\407407\Desktop\vllm\github\MQA_FastPath\A&B\key_A_FP_ON_MQA_ON_k2.log","key","A_FP_ON_MQA_ON","2","frequency_penalty","23","0.0"
"A&B","C:\Users\407407\Desktop\vllm\github\MQA_FastPath\A&B\key_A_FP_ON_MQA_ON_k2.log","key","A_FP_ON_MQA_ON","2","guided_decoding","23","None"
"A&B","C:\Users\407407\Desktop\vllm\github\MQA_FastPath\A&B\key_A_FP_ON_MQA_ON_k2.log","key","A_FP_ON_MQA_ON","2","hs_ratio","124","0.0000"
"A&B","C:\Users\407407\Desktop\vllm\github\MQA_FastPath\A&B\key_A_FP_ON_MQA_ON_k2.log","key","A_FP_ON_MQA_ON","2","ignore_eos","23","False"
"A&B","C:\Users\407407\Desktop\vllm\github\MQA_FastPath\A&B\key_A_FP_ON_MQA_ON_k2.log","key","A_FP_ON_MQA_ON","2","include_stop_str_in_output","23","False"
"A&B","C:\Users\407407\Desktop\vllm\github\MQA_FastPath\A&B\key_A_FP_ON_MQA_ON_k2.log","key","A_FP_ON_MQA_ON","2","is_tp1_runner","4","True"
"A&B","C:\Users\407407\Desktop\vllm\github\MQA_FastPath\A&B\key_A_FP_ON_MQA_ON_k2.log","key","A_FP_ON_MQA_ON","2","iter_p95","124","254.324"
"A&B","C:\Users\407407\Desktop\vllm\github\MQA_FastPath\A&B\key_A_FP_ON_MQA_ON_k2.log","key","A_FP_ON_MQA_ON","2","k","125","2"
"A&B","C:\Users\407407\Desktop\vllm\github\MQA_FastPath\A&B\key_A_FP_ON_MQA_ON_k2.log","key","A_FP_ON_MQA_ON","2","logprobs","23","None"
"A&B","C:\Users\407407\Desktop\vllm\github\MQA_FastPath\A&B\key_A_FP_ON_MQA_ON_k2.log","key","A_FP_ON_MQA_ON","2","max_tokens","23","340"
"A&B","C:\Users\407407\Desktop\vllm\github\MQA_FastPath\A&B\key_A_FP_ON_MQA_ON_k2.log","key","A_FP_ON_MQA_ON","2","min_p","23","0.0"
"A&B","C:\Users\407407\Desktop\vllm\github\MQA_FastPath\A&B\key_A_FP_ON_MQA_ON_k2.log","key","A_FP_ON_MQA_ON","2","min_tokens","23","0"
"A&B","C:\Users\407407\Desktop\vllm\github\MQA_FastPath\A&B\key_A_FP_ON_MQA_ON_k2.log","key","A_FP_ON_MQA_ON","2","model_runner","4","<class 'vllm_ascend.worker.draft_model_runner.TP1DraftModelRunner'>"
"A&B","C:\Users\407407\Desktop\vllm\github\MQA_FastPath\A&B\key_A_FP_ON_MQA_ON_k2.log","key","A_FP_ON_MQA_ON","2","model_type","1","qwen3)"
"A&B","C:\Users\407407\Desktop\vllm\github\MQA_FastPath\A&B\key_A_FP_ON_MQA_ON_k2.log","key","A_FP_ON_MQA_ON","2","ms_hit","5","1"
"A&B","C:\Users\407407\Desktop\vllm\github\MQA_FastPath\A&B\key_A_FP_ON_MQA_ON_k2.log","key","A_FP_ON_MQA_ON","2","ms_total","5","1"
"A&B","C:\Users\407407\Desktop\vllm\github\MQA_FastPath\A&B\key_A_FP_ON_MQA_ON_k2.log","key","A_FP_ON_MQA_ON","2","n","23","1"
"A&B","C:\Users\407407\Desktop\vllm\github\MQA_FastPath\A&B\key_A_FP_ON_MQA_ON_k2.log","key","A_FP_ON_MQA_ON","2","presence_penalty","23","0.0"
"A&B","C:\Users\407407\Desktop\vllm\github\MQA_FastPath\A&B\key_A_FP_ON_MQA_ON_k2.log","key","A_FP_ON_MQA_ON","2","prompt_logprobs","23","None"
"A&B","C:\Users\407407\Desktop\vllm\github\MQA_FastPath\A&B\key_A_FP_ON_MQA_ON_k2.log","key","A_FP_ON_MQA_ON","2","repetition_penalty","23","1.0"
"A&B","C:\Users\407407\Desktop\vllm\github\MQA_FastPath\A&B\key_A_FP_ON_MQA_ON_k2.log","key","A_FP_ON_MQA_ON","2","runner_cls","1","<class 'vllm_ascend.worker.draft_model_runner.TP1DraftModelRunner'>"
"A&B","C:\Users\407407\Desktop\vllm\github\MQA_FastPath\A&B\key_A_FP_ON_MQA_ON_k2.log","key","A_FP_ON_MQA_ON","2","sample_len","4","2"
"A&B","C:\Users\407407\Desktop\vllm\github\MQA_FastPath\A&B\key_A_FP_ON_MQA_ON_k2.log","key","A_FP_ON_MQA_ON","2","scoring_time_ms","117","57.61"
"A&B","C:\Users\407407\Desktop\vllm\github\MQA_FastPath\A&B\key_A_FP_ON_MQA_ON_k2.log","key","A_FP_ON_MQA_ON","2","seed","23","None"
"A&B","C:\Users\407407\Desktop\vllm\github\MQA_FastPath\A&B\key_A_FP_ON_MQA_ON_k2.log","key","A_FP_ON_MQA_ON","2","skip_special_tokens","23","True"
"A&B","C:\Users\407407\Desktop\vllm\github\MQA_FastPath\A&B\key_A_FP_ON_MQA_ON_k2.log","key","A_FP_ON_MQA_ON","2","spaces_between_special_tokens","23","True"
"A&B","C:\Users\407407\Desktop\vllm\github\MQA_FastPath\A&B\key_A_FP_ON_MQA_ON_k2.log","key","A_FP_ON_MQA_ON","2","step_accept","125","[1.0, 0.7752]"
"A&B","C:\Users\407407\Desktop\vllm\github\MQA_FastPath\A&B\key_A_FP_ON_MQA_ON_k2.log","key","A_FP_ON_MQA_ON","2","stop","23","[]"
"A&B","C:\Users\407407\Desktop\vllm\github\MQA_FastPath\A&B\key_A_FP_ON_MQA_ON_k2.log","key","A_FP_ON_MQA_ON","2","stop_token_ids","23","[]"
"A&B","C:\Users\407407\Desktop\vllm\github\MQA_FastPath\A&B\key_A_FP_ON_MQA_ON_k2.log","key","A_FP_ON_MQA_ON","2","supports_gpu_multi_step","5","True"
"A&B","C:\Users\407407\Desktop\vllm\github\MQA_FastPath\A&B\key_A_FP_ON_MQA_ON_k2.log","key","A_FP_ON_MQA_ON","2","target_tp","1","1"
"A&B","C:\Users\407407\Desktop\vllm\github\MQA_FastPath\A&B\key_A_FP_ON_MQA_ON_k2.log","key","A_FP_ON_MQA_ON","2","temperature","23","0.0"
"A&B","C:\Users\407407\Desktop\vllm\github\MQA_FastPath\A&B\key_A_FP_ON_MQA_ON_k2.log","key","A_FP_ON_MQA_ON","2","throughput_tps","124","202.362"
"A&B","C:\Users\407407\Desktop\vllm\github\MQA_FastPath\A&B\key_A_FP_ON_MQA_ON_k2.log","key","A_FP_ON_MQA_ON","2","top_k","23","0"
"A&B","C:\Users\407407\Desktop\vllm\github\MQA_FastPath\A&B\key_A_FP_ON_MQA_ON_k2.log","key","A_FP_ON_MQA_ON","2","top_p","23","1.0"
"A&B","C:\Users\407407\Desktop\vllm\github\MQA_FastPath\A&B\key_A_FP_ON_MQA_ON_k2.log","key","A_FP_ON_MQA_ON","2","truncate_prompt_tokens","23","None"
"A&B","C:\Users\407407\Desktop\vllm\github\MQA_FastPath\A&B\key_A_FP_ON_MQA_ON_k2.log","key","A_FP_ON_MQA_ON","2","verification_time_ms","117","5.15"
"A&B","C:\Users\407407\Desktop\vllm\github\MQA_FastPath\A&B\key_A_FP_ON_MQA_ON_k2.log","key","A_FP_ON_MQA_ON","2","waste_ratio","125","0.1124"
"A&B","C:\Users\407407\Desktop\vllm\github\MQA_FastPath\A&B\key_A_FP_ON_MQA_ON_k4.log","key","A_FP_ON_MQA_ON","4","accept","110","0.7778"
"A&B","C:\Users\407407\Desktop\vllm\github\MQA_FastPath\A&B\key_A_FP_ON_MQA_ON_k4.log","key","A_FP_ON_MQA_ON","4","accept_no_hs","110","0.7778"
"A&B","C:\Users\407407\Desktop\vllm\github\MQA_FastPath\A&B\key_A_FP_ON_MQA_ON_k4.log","key","A_FP_ON_MQA_ON","4","accept_with_hs","110","0.0000"
"A&B","C:\Users\407407\Desktop\vllm\github\MQA_FastPath\A&B\key_A_FP_ON_MQA_ON_k4.log","key","A_FP_ON_MQA_ON","4","average_time_per_proposal_tok_ms","103","53.49"
"A&B","C:\Users\407407\Desktop\vllm\github\MQA_FastPath\A&B\key_A_FP_ON_MQA_ON_k4.log","key","A_FP_ON_MQA_ON","4","avg_execute_total_ms","102","68.47"
"A&B","C:\Users\407407\Desktop\vllm\github\MQA_FastPath\A&B\key_A_FP_ON_MQA_ON_k4.log","key","A_FP_ON_MQA_ON","4","avg_forward_ms","102","62.24"
"A&B","C:\Users\407407\Desktop\vllm\github\MQA_FastPath\A&B\key_A_FP_ON_MQA_ON_k4.log","key","A_FP_ON_MQA_ON","4","avg_logits_ms","102","1.38"
"A&B","C:\Users\407407\Desktop\vllm\github\MQA_FastPath\A&B\key_A_FP_ON_MQA_ON_k4.log","key","A_FP_ON_MQA_ON","4","avg_sampler_ms","102","4.79"
"A&B","C:\Users\407407\Desktop\vllm\github\MQA_FastPath\A&B\key_A_FP_ON_MQA_ON_k4.log","key","A_FP_ON_MQA_ON","4","backend","2","ASCEND"
"A&B","C:\Users\407407\Desktop\vllm\github\MQA_FastPath\A&B\key_A_FP_ON_MQA_ON_k4.log","key","A_FP_ON_MQA_ON","4","bad_words","21","[]"
"A&B","C:\Users\407407\Desktop\vllm\github\MQA_FastPath\A&B\key_A_FP_ON_MQA_ON_k4.log","key","A_FP_ON_MQA_ON","4","capability","2","ASCEND,FLASH_ATTN)."
"A&B","C:\Users\407407\Desktop\vllm\github\MQA_FastPath\A&B\key_A_FP_ON_MQA_ON_k4.log","key","A_FP_ON_MQA_ON","4","count","102","400"
"A&B","C:\Users\407407\Desktop\vllm\github\MQA_FastPath\A&B\key_A_FP_ON_MQA_ON_k4.log","key","A_FP_ON_MQA_ON","4","draft_tp","1","1"
"A&B","C:\Users\407407\Desktop\vllm\github\MQA_FastPath\A&B\key_A_FP_ON_MQA_ON_k4.log","key","A_FP_ON_MQA_ON","4","extra_args","21","None)"
"A&B","C:\Users\407407\Desktop\vllm\github\MQA_FastPath\A&B\key_A_FP_ON_MQA_ON_k4.log","key","A_FP_ON_MQA_ON","4","fail_adapter","5","0"
"A&B","C:\Users\407407\Desktop\vllm\github\MQA_FastPath\A&B\key_A_FP_ON_MQA_ON_k4.log","key","A_FP_ON_MQA_ON","4","fail_backend","5","0"
"A&B","C:\Users\407407\Desktop\vllm\github\MQA_FastPath\A&B\key_A_FP_ON_MQA_ON_k4.log","key","A_FP_ON_MQA_ON","4","fail_disabled","5","0"
"A&B","C:\Users\407407\Desktop\vllm\github\MQA_FastPath\A&B\key_A_FP_ON_MQA_ON_k4.log","key","A_FP_ON_MQA_ON","4","fail_lora","5","0"
"A&B","C:\Users\407407\Desktop\vllm\github\MQA_FastPath\A&B\key_A_FP_ON_MQA_ON_k4.log","key","A_FP_ON_MQA_ON","4","fail_prompt","5","0"
"A&B","C:\Users\407407\Desktop\vllm\github\MQA_FastPath\A&B\key_A_FP_ON_MQA_ON_k4.log","key","A_FP_ON_MQA_ON","4","frequency_penalty","21","0.0"
"A&B","C:\Users\407407\Desktop\vllm\github\MQA_FastPath\A&B\key_A_FP_ON_MQA_ON_k4.log","key","A_FP_ON_MQA_ON","4","guided_decoding","21","None"
"A&B","C:\Users\407407\Desktop\vllm\github\MQA_FastPath\A&B\key_A_FP_ON_MQA_ON_k4.log","key","A_FP_ON_MQA_ON","4","hs_ratio","110","0.0000"
"A&B","C:\Users\407407\Desktop\vllm\github\MQA_FastPath\A&B\key_A_FP_ON_MQA_ON_k4.log","key","A_FP_ON_MQA_ON","4","ignore_eos","21","False"
"A&B","C:\Users\407407\Desktop\vllm\github\MQA_FastPath\A&B\key_A_FP_ON_MQA_ON_k4.log","key","A_FP_ON_MQA_ON","4","include_stop_str_in_output","21","False"
"A&B","C:\Users\407407\Desktop\vllm\github\MQA_FastPath\A&B\key_A_FP_ON_MQA_ON_k4.log","key","A_FP_ON_MQA_ON","4","is_tp1_runner","4","True"
"A&B","C:\Users\407407\Desktop\vllm\github\MQA_FastPath\A&B\key_A_FP_ON_MQA_ON_k4.log","key","A_FP_ON_MQA_ON","4","iter_p95","110","317.341"
"A&B","C:\Users\407407\Desktop\vllm\github\MQA_FastPath\A&B\key_A_FP_ON_MQA_ON_k4.log","key","A_FP_ON_MQA_ON","4","k","109","2"
"A&B","C:\Users\407407\Desktop\vllm\github\MQA_FastPath\A&B\key_A_FP_ON_MQA_ON_k4.log","key","A_FP_ON_MQA_ON","4","logprobs","21","None"
"A&B","C:\Users\407407\Desktop\vllm\github\MQA_FastPath\A&B\key_A_FP_ON_MQA_ON_k4.log","key","A_FP_ON_MQA_ON","4","max_tokens","21","340"
"A&B","C:\Users\407407\Desktop\vllm\github\MQA_FastPath\A&B\key_A_FP_ON_MQA_ON_k4.log","key","A_FP_ON_MQA_ON","4","min_p","21","0.0"
"A&B","C:\Users\407407\Desktop\vllm\github\MQA_FastPath\A&B\key_A_FP_ON_MQA_ON_k4.log","key","A_FP_ON_MQA_ON","4","min_tokens","21","0"
"A&B","C:\Users\407407\Desktop\vllm\github\MQA_FastPath\A&B\key_A_FP_ON_MQA_ON_k4.log","key","A_FP_ON_MQA_ON","4","model_runner","4","<class 'vllm_ascend.worker.draft_model_runner.TP1DraftModelRunner'>"
"A&B","C:\Users\407407\Desktop\vllm\github\MQA_FastPath\A&B\key_A_FP_ON_MQA_ON_k4.log","key","A_FP_ON_MQA_ON","4","model_type","1","qwen3)"
"A&B","C:\Users\407407\Desktop\vllm\github\MQA_FastPath\A&B\key_A_FP_ON_MQA_ON_k4.log","key","A_FP_ON_MQA_ON","4","ms_hit","5","1"
"A&B","C:\Users\407407\Desktop\vllm\github\MQA_FastPath\A&B\key_A_FP_ON_MQA_ON_k4.log","key","A_FP_ON_MQA_ON","4","ms_total","5","1"
"A&B","C:\Users\407407\Desktop\vllm\github\MQA_FastPath\A&B\key_A_FP_ON_MQA_ON_k4.log","key","A_FP_ON_MQA_ON","4","n","21","1"
"A&B","C:\Users\407407\Desktop\vllm\github\MQA_FastPath\A&B\key_A_FP_ON_MQA_ON_k4.log","key","A_FP_ON_MQA_ON","4","presence_penalty","21","0.0"
"A&B","C:\Users\407407\Desktop\vllm\github\MQA_FastPath\A&B\key_A_FP_ON_MQA_ON_k4.log","key","A_FP_ON_MQA_ON","4","prompt_logprobs","21","None"
"A&B","C:\Users\407407\Desktop\vllm\github\MQA_FastPath\A&B\key_A_FP_ON_MQA_ON_k4.log","key","A_FP_ON_MQA_ON","4","repetition_penalty","21","1.0"
"A&B","C:\Users\407407\Desktop\vllm\github\MQA_FastPath\A&B\key_A_FP_ON_MQA_ON_k4.log","key","A_FP_ON_MQA_ON","4","runner_cls","1","<class 'vllm_ascend.worker.draft_model_runner.TP1DraftModelRunner'>"
"A&B","C:\Users\407407\Desktop\vllm\github\MQA_FastPath\A&B\key_A_FP_ON_MQA_ON_k4.log","key","A_FP_ON_MQA_ON","4","sample_len","4","4"
"A&B","C:\Users\407407\Desktop\vllm\github\MQA_FastPath\A&B\key_A_FP_ON_MQA_ON_k4.log","key","A_FP_ON_MQA_ON","4","scoring_time_ms","103","60.61"
"A&B","C:\Users\407407\Desktop\vllm\github\MQA_FastPath\A&B\key_A_FP_ON_MQA_ON_k4.log","key","A_FP_ON_MQA_ON","4","seed","21","None"
"A&B","C:\Users\407407\Desktop\vllm\github\MQA_FastPath\A&B\key_A_FP_ON_MQA_ON_k4.log","key","A_FP_ON_MQA_ON","4","skip_special_tokens","21","True"
"A&B","C:\Users\407407\Desktop\vllm\github\MQA_FastPath\A&B\key_A_FP_ON_MQA_ON_k4.log","key","A_FP_ON_MQA_ON","4","spaces_between_special_tokens","21","True"
"A&B","C:\Users\407407\Desktop\vllm\github\MQA_FastPath\A&B\key_A_FP_ON_MQA_ON_k4.log","key","A_FP_ON_MQA_ON","4","step_accept","109","[1.0, 0.9474]"
"A&B","C:\Users\407407\Desktop\vllm\github\MQA_FastPath\A&B\key_A_FP_ON_MQA_ON_k4.log","key","A_FP_ON_MQA_ON","4","stop","21","[]"
"A&B","C:\Users\407407\Desktop\vllm\github\MQA_FastPath\A&B\key_A_FP_ON_MQA_ON_k4.log","key","A_FP_ON_MQA_ON","4","stop_token_ids","21","[]"
"A&B","C:\Users\407407\Desktop\vllm\github\MQA_FastPath\A&B\key_A_FP_ON_MQA_ON_k4.log","key","A_FP_ON_MQA_ON","4","supports_gpu_multi_step","5","True"
"A&B","C:\Users\407407\Desktop\vllm\github\MQA_FastPath\A&B\key_A_FP_ON_MQA_ON_k4.log","key","A_FP_ON_MQA_ON","4","target_tp","1","1"
"A&B","C:\Users\407407\Desktop\vllm\github\MQA_FastPath\A&B\key_A_FP_ON_MQA_ON_k4.log","key","A_FP_ON_MQA_ON","4","temperature","21","0.0"
"A&B","C:\Users\407407\Desktop\vllm\github\MQA_FastPath\A&B\key_A_FP_ON_MQA_ON_k4.log","key","A_FP_ON_MQA_ON","4","throughput_tps","110","222.893"
"A&B","C:\Users\407407\Desktop\vllm\github\MQA_FastPath\A&B\key_A_FP_ON_MQA_ON_k4.log","key","A_FP_ON_MQA_ON","4","top_k","21","0"
"A&B","C:\Users\407407\Desktop\vllm\github\MQA_FastPath\A&B\key_A_FP_ON_MQA_ON_k4.log","key","A_FP_ON_MQA_ON","4","top_p","21","1.0"
"A&B","C:\Users\407407\Desktop\vllm\github\MQA_FastPath\A&B\key_A_FP_ON_MQA_ON_k4.log","key","A_FP_ON_MQA_ON","4","truncate_prompt_tokens","21","None"
"A&B","C:\Users\407407\Desktop\vllm\github\MQA_FastPath\A&B\key_A_FP_ON_MQA_ON_k4.log","key","A_FP_ON_MQA_ON","4","verification_time_ms","103","5.35"
"A&B","C:\Users\407407\Desktop\vllm\github\MQA_FastPath\A&B\key_A_FP_ON_MQA_ON_k4.log","key","A_FP_ON_MQA_ON","4","waste_ratio","109","0.0263"
"A&B","C:\Users\407407\Desktop\vllm\github\MQA_FastPath\A&B\key_A_FP_ON_MQA_ON_k8.log","key","A_FP_ON_MQA_ON","8","accept","98","0.8047"
"A&B","C:\Users\407407\Desktop\vllm\github\MQA_FastPath\A&B\key_A_FP_ON_MQA_ON_k8.log","key","A_FP_ON_MQA_ON","8","accept_no_hs","98","0.8047"
"A&B","C:\Users\407407\Desktop\vllm\github\MQA_FastPath\A&B\key_A_FP_ON_MQA_ON_k8.log","key","A_FP_ON_MQA_ON","8","accept_with_hs","98","0.0000"
"A&B","C:\Users\407407\Desktop\vllm\github\MQA_FastPath\A&B\key_A_FP_ON_MQA_ON_k8.log","key","A_FP_ON_MQA_ON","8","average_time_per_proposal_tok_ms","100","63.05"
"A&B","C:\Users\407407\Desktop\vllm\github\MQA_FastPath\A&B\key_A_FP_ON_MQA_ON_k8.log","key","A_FP_ON_MQA_ON","8","avg_execute_total_ms","88","68.09"
"A&B","C:\Users\407407\Desktop\vllm\github\MQA_FastPath\A&B\key_A_FP_ON_MQA_ON_k8.log","key","A_FP_ON_MQA_ON","8","avg_forward_ms","88","61.47"
"A&B","C:\Users\407407\Desktop\vllm\github\MQA_FastPath\A&B\key_A_FP_ON_MQA_ON_k8.log","key","A_FP_ON_MQA_ON","8","avg_logits_ms","88","1.57"
"A&B","C:\Users\407407\Desktop\vllm\github\MQA_FastPath\A&B\key_A_FP_ON_MQA_ON_k8.log","key","A_FP_ON_MQA_ON","8","avg_sampler_ms","88","5.00"
"A&B","C:\Users\407407\Desktop\vllm\github\MQA_FastPath\A&B\key_A_FP_ON_MQA_ON_k8.log","key","A_FP_ON_MQA_ON","8","backend","2","ASCEND"
"A&B","C:\Users\407407\Desktop\vllm\github\MQA_FastPath\A&B\key_A_FP_ON_MQA_ON_k8.log","key","A_FP_ON_MQA_ON","8","bad_words","23","[]"
"A&B","C:\Users\407407\Desktop\vllm\github\MQA_FastPath\A&B\key_A_FP_ON_MQA_ON_k8.log","key","A_FP_ON_MQA_ON","8","capability","2","ASCEND,FLASH_ATTN)."
"A&B","C:\Users\407407\Desktop\vllm\github\MQA_FastPath\A&B\key_A_FP_ON_MQA_ON_k8.log","key","A_FP_ON_MQA_ON","8","count","88","350"
"A&B","C:\Users\407407\Desktop\vllm\github\MQA_FastPath\A&B\key_A_FP_ON_MQA_ON_k8.log","key","A_FP_ON_MQA_ON","8","draft_tp","1","1"
"A&B","C:\Users\407407\Desktop\vllm\github\MQA_FastPath\A&B\key_A_FP_ON_MQA_ON_k8.log","key","A_FP_ON_MQA_ON","8","extra_args","23","None)"
"A&B","C:\Users\407407\Desktop\vllm\github\MQA_FastPath\A&B\key_A_FP_ON_MQA_ON_k8.log","key","A_FP_ON_MQA_ON","8","fail_adapter","5","0"
"A&B","C:\Users\407407\Desktop\vllm\github\MQA_FastPath\A&B\key_A_FP_ON_MQA_ON_k8.log","key","A_FP_ON_MQA_ON","8","fail_backend","5","0"
"A&B","C:\Users\407407\Desktop\vllm\github\MQA_FastPath\A&B\key_A_FP_ON_MQA_ON_k8.log","key","A_FP_ON_MQA_ON","8","fail_disabled","5","0"
"A&B","C:\Users\407407\Desktop\vllm\github\MQA_FastPath\A&B\key_A_FP_ON_MQA_ON_k8.log","key","A_FP_ON_MQA_ON","8","fail_lora","5","0"
"A&B","C:\Users\407407\Desktop\vllm\github\MQA_FastPath\A&B\key_A_FP_ON_MQA_ON_k8.log","key","A_FP_ON_MQA_ON","8","fail_prompt","5","0"
"A&B","C:\Users\407407\Desktop\vllm\github\MQA_FastPath\A&B\key_A_FP_ON_MQA_ON_k8.log","key","A_FP_ON_MQA_ON","8","frequency_penalty","23","0.0"
"A&B","C:\Users\407407\Desktop\vllm\github\MQA_FastPath\A&B\key_A_FP_ON_MQA_ON_k8.log","key","A_FP_ON_MQA_ON","8","guided_decoding","23","None"
"A&B","C:\Users\407407\Desktop\vllm\github\MQA_FastPath\A&B\key_A_FP_ON_MQA_ON_k8.log","key","A_FP_ON_MQA_ON","8","hs_ratio","98","0.0000"
"A&B","C:\Users\407407\Desktop\vllm\github\MQA_FastPath\A&B\key_A_FP_ON_MQA_ON_k8.log","key","A_FP_ON_MQA_ON","8","ignore_eos","23","False"
"A&B","C:\Users\407407\Desktop\vllm\github\MQA_FastPath\A&B\key_A_FP_ON_MQA_ON_k8.log","key","A_FP_ON_MQA_ON","8","include_stop_str_in_output","23","False"
"A&B","C:\Users\407407\Desktop\vllm\github\MQA_FastPath\A&B\key_A_FP_ON_MQA_ON_k8.log","key","A_FP_ON_MQA_ON","8","is_tp1_runner","4","True"
"A&B","C:\Users\407407\Desktop\vllm\github\MQA_FastPath\A&B\key_A_FP_ON_MQA_ON_k8.log","key","A_FP_ON_MQA_ON","8","iter_p95","98","325.743"
"A&B","C:\Users\407407\Desktop\vllm\github\MQA_FastPath\A&B\key_A_FP_ON_MQA_ON_k8.log","key","A_FP_ON_MQA_ON","8","k","99","3"
"A&B","C:\Users\407407\Desktop\vllm\github\MQA_FastPath\A&B\key_A_FP_ON_MQA_ON_k8.log","key","A_FP_ON_MQA_ON","8","logprobs","23","None"
"A&B","C:\Users\407407\Desktop\vllm\github\MQA_FastPath\A&B\key_A_FP_ON_MQA_ON_k8.log","key","A_FP_ON_MQA_ON","8","max_tokens","23","340"
"A&B","C:\Users\407407\Desktop\vllm\github\MQA_FastPath\A&B\key_A_FP_ON_MQA_ON_k8.log","key","A_FP_ON_MQA_ON","8","min_p","23","0.0"
"A&B","C:\Users\407407\Desktop\vllm\github\MQA_FastPath\A&B\key_A_FP_ON_MQA_ON_k8.log","key","A_FP_ON_MQA_ON","8","min_tokens","23","0"
"A&B","C:\Users\407407\Desktop\vllm\github\MQA_FastPath\A&B\key_A_FP_ON_MQA_ON_k8.log","key","A_FP_ON_MQA_ON","8","model_runner","4","<class 'vllm_ascend.worker.draft_model_runner.TP1DraftModelRunner'>"
"A&B","C:\Users\407407\Desktop\vllm\github\MQA_FastPath\A&B\key_A_FP_ON_MQA_ON_k8.log","key","A_FP_ON_MQA_ON","8","model_type","1","qwen3)"
"A&B","C:\Users\407407\Desktop\vllm\github\MQA_FastPath\A&B\key_A_FP_ON_MQA_ON_k8.log","key","A_FP_ON_MQA_ON","8","ms_hit","5","1"
"A&B","C:\Users\407407\Desktop\vllm\github\MQA_FastPath\A&B\key_A_FP_ON_MQA_ON_k8.log","key","A_FP_ON_MQA_ON","8","ms_total","5","1"
"A&B","C:\Users\407407\Desktop\vllm\github\MQA_FastPath\A&B\key_A_FP_ON_MQA_ON_k8.log","key","A_FP_ON_MQA_ON","8","n","23","1"
"A&B","C:\Users\407407\Desktop\vllm\github\MQA_FastPath\A&B\key_A_FP_ON_MQA_ON_k8.log","key","A_FP_ON_MQA_ON","8","presence_penalty","23","0.0"
"A&B","C:\Users\407407\Desktop\vllm\github\MQA_FastPath\A&B\key_A_FP_ON_MQA_ON_k8.log","key","A_FP_ON_MQA_ON","8","prompt_logprobs","23","None"
"A&B","C:\Users\407407\Desktop\vllm\github\MQA_FastPath\A&B\key_A_FP_ON_MQA_ON_k8.log","key","A_FP_ON_MQA_ON","8","repetition_penalty","23","1.0"
"A&B","C:\Users\407407\Desktop\vllm\github\MQA_FastPath\A&B\key_A_FP_ON_MQA_ON_k8.log","key","A_FP_ON_MQA_ON","8","runner_cls","1","<class 'vllm_ascend.worker.draft_model_runner.TP1DraftModelRunner'>"
"A&B","C:\Users\407407\Desktop\vllm\github\MQA_FastPath\A&B\key_A_FP_ON_MQA_ON_k8.log","key","A_FP_ON_MQA_ON","8","sample_len","4","4"
"A&B","C:\Users\407407\Desktop\vllm\github\MQA_FastPath\A&B\key_A_FP_ON_MQA_ON_k8.log","key","A_FP_ON_MQA_ON","8","scoring_time_ms","100","81.52"
"A&B","C:\Users\407407\Desktop\vllm\github\MQA_FastPath\A&B\key_A_FP_ON_MQA_ON_k8.log","key","A_FP_ON_MQA_ON","8","seed","23","None"
"A&B","C:\Users\407407\Desktop\vllm\github\MQA_FastPath\A&B\key_A_FP_ON_MQA_ON_k8.log","key","A_FP_ON_MQA_ON","8","skip_special_tokens","23","True"
"A&B","C:\Users\407407\Desktop\vllm\github\MQA_FastPath\A&B\key_A_FP_ON_MQA_ON_k8.log","key","A_FP_ON_MQA_ON","8","spaces_between_special_tokens","23","True"
"A&B","C:\Users\407407\Desktop\vllm\github\MQA_FastPath\A&B\key_A_FP_ON_MQA_ON_k8.log","key","A_FP_ON_MQA_ON","8","step_accept","99","[1.0, 0.9608, 0.9559]"
"A&B","C:\Users\407407\Desktop\vllm\github\MQA_FastPath\A&B\key_A_FP_ON_MQA_ON_k8.log","key","A_FP_ON_MQA_ON","8","stop","23","[]"
"A&B","C:\Users\407407\Desktop\vllm\github\MQA_FastPath\A&B\key_A_FP_ON_MQA_ON_k8.log","key","A_FP_ON_MQA_ON","8","stop_token_ids","23","[]"
"A&B","C:\Users\407407\Desktop\vllm\github\MQA_FastPath\A&B\key_A_FP_ON_MQA_ON_k8.log","key","A_FP_ON_MQA_ON","8","supports_gpu_multi_step","5","True"
"A&B","C:\Users\407407\Desktop\vllm\github\MQA_FastPath\A&B\key_A_FP_ON_MQA_ON_k8.log","key","A_FP_ON_MQA_ON","8","target_tp","1","1"
"A&B","C:\Users\407407\Desktop\vllm\github\MQA_FastPath\A&B\key_A_FP_ON_MQA_ON_k8.log","key","A_FP_ON_MQA_ON","8","temperature","23","0.0"
"A&B","C:\Users\407407\Desktop\vllm\github\MQA_FastPath\A&B\key_A_FP_ON_MQA_ON_k8.log","key","A_FP_ON_MQA_ON","8","throughput_tps","98","226.313"
"A&B","C:\Users\407407\Desktop\vllm\github\MQA_FastPath\A&B\key_A_FP_ON_MQA_ON_k8.log","key","A_FP_ON_MQA_ON","8","top_k","23","0"
"A&B","C:\Users\407407\Desktop\vllm\github\MQA_FastPath\A&B\key_A_FP_ON_MQA_ON_k8.log","key","A_FP_ON_MQA_ON","8","top_p","23","1.0"
"A&B","C:\Users\407407\Desktop\vllm\github\MQA_FastPath\A&B\key_A_FP_ON_MQA_ON_k8.log","key","A_FP_ON_MQA_ON","8","truncate_prompt_tokens","23","None"
"A&B","C:\Users\407407\Desktop\vllm\github\MQA_FastPath\A&B\key_A_FP_ON_MQA_ON_k8.log","key","A_FP_ON_MQA_ON","8","verification_time_ms","100","5.22"
"A&B","C:\Users\407407\Desktop\vllm\github\MQA_FastPath\A&B\key_A_FP_ON_MQA_ON_k8.log","key","A_FP_ON_MQA_ON","8","waste_ratio","99","0.0278"
"A&B","C:\Users\407407\Desktop\vllm\github\MQA_FastPath\A&B\key_B_FP_ON_MQA_OFF_k2.log","key","B_FP_ON_MQA_OFF","2","accept","192","0.7941"
"A&B","C:\Users\407407\Desktop\vllm\github\MQA_FastPath\A&B\key_B_FP_ON_MQA_OFF_k2.log","key","B_FP_ON_MQA_OFF","2","accept_no_hs","192","0.7941"
"A&B","C:\Users\407407\Desktop\vllm\github\MQA_FastPath\A&B\key_B_FP_ON_MQA_OFF_k2.log","key","B_FP_ON_MQA_OFF","2","accept_with_hs","192","0.0000"
"A&B","C:\Users\407407\Desktop\vllm\github\MQA_FastPath\A&B\key_B_FP_ON_MQA_OFF_k2.log","key","B_FP_ON_MQA_OFF","2","average_time_per_proposal_tok_ms","186","63.69"
"A&B","C:\Users\407407\Desktop\vllm\github\MQA_FastPath\A&B\key_B_FP_ON_MQA_OFF_k2.log","key","B_FP_ON_MQA_OFF","2","avg_execute_total_ms","183","66.73"
"A&B","C:\Users\407407\Desktop\vllm\github\MQA_FastPath\A&B\key_B_FP_ON_MQA_OFF_k2.log","key","B_FP_ON_MQA_OFF","2","avg_forward_ms","183","62.63"
"A&B","C:\Users\407407\Desktop\vllm\github\MQA_FastPath\A&B\key_B_FP_ON_MQA_OFF_k2.log","key","B_FP_ON_MQA_OFF","2","avg_logits_ms","183","1.12"
"A&B","C:\Users\407407\Desktop\vllm\github\MQA_FastPath\A&B\key_B_FP_ON_MQA_OFF_k2.log","key","B_FP_ON_MQA_OFF","2","avg_sampler_ms","183","2.93"
"A&B","C:\Users\407407\Desktop\vllm\github\MQA_FastPath\A&B\key_B_FP_ON_MQA_OFF_k2.log","key","B_FP_ON_MQA_OFF","2","backend","2","ASCEND"
"A&B","C:\Users\407407\Desktop\vllm\github\MQA_FastPath\A&B\key_B_FP_ON_MQA_OFF_k2.log","key","B_FP_ON_MQA_OFF","2","bad_words","29","[]"
"A&B","C:\Users\407407\Desktop\vllm\github\MQA_FastPath\A&B\key_B_FP_ON_MQA_OFF_k2.log","key","B_FP_ON_MQA_OFF","2","capability","2","FLASH_ATTN)."
"A&B","C:\Users\407407\Desktop\vllm\github\MQA_FastPath\A&B\key_B_FP_ON_MQA_OFF_k2.log","key","B_FP_ON_MQA_OFF","2","count","183","650"
"A&B","C:\Users\407407\Desktop\vllm\github\MQA_FastPath\A&B\key_B_FP_ON_MQA_OFF_k2.log","key","B_FP_ON_MQA_OFF","2","draft_tp","1","1"
"A&B","C:\Users\407407\Desktop\vllm\github\MQA_FastPath\A&B\key_B_FP_ON_MQA_OFF_k2.log","key","B_FP_ON_MQA_OFF","2","extra_args","29","None)"
"A&B","C:\Users\407407\Desktop\vllm\github\MQA_FastPath\A&B\key_B_FP_ON_MQA_OFF_k2.log","key","B_FP_ON_MQA_OFF","2","fail_adapter","5","0"
"A&B","C:\Users\407407\Desktop\vllm\github\MQA_FastPath\A&B\key_B_FP_ON_MQA_OFF_k2.log","key","B_FP_ON_MQA_OFF","2","fail_backend","5","0"
"A&B","C:\Users\407407\Desktop\vllm\github\MQA_FastPath\A&B\key_B_FP_ON_MQA_OFF_k2.log","key","B_FP_ON_MQA_OFF","2","fail_disabled","5","0"
"A&B","C:\Users\407407\Desktop\vllm\github\MQA_FastPath\A&B\key_B_FP_ON_MQA_OFF_k2.log","key","B_FP_ON_MQA_OFF","2","fail_lora","5","0"
"A&B","C:\Users\407407\Desktop\vllm\github\MQA_FastPath\A&B\key_B_FP_ON_MQA_OFF_k2.log","key","B_FP_ON_MQA_OFF","2","fail_prompt","5","0"
"A&B","C:\Users\407407\Desktop\vllm\github\MQA_FastPath\A&B\key_B_FP_ON_MQA_OFF_k2.log","key","B_FP_ON_MQA_OFF","2","frequency_penalty","29","0.0"
"A&B","C:\Users\407407\Desktop\vllm\github\MQA_FastPath\A&B\key_B_FP_ON_MQA_OFF_k2.log","key","B_FP_ON_MQA_OFF","2","guided_decoding","29","None"
"A&B","C:\Users\407407\Desktop\vllm\github\MQA_FastPath\A&B\key_B_FP_ON_MQA_OFF_k2.log","key","B_FP_ON_MQA_OFF","2","hs_ratio","192","0.0000"
"A&B","C:\Users\407407\Desktop\vllm\github\MQA_FastPath\A&B\key_B_FP_ON_MQA_OFF_k2.log","key","B_FP_ON_MQA_OFF","2","ignore_eos","29","False"
"A&B","C:\Users\407407\Desktop\vllm\github\MQA_FastPath\A&B\key_B_FP_ON_MQA_OFF_k2.log","key","B_FP_ON_MQA_OFF","2","include_stop_str_in_output","29","False"
"A&B","C:\Users\407407\Desktop\vllm\github\MQA_FastPath\A&B\key_B_FP_ON_MQA_OFF_k2.log","key","B_FP_ON_MQA_OFF","2","is_tp1_runner","4","True"
"A&B","C:\Users\407407\Desktop\vllm\github\MQA_FastPath\A&B\key_B_FP_ON_MQA_OFF_k2.log","key","B_FP_ON_MQA_OFF","2","iter_p95","192","273.883"
"A&B","C:\Users\407407\Desktop\vllm\github\MQA_FastPath\A&B\key_B_FP_ON_MQA_OFF_k2.log","key","B_FP_ON_MQA_OFF","2","k","193","2"
"A&B","C:\Users\407407\Desktop\vllm\github\MQA_FastPath\A&B\key_B_FP_ON_MQA_OFF_k2.log","key","B_FP_ON_MQA_OFF","2","logprobs","29","None"
"A&B","C:\Users\407407\Desktop\vllm\github\MQA_FastPath\A&B\key_B_FP_ON_MQA_OFF_k2.log","key","B_FP_ON_MQA_OFF","2","max_tokens","29","340"
"A&B","C:\Users\407407\Desktop\vllm\github\MQA_FastPath\A&B\key_B_FP_ON_MQA_OFF_k2.log","key","B_FP_ON_MQA_OFF","2","min_p","29","0.0"
"A&B","C:\Users\407407\Desktop\vllm\github\MQA_FastPath\A&B\key_B_FP_ON_MQA_OFF_k2.log","key","B_FP_ON_MQA_OFF","2","min_tokens","29","0"
"A&B","C:\Users\407407\Desktop\vllm\github\MQA_FastPath\A&B\key_B_FP_ON_MQA_OFF_k2.log","key","B_FP_ON_MQA_OFF","2","model_runner","4","<class 'vllm_ascend.worker.draft_model_runner.TP1DraftModelRunner'>"
"A&B","C:\Users\407407\Desktop\vllm\github\MQA_FastPath\A&B\key_B_FP_ON_MQA_OFF_k2.log","key","B_FP_ON_MQA_OFF","2","model_type","1","qwen3)"
"A&B","C:\Users\407407\Desktop\vllm\github\MQA_FastPath\A&B\key_B_FP_ON_MQA_OFF_k2.log","key","B_FP_ON_MQA_OFF","2","ms_hit","5","1"
"A&B","C:\Users\407407\Desktop\vllm\github\MQA_FastPath\A&B\key_B_FP_ON_MQA_OFF_k2.log","key","B_FP_ON_MQA_OFF","2","ms_total","5","1"
"A&B","C:\Users\407407\Desktop\vllm\github\MQA_FastPath\A&B\key_B_FP_ON_MQA_OFF_k2.log","key","B_FP_ON_MQA_OFF","2","n","29","1"
"A&B","C:\Users\407407\Desktop\vllm\github\MQA_FastPath\A&B\key_B_FP_ON_MQA_OFF_k2.log","key","B_FP_ON_MQA_OFF","2","presence_penalty","29","0.0"
"A&B","C:\Users\407407\Desktop\vllm\github\MQA_FastPath\A&B\key_B_FP_ON_MQA_OFF_k2.log","key","B_FP_ON_MQA_OFF","2","prompt_logprobs","29","None"
"A&B","C:\Users\407407\Desktop\vllm\github\MQA_FastPath\A&B\key_B_FP_ON_MQA_OFF_k2.log","key","B_FP_ON_MQA_OFF","2","repetition_penalty","29","1.0"
"A&B","C:\Users\407407\Desktop\vllm\github\MQA_FastPath\A&B\key_B_FP_ON_MQA_OFF_k2.log","key","B_FP_ON_MQA_OFF","2","runner_cls","1","<class 'vllm_ascend.worker.draft_model_runner.TP1DraftModelRunner'>"
"A&B","C:\Users\407407\Desktop\vllm\github\MQA_FastPath\A&B\key_B_FP_ON_MQA_OFF_k2.log","key","B_FP_ON_MQA_OFF","2","sample_len","4","2"
"A&B","C:\Users\407407\Desktop\vllm\github\MQA_FastPath\A&B\key_B_FP_ON_MQA_OFF_k2.log","key","B_FP_ON_MQA_OFF","2","scoring_time_ms","186","84.77"
"A&B","C:\Users\407407\Desktop\vllm\github\MQA_FastPath\A&B\key_B_FP_ON_MQA_OFF_k2.log","key","B_FP_ON_MQA_OFF","2","seed","29","None"
"A&B","C:\Users\407407\Desktop\vllm\github\MQA_FastPath\A&B\key_B_FP_ON_MQA_OFF_k2.log","key","B_FP_ON_MQA_OFF","2","skip_special_tokens","29","True"
"A&B","C:\Users\407407\Desktop\vllm\github\MQA_FastPath\A&B\key_B_FP_ON_MQA_OFF_k2.log","key","B_FP_ON_MQA_OFF","2","spaces_between_special_tokens","29","True"
"A&B","C:\Users\407407\Desktop\vllm\github\MQA_FastPath\A&B\key_B_FP_ON_MQA_OFF_k2.log","key","B_FP_ON_MQA_OFF","2","step_accept","193","[1.0, 0.5626]"
"A&B","C:\Users\407407\Desktop\vllm\github\MQA_FastPath\A&B\key_B_FP_ON_MQA_OFF_k2.log","key","B_FP_ON_MQA_OFF","2","stop","29","[]"
"A&B","C:\Users\407407\Desktop\vllm\github\MQA_FastPath\A&B\key_B_FP_ON_MQA_OFF_k2.log","key","B_FP_ON_MQA_OFF","2","stop_token_ids","29","[]"
"A&B","C:\Users\407407\Desktop\vllm\github\MQA_FastPath\A&B\key_B_FP_ON_MQA_OFF_k2.log","key","B_FP_ON_MQA_OFF","2","supports_gpu_multi_step","5","True"
"A&B","C:\Users\407407\Desktop\vllm\github\MQA_FastPath\A&B\key_B_FP_ON_MQA_OFF_k2.log","key","B_FP_ON_MQA_OFF","2","target_tp","1","1"
"A&B","C:\Users\407407\Desktop\vllm\github\MQA_FastPath\A&B\key_B_FP_ON_MQA_OFF_k2.log","key","B_FP_ON_MQA_OFF","2","temperature","29","0.0"
"A&B","C:\Users\407407\Desktop\vllm\github\MQA_FastPath\A&B\key_B_FP_ON_MQA_OFF_k2.log","key","B_FP_ON_MQA_OFF","2","throughput_tps","192","197.159"
"A&B","C:\Users\407407\Desktop\vllm\github\MQA_FastPath\A&B\key_B_FP_ON_MQA_OFF_k2.log","key","B_FP_ON_MQA_OFF","2","top_k","29","0"
"A&B","C:\Users\407407\Desktop\vllm\github\MQA_FastPath\A&B\key_B_FP_ON_MQA_OFF_k2.log","key","B_FP_ON_MQA_OFF","2","top_p","29","1.0"
"A&B","C:\Users\407407\Desktop\vllm\github\MQA_FastPath\A&B\key_B_FP_ON_MQA_OFF_k2.log","key","B_FP_ON_MQA_OFF","2","truncate_prompt_tokens","29","None"
"A&B","C:\Users\407407\Desktop\vllm\github\MQA_FastPath\A&B\key_B_FP_ON_MQA_OFF_k2.log","key","B_FP_ON_MQA_OFF","2","verification_time_ms","186","7.18"
"A&B","C:\Users\407407\Desktop\vllm\github\MQA_FastPath\A&B\key_B_FP_ON_MQA_OFF_k2.log","key","B_FP_ON_MQA_OFF","2","waste_ratio","193","0.2187"
"A&B","C:\Users\407407\Desktop\vllm\github\MQA_FastPath\A&B\key_B_FP_ON_MQA_OFF_k4.log","key","B_FP_ON_MQA_OFF","4","accept","191","0.7921"
"A&B","C:\Users\407407\Desktop\vllm\github\MQA_FastPath\A&B\key_B_FP_ON_MQA_OFF_k4.log","key","B_FP_ON_MQA_OFF","4","accept_no_hs","191","0.7921"
"A&B","C:\Users\407407\Desktop\vllm\github\MQA_FastPath\A&B\key_B_FP_ON_MQA_OFF_k4.log","key","B_FP_ON_MQA_OFF","4","accept_with_hs","191","0.0000"
"A&B","C:\Users\407407\Desktop\vllm\github\MQA_FastPath\A&B\key_B_FP_ON_MQA_OFF_k4.log","key","B_FP_ON_MQA_OFF","4","average_time_per_proposal_tok_ms","186","39.66"
"A&B","C:\Users\407407\Desktop\vllm\github\MQA_FastPath\A&B\key_B_FP_ON_MQA_OFF_k4.log","key","B_FP_ON_MQA_OFF","4","avg_execute_total_ms","184","69.73"
"A&B","C:\Users\407407\Desktop\vllm\github\MQA_FastPath\A&B\key_B_FP_ON_MQA_OFF_k4.log","key","B_FP_ON_MQA_OFF","4","avg_forward_ms","184","64.67"
"A&B","C:\Users\407407\Desktop\vllm\github\MQA_FastPath\A&B\key_B_FP_ON_MQA_OFF_k4.log","key","B_FP_ON_MQA_OFF","4","avg_logits_ms","184","1.00"
"A&B","C:\Users\407407\Desktop\vllm\github\MQA_FastPath\A&B\key_B_FP_ON_MQA_OFF_k4.log","key","B_FP_ON_MQA_OFF","4","avg_sampler_ms","184","4.02"
"A&B","C:\Users\407407\Desktop\vllm\github\MQA_FastPath\A&B\key_B_FP_ON_MQA_OFF_k4.log","key","B_FP_ON_MQA_OFF","4","backend","2","ASCEND"
"A&B","C:\Users\407407\Desktop\vllm\github\MQA_FastPath\A&B\key_B_FP_ON_MQA_OFF_k4.log","key","B_FP_ON_MQA_OFF","4","bad_words","28","[]"
"A&B","C:\Users\407407\Desktop\vllm\github\MQA_FastPath\A&B\key_B_FP_ON_MQA_OFF_k4.log","key","B_FP_ON_MQA_OFF","4","capability","2","FLASH_ATTN)."
"A&B","C:\Users\407407\Desktop\vllm\github\MQA_FastPath\A&B\key_B_FP_ON_MQA_OFF_k4.log","key","B_FP_ON_MQA_OFF","4","count","184","650"
"A&B","C:\Users\407407\Desktop\vllm\github\MQA_FastPath\A&B\key_B_FP_ON_MQA_OFF_k4.log","key","B_FP_ON_MQA_OFF","4","draft_tp","1","1"
"A&B","C:\Users\407407\Desktop\vllm\github\MQA_FastPath\A&B\key_B_FP_ON_MQA_OFF_k4.log","key","B_FP_ON_MQA_OFF","4","extra_args","28","None)"
"A&B","C:\Users\407407\Desktop\vllm\github\MQA_FastPath\A&B\key_B_FP_ON_MQA_OFF_k4.log","key","B_FP_ON_MQA_OFF","4","fail_adapter","5","0"
"A&B","C:\Users\407407\Desktop\vllm\github\MQA_FastPath\A&B\key_B_FP_ON_MQA_OFF_k4.log","key","B_FP_ON_MQA_OFF","4","fail_backend","5","0"
"A&B","C:\Users\407407\Desktop\vllm\github\MQA_FastPath\A&B\key_B_FP_ON_MQA_OFF_k4.log","key","B_FP_ON_MQA_OFF","4","fail_disabled","5","0"
"A&B","C:\Users\407407\Desktop\vllm\github\MQA_FastPath\A&B\key_B_FP_ON_MQA_OFF_k4.log","key","B_FP_ON_MQA_OFF","4","fail_lora","5","0"
"A&B","C:\Users\407407\Desktop\vllm\github\MQA_FastPath\A&B\key_B_FP_ON_MQA_OFF_k4.log","key","B_FP_ON_MQA_OFF","4","fail_prompt","5","0"
"A&B","C:\Users\407407\Desktop\vllm\github\MQA_FastPath\A&B\key_B_FP_ON_MQA_OFF_k4.log","key","B_FP_ON_MQA_OFF","4","frequency_penalty","28","0.0"
"A&B","C:\Users\407407\Desktop\vllm\github\MQA_FastPath\A&B\key_B_FP_ON_MQA_OFF_k4.log","key","B_FP_ON_MQA_OFF","4","guided_decoding","28","None"
"A&B","C:\Users\407407\Desktop\vllm\github\MQA_FastPath\A&B\key_B_FP_ON_MQA_OFF_k4.log","key","B_FP_ON_MQA_OFF","4","hs_ratio","191","0.0000"
"A&B","C:\Users\407407\Desktop\vllm\github\MQA_FastPath\A&B\key_B_FP_ON_MQA_OFF_k4.log","key","B_FP_ON_MQA_OFF","4","ignore_eos","28","False"
"A&B","C:\Users\407407\Desktop\vllm\github\MQA_FastPath\A&B\key_B_FP_ON_MQA_OFF_k4.log","key","B_FP_ON_MQA_OFF","4","include_stop_str_in_output","28","False"
"A&B","C:\Users\407407\Desktop\vllm\github\MQA_FastPath\A&B\key_B_FP_ON_MQA_OFF_k4.log","key","B_FP_ON_MQA_OFF","4","is_tp1_runner","4","True"
"A&B","C:\Users\407407\Desktop\vllm\github\MQA_FastPath\A&B\key_B_FP_ON_MQA_OFF_k4.log","key","B_FP_ON_MQA_OFF","4","iter_p95","191","280.538"
"A&B","C:\Users\407407\Desktop\vllm\github\MQA_FastPath\A&B\key_B_FP_ON_MQA_OFF_k4.log","key","B_FP_ON_MQA_OFF","4","k","190","2"
"A&B","C:\Users\407407\Desktop\vllm\github\MQA_FastPath\A&B\key_B_FP_ON_MQA_OFF_k4.log","key","B_FP_ON_MQA_OFF","4","logprobs","28","None"
"A&B","C:\Users\407407\Desktop\vllm\github\MQA_FastPath\A&B\key_B_FP_ON_MQA_OFF_k4.log","key","B_FP_ON_MQA_OFF","4","max_tokens","28","340"
"A&B","C:\Users\407407\Desktop\vllm\github\MQA_FastPath\A&B\key_B_FP_ON_MQA_OFF_k4.log","key","B_FP_ON_MQA_OFF","4","min_p","28","0.0"
"A&B","C:\Users\407407\Desktop\vllm\github\MQA_FastPath\A&B\key_B_FP_ON_MQA_OFF_k4.log","key","B_FP_ON_MQA_OFF","4","min_tokens","28","0"
"A&B","C:\Users\407407\Desktop\vllm\github\MQA_FastPath\A&B\key_B_FP_ON_MQA_OFF_k4.log","key","B_FP_ON_MQA_OFF","4","model_runner","4","<class 'vllm_ascend.worker.draft_model_runner.TP1DraftModelRunner'>"
"A&B","C:\Users\407407\Desktop\vllm\github\MQA_FastPath\A&B\key_B_FP_ON_MQA_OFF_k4.log","key","B_FP_ON_MQA_OFF","4","model_type","1","qwen3)"
"A&B","C:\Users\407407\Desktop\vllm\github\MQA_FastPath\A&B\key_B_FP_ON_MQA_OFF_k4.log","key","B_FP_ON_MQA_OFF","4","ms_hit","5","1"
"A&B","C:\Users\407407\Desktop\vllm\github\MQA_FastPath\A&B\key_B_FP_ON_MQA_OFF_k4.log","key","B_FP_ON_MQA_OFF","4","ms_total","5","1"
"A&B","C:\Users\407407\Desktop\vllm\github\MQA_FastPath\A&B\key_B_FP_ON_MQA_OFF_k4.log","key","B_FP_ON_MQA_OFF","4","n","28","1"
"A&B","C:\Users\407407\Desktop\vllm\github\MQA_FastPath\A&B\key_B_FP_ON_MQA_OFF_k4.log","key","B_FP_ON_MQA_OFF","4","presence_penalty","28","0.0"
"A&B","C:\Users\407407\Desktop\vllm\github\MQA_FastPath\A&B\key_B_FP_ON_MQA_OFF_k4.log","key","B_FP_ON_MQA_OFF","4","prompt_logprobs","28","None"
"A&B","C:\Users\407407\Desktop\vllm\github\MQA_FastPath\A&B\key_B_FP_ON_MQA_OFF_k4.log","key","B_FP_ON_MQA_OFF","4","repetition_penalty","28","1.0"
"A&B","C:\Users\407407\Desktop\vllm\github\MQA_FastPath\A&B\key_B_FP_ON_MQA_OFF_k4.log","key","B_FP_ON_MQA_OFF","4","runner_cls","1","<class 'vllm_ascend.worker.draft_model_runner.TP1DraftModelRunner'>"
"A&B","C:\Users\407407\Desktop\vllm\github\MQA_FastPath\A&B\key_B_FP_ON_MQA_OFF_k4.log","key","B_FP_ON_MQA_OFF","4","sample_len","4","4"
"A&B","C:\Users\407407\Desktop\vllm\github\MQA_FastPath\A&B\key_B_FP_ON_MQA_OFF_k4.log","key","B_FP_ON_MQA_OFF","4","scoring_time_ms","186","56.04"
"A&B","C:\Users\407407\Desktop\vllm\github\MQA_FastPath\A&B\key_B_FP_ON_MQA_OFF_k4.log","key","B_FP_ON_MQA_OFF","4","seed","28","None"
"A&B","C:\Users\407407\Desktop\vllm\github\MQA_FastPath\A&B\key_B_FP_ON_MQA_OFF_k4.log","key","B_FP_ON_MQA_OFF","4","skip_special_tokens","28","True"
"A&B","C:\Users\407407\Desktop\vllm\github\MQA_FastPath\A&B\key_B_FP_ON_MQA_OFF_k4.log","key","B_FP_ON_MQA_OFF","4","spaces_between_special_tokens","28","True"
"A&B","C:\Users\407407\Desktop\vllm\github\MQA_FastPath\A&B\key_B_FP_ON_MQA_OFF_k4.log","key","B_FP_ON_MQA_OFF","4","step_accept","190","[1.0, 0.5855]"
"A&B","C:\Users\407407\Desktop\vllm\github\MQA_FastPath\A&B\key_B_FP_ON_MQA_OFF_k4.log","key","B_FP_ON_MQA_OFF","4","stop","28","[]"
"A&B","C:\Users\407407\Desktop\vllm\github\MQA_FastPath\A&B\key_B_FP_ON_MQA_OFF_k4.log","key","B_FP_ON_MQA_OFF","4","stop_token_ids","28","[]"
"A&B","C:\Users\407407\Desktop\vllm\github\MQA_FastPath\A&B\key_B_FP_ON_MQA_OFF_k4.log","key","B_FP_ON_MQA_OFF","4","supports_gpu_multi_step","5","True"
"A&B","C:\Users\407407\Desktop\vllm\github\MQA_FastPath\A&B\key_B_FP_ON_MQA_OFF_k4.log","key","B_FP_ON_MQA_OFF","4","target_tp","1","1"
"A&B","C:\Users\407407\Desktop\vllm\github\MQA_FastPath\A&B\key_B_FP_ON_MQA_OFF_k4.log","key","B_FP_ON_MQA_OFF","4","temperature","28","0.0"
"A&B","C:\Users\407407\Desktop\vllm\github\MQA_FastPath\A&B\key_B_FP_ON_MQA_OFF_k4.log","key","B_FP_ON_MQA_OFF","4","throughput_tps","191","188.916"
"A&B","C:\Users\407407\Desktop\vllm\github\MQA_FastPath\A&B\key_B_FP_ON_MQA_OFF_k4.log","key","B_FP_ON_MQA_OFF","4","top_k","28","0"
"A&B","C:\Users\407407\Desktop\vllm\github\MQA_FastPath\A&B\key_B_FP_ON_MQA_OFF_k4.log","key","B_FP_ON_MQA_OFF","4","top_p","28","1.0"
"A&B","C:\Users\407407\Desktop\vllm\github\MQA_FastPath\A&B\key_B_FP_ON_MQA_OFF_k4.log","key","B_FP_ON_MQA_OFF","4","truncate_prompt_tokens","28","None"
"A&B","C:\Users\407407\Desktop\vllm\github\MQA_FastPath\A&B\key_B_FP_ON_MQA_OFF_k4.log","key","B_FP_ON_MQA_OFF","4","verification_time_ms","186","3.56"
"A&B","C:\Users\407407\Desktop\vllm\github\MQA_FastPath\A&B\key_B_FP_ON_MQA_OFF_k4.log","key","B_FP_ON_MQA_OFF","4","waste_ratio","190","0.2072"
"A&B","C:\Users\407407\Desktop\vllm\github\MQA_FastPath\A&B\key_B_FP_ON_MQA_OFF_k8.log","key","B_FP_ON_MQA_OFF","8","accept","189","0.7860"
"A&B","C:\Users\407407\Desktop\vllm\github\MQA_FastPath\A&B\key_B_FP_ON_MQA_OFF_k8.log","key","B_FP_ON_MQA_OFF","8","accept_no_hs","189","0.7860"
"A&B","C:\Users\407407\Desktop\vllm\github\MQA_FastPath\A&B\key_B_FP_ON_MQA_OFF_k8.log","key","B_FP_ON_MQA_OFF","8","accept_with_hs","189","0.0000"
"A&B","C:\Users\407407\Desktop\vllm\github\MQA_FastPath\A&B\key_B_FP_ON_MQA_OFF_k8.log","key","B_FP_ON_MQA_OFF","8","average_time_per_proposal_tok_ms","182","60.55"
"A&B","C:\Users\407407\Desktop\vllm\github\MQA_FastPath\A&B\key_B_FP_ON_MQA_OFF_k8.log","key","B_FP_ON_MQA_OFF","8","avg_execute_total_ms","181","66.96"
"A&B","C:\Users\407407\Desktop\vllm\github\MQA_FastPath\A&B\key_B_FP_ON_MQA_OFF_k8.log","key","B_FP_ON_MQA_OFF","8","avg_forward_ms","181","62.78"
"A&B","C:\Users\407407\Desktop\vllm\github\MQA_FastPath\A&B\key_B_FP_ON_MQA_OFF_k8.log","key","B_FP_ON_MQA_OFF","8","avg_logits_ms","181","1.16"
"A&B","C:\Users\407407\Desktop\vllm\github\MQA_FastPath\A&B\key_B_FP_ON_MQA_OFF_k8.log","key","B_FP_ON_MQA_OFF","8","avg_sampler_ms","181","2.96"
"A&B","C:\Users\407407\Desktop\vllm\github\MQA_FastPath\A&B\key_B_FP_ON_MQA_OFF_k8.log","key","B_FP_ON_MQA_OFF","8","backend","2","ASCEND"
"A&B","C:\Users\407407\Desktop\vllm\github\MQA_FastPath\A&B\key_B_FP_ON_MQA_OFF_k8.log","key","B_FP_ON_MQA_OFF","8","bad_words","27","[]"
"A&B","C:\Users\407407\Desktop\vllm\github\MQA_FastPath\A&B\key_B_FP_ON_MQA_OFF_k8.log","key","B_FP_ON_MQA_OFF","8","capability","2","FLASH_ATTN)."
"A&B","C:\Users\407407\Desktop\vllm\github\MQA_FastPath\A&B\key_B_FP_ON_MQA_OFF_k8.log","key","B_FP_ON_MQA_OFF","8","count","181","650"
"A&B","C:\Users\407407\Desktop\vllm\github\MQA_FastPath\A&B\key_B_FP_ON_MQA_OFF_k8.log","key","B_FP_ON_MQA_OFF","8","draft_tp","1","1"
"A&B","C:\Users\407407\Desktop\vllm\github\MQA_FastPath\A&B\key_B_FP_ON_MQA_OFF_k8.log","key","B_FP_ON_MQA_OFF","8","extra_args","27","None)"
"A&B","C:\Users\407407\Desktop\vllm\github\MQA_FastPath\A&B\key_B_FP_ON_MQA_OFF_k8.log","key","B_FP_ON_MQA_OFF","8","fail_adapter","5","0"
"A&B","C:\Users\407407\Desktop\vllm\github\MQA_FastPath\A&B\key_B_FP_ON_MQA_OFF_k8.log","key","B_FP_ON_MQA_OFF","8","fail_backend","5","0"
"A&B","C:\Users\407407\Desktop\vllm\github\MQA_FastPath\A&B\key_B_FP_ON_MQA_OFF_k8.log","key","B_FP_ON_MQA_OFF","8","fail_disabled","5","0"
"A&B","C:\Users\407407\Desktop\vllm\github\MQA_FastPath\A&B\key_B_FP_ON_MQA_OFF_k8.log","key","B_FP_ON_MQA_OFF","8","fail_lora","5","0"
"A&B","C:\Users\407407\Desktop\vllm\github\MQA_FastPath\A&B\key_B_FP_ON_MQA_OFF_k8.log","key","B_FP_ON_MQA_OFF","8","fail_prompt","5","0"
"A&B","C:\Users\407407\Desktop\vllm\github\MQA_FastPath\A&B\key_B_FP_ON_MQA_OFF_k8.log","key","B_FP_ON_MQA_OFF","8","frequency_penalty","27","0.0"
"A&B","C:\Users\407407\Desktop\vllm\github\MQA_FastPath\A&B\key_B_FP_ON_MQA_OFF_k8.log","key","B_FP_ON_MQA_OFF","8","guided_decoding","27","None"
"A&B","C:\Users\407407\Desktop\vllm\github\MQA_FastPath\A&B\key_B_FP_ON_MQA_OFF_k8.log","key","B_FP_ON_MQA_OFF","8","hs_ratio","189","0.0000"
"A&B","C:\Users\407407\Desktop\vllm\github\MQA_FastPath\A&B\key_B_FP_ON_MQA_OFF_k8.log","key","B_FP_ON_MQA_OFF","8","ignore_eos","27","False"
"A&B","C:\Users\407407\Desktop\vllm\github\MQA_FastPath\A&B\key_B_FP_ON_MQA_OFF_k8.log","key","B_FP_ON_MQA_OFF","8","include_stop_str_in_output","27","False"
"A&B","C:\Users\407407\Desktop\vllm\github\MQA_FastPath\A&B\key_B_FP_ON_MQA_OFF_k8.log","key","B_FP_ON_MQA_OFF","8","is_tp1_runner","4","True"
"A&B","C:\Users\407407\Desktop\vllm\github\MQA_FastPath\A&B\key_B_FP_ON_MQA_OFF_k8.log","key","B_FP_ON_MQA_OFF","8","iter_p95","189","271.227"
"A&B","C:\Users\407407\Desktop\vllm\github\MQA_FastPath\A&B\key_B_FP_ON_MQA_OFF_k8.log","key","B_FP_ON_MQA_OFF","8","k","188","2"
"A&B","C:\Users\407407\Desktop\vllm\github\MQA_FastPath\A&B\key_B_FP_ON_MQA_OFF_k8.log","key","B_FP_ON_MQA_OFF","8","logprobs","27","None"
"A&B","C:\Users\407407\Desktop\vllm\github\MQA_FastPath\A&B\key_B_FP_ON_MQA_OFF_k8.log","key","B_FP_ON_MQA_OFF","8","max_tokens","27","340"
"A&B","C:\Users\407407\Desktop\vllm\github\MQA_FastPath\A&B\key_B_FP_ON_MQA_OFF_k8.log","key","B_FP_ON_MQA_OFF","8","min_p","27","0.0"
"A&B","C:\Users\407407\Desktop\vllm\github\MQA_FastPath\A&B\key_B_FP_ON_MQA_OFF_k8.log","key","B_FP_ON_MQA_OFF","8","min_tokens","27","0"
"A&B","C:\Users\407407\Desktop\vllm\github\MQA_FastPath\A&B\key_B_FP_ON_MQA_OFF_k8.log","key","B_FP_ON_MQA_OFF","8","model_runner","4","<class 'vllm_ascend.worker.draft_model_runner.TP1DraftModelRunner'>"
"A&B","C:\Users\407407\Desktop\vllm\github\MQA_FastPath\A&B\key_B_FP_ON_MQA_OFF_k8.log","key","B_FP_ON_MQA_OFF","8","model_type","1","qwen3)"
"A&B","C:\Users\407407\Desktop\vllm\github\MQA_FastPath\A&B\key_B_FP_ON_MQA_OFF_k8.log","key","B_FP_ON_MQA_OFF","8","ms_hit","5","1"
"A&B","C:\Users\407407\Desktop\vllm\github\MQA_FastPath\A&B\key_B_FP_ON_MQA_OFF_k8.log","key","B_FP_ON_MQA_OFF","8","ms_total","5","1"
"A&B","C:\Users\407407\Desktop\vllm\github\MQA_FastPath\A&B\key_B_FP_ON_MQA_OFF_k8.log","key","B_FP_ON_MQA_OFF","8","n","27","1"
"A&B","C:\Users\407407\Desktop\vllm\github\MQA_FastPath\A&B\key_B_FP_ON_MQA_OFF_k8.log","key","B_FP_ON_MQA_OFF","8","presence_penalty","27","0.0"
"A&B","C:\Users\407407\Desktop\vllm\github\MQA_FastPath\A&B\key_B_FP_ON_MQA_OFF_k8.log","key","B_FP_ON_MQA_OFF","8","prompt_logprobs","27","None"
"A&B","C:\Users\407407\Desktop\vllm\github\MQA_FastPath\A&B\key_B_FP_ON_MQA_OFF_k8.log","key","B_FP_ON_MQA_OFF","8","repetition_penalty","27","1.0"
"A&B","C:\Users\407407\Desktop\vllm\github\MQA_FastPath\A&B\key_B_FP_ON_MQA_OFF_k8.log","key","B_FP_ON_MQA_OFF","8","runner_cls","1","<class 'vllm_ascend.worker.draft_model_runner.TP1DraftModelRunner'>"
"A&B","C:\Users\407407\Desktop\vllm\github\MQA_FastPath\A&B\key_B_FP_ON_MQA_OFF_k8.log","key","B_FP_ON_MQA_OFF","8","sample_len","4","4"
"A&B","C:\Users\407407\Desktop\vllm\github\MQA_FastPath\A&B\key_B_FP_ON_MQA_OFF_k8.log","key","B_FP_ON_MQA_OFF","8","scoring_time_ms","182","51.63"
"A&B","C:\Users\407407\Desktop\vllm\github\MQA_FastPath\A&B\key_B_FP_ON_MQA_OFF_k8.log","key","B_FP_ON_MQA_OFF","8","seed","27","None"
"A&B","C:\Users\407407\Desktop\vllm\github\MQA_FastPath\A&B\key_B_FP_ON_MQA_OFF_k8.log","key","B_FP_ON_MQA_OFF","8","skip_special_tokens","27","True"
"A&B","C:\Users\407407\Desktop\vllm\github\MQA_FastPath\A&B\key_B_FP_ON_MQA_OFF_k8.log","key","B_FP_ON_MQA_OFF","8","spaces_between_special_tokens","27","True"
"A&B","C:\Users\407407\Desktop\vllm\github\MQA_FastPath\A&B\key_B_FP_ON_MQA_OFF_k8.log","key","B_FP_ON_MQA_OFF","8","step_accept","188","[1.0, 0.5958]"
"A&B","C:\Users\407407\Desktop\vllm\github\MQA_FastPath\A&B\key_B_FP_ON_MQA_OFF_k8.log","key","B_FP_ON_MQA_OFF","8","stop","27","[]"
"A&B","C:\Users\407407\Desktop\vllm\github\MQA_FastPath\A&B\key_B_FP_ON_MQA_OFF_k8.log","key","B_FP_ON_MQA_OFF","8","stop_token_ids","27","[]"
"A&B","C:\Users\407407\Desktop\vllm\github\MQA_FastPath\A&B\key_B_FP_ON_MQA_OFF_k8.log","key","B_FP_ON_MQA_OFF","8","supports_gpu_multi_step","5","True"
"A&B","C:\Users\407407\Desktop\vllm\github\MQA_FastPath\A&B\key_B_FP_ON_MQA_OFF_k8.log","key","B_FP_ON_MQA_OFF","8","target_tp","1","1"
"A&B","C:\Users\407407\Desktop\vllm\github\MQA_FastPath\A&B\key_B_FP_ON_MQA_OFF_k8.log","key","B_FP_ON_MQA_OFF","8","temperature","27","0.0"
"A&B","C:\Users\407407\Desktop\vllm\github\MQA_FastPath\A&B\key_B_FP_ON_MQA_OFF_k8.log","key","B_FP_ON_MQA_OFF","8","throughput_tps","189","197.632"
"A&B","C:\Users\407407\Desktop\vllm\github\MQA_FastPath\A&B\key_B_FP_ON_MQA_OFF_k8.log","key","B_FP_ON_MQA_OFF","8","top_k","27","0"
"A&B","C:\Users\407407\Desktop\vllm\github\MQA_FastPath\A&B\key_B_FP_ON_MQA_OFF_k8.log","key","B_FP_ON_MQA_OFF","8","top_p","27","1.0"
"A&B","C:\Users\407407\Desktop\vllm\github\MQA_FastPath\A&B\key_B_FP_ON_MQA_OFF_k8.log","key","B_FP_ON_MQA_OFF","8","truncate_prompt_tokens","27","None"
"A&B","C:\Users\407407\Desktop\vllm\github\MQA_FastPath\A&B\key_B_FP_ON_MQA_OFF_k8.log","key","B_FP_ON_MQA_OFF","8","verification_time_ms","182","4.48"
"A&B","C:\Users\407407\Desktop\vllm\github\MQA_FastPath\A&B\key_B_FP_ON_MQA_OFF_k8.log","key","B_FP_ON_MQA_OFF","8","waste_ratio","188","0.2021"
"A&B","C:\Users\407407\Desktop\vllm\github\MQA_FastPath\A&B\meta_A_FP_ON_MQA_ON_k2.log","meta","A_FP_ON_MQA_ON","2","bench_cmd","16","vllm"
"A&B","C:\Users\407407\Desktop\vllm\github\MQA_FastPath\A&B\meta_A_FP_ON_MQA_ON_k2.log","meta","A_FP_ON_MQA_ON","2","DATASET_PATH","6","/mnt/ky2307909/siyuan.tong/dataset/ShareGPT_V3_unfiltered_cleaned_split.json"
"A&B","C:\Users\407407\Desktop\vllm\github\MQA_FastPath\A&B\meta_A_FP_ON_MQA_ON_k2.log","meta","A_FP_ON_MQA_ON","2","date","1","2026-03-11"
"A&B","C:\Users\407407\Desktop\vllm\github\MQA_FastPath\A&B\meta_A_FP_ON_MQA_ON_k2.log","meta","A_FP_ON_MQA_ON","2","DRAFT_MODEL_PATH","5","/mnt/ky2307909/siyuan.tong/Qwen3-0-6B"
"A&B","C:\Users\407407\Desktop\vllm\github\MQA_FastPath\A&B\meta_A_FP_ON_MQA_ON_k2.log","meta","A_FP_ON_MQA_ON","2","HOST","7","127.0.0.1"
"A&B","C:\Users\407407\Desktop\vllm\github\MQA_FastPath\A&B\meta_A_FP_ON_MQA_ON_k2.log","meta","A_FP_ON_MQA_ON","2","k","3","2"
"A&B","C:\Users\407407\Desktop\vllm\github\MQA_FastPath\A&B\meta_A_FP_ON_MQA_ON_k2.log","meta","A_FP_ON_MQA_ON","2","MODEL_PATH","4","/mnt/ky2307909/siyuan.tong/Qwen3-8B"
"A&B","C:\Users\407407\Desktop\vllm\github\MQA_FastPath\A&B\meta_A_FP_ON_MQA_ON_k2.log","meta","A_FP_ON_MQA_ON","2","NUM_PROMPTS","8","200"
"A&B","C:\Users\407407\Desktop\vllm\github\MQA_FastPath\A&B\meta_A_FP_ON_MQA_ON_k2.log","meta","A_FP_ON_MQA_ON","2","PORT","7","8000"
"A&B","C:\Users\407407\Desktop\vllm\github\MQA_FastPath\A&B\meta_A_FP_ON_MQA_ON_k2.log","meta","A_FP_ON_MQA_ON","2","REQUEST_RATE","8","16"
"A&B","C:\Users\407407\Desktop\vllm\github\MQA_FastPath\A&B\meta_A_FP_ON_MQA_ON_k2.log","meta","A_FP_ON_MQA_ON","2","serve_cmd","15","vllm"
"A&B","C:\Users\407407\Desktop\vllm\github\MQA_FastPath\A&B\meta_A_FP_ON_MQA_ON_k2.log","meta","A_FP_ON_MQA_ON","2","suite","2","A_FP_ON_MQA_ON"
"A&B","C:\Users\407407\Desktop\vllm\github\MQA_FastPath\A&B\meta_A_FP_ON_MQA_ON_k2.log","meta","A_FP_ON_MQA_ON","2","VLLM_ASCEND_BASE_STAGE_LOG_ENABLE","11","1"
"A&B","C:\Users\407407\Desktop\vllm\github\MQA_FastPath\A&B\meta_A_FP_ON_MQA_ON_k2.log","meta","A_FP_ON_MQA_ON","2","VLLM_ASCEND_BASE_STAGE_LOG_INTERVAL","12","50"
"A&B","C:\Users\407407\Desktop\vllm\github\MQA_FastPath\A&B\meta_A_FP_ON_MQA_ON_k2.log","meta","A_FP_ON_MQA_ON","2","VLLM_ASCEND_RUNNER_STAGE_LOG_ENABLE","13","1"
"A&B","C:\Users\407407\Desktop\vllm\github\MQA_FastPath\A&B\meta_A_FP_ON_MQA_ON_k2.log","meta","A_FP_ON_MQA_ON","2","VLLM_ASCEND_RUNNER_STAGE_LOG_INTERVAL","14","50"
"A&B","C:\Users\407407\Desktop\vllm\github\MQA_FastPath\A&B\meta_A_FP_ON_MQA_ON_k2.log","meta","A_FP_ON_MQA_ON","2","VLLM_ASCEND_SPEC_GPU_MULTI_STEP_BACKENDS","9","FLASH_ATTN,ASCEND"
"A&B","C:\Users\407407\Desktop\vllm\github\MQA_FastPath\A&B\meta_A_FP_ON_MQA_ON_k2.log","meta","A_FP_ON_MQA_ON","2","VLLM_ASCEND_SPEC_MQA_BACKENDS","10","FLASH_ATTN,ASCEND"
"A&B","C:\Users\407407\Desktop\vllm\github\MQA_FastPath\A&B\meta_A_FP_ON_MQA_ON_k4.log","meta","A_FP_ON_MQA_ON","4","bench_cmd","16","vllm"
"A&B","C:\Users\407407\Desktop\vllm\github\MQA_FastPath\A&B\meta_A_FP_ON_MQA_ON_k4.log","meta","A_FP_ON_MQA_ON","4","DATASET_PATH","6","/mnt/ky2307909/siyuan.tong/dataset/ShareGPT_V3_unfiltered_cleaned_split.json"
"A&B","C:\Users\407407\Desktop\vllm\github\MQA_FastPath\A&B\meta_A_FP_ON_MQA_ON_k4.log","meta","A_FP_ON_MQA_ON","4","date","1","2026-03-11"
"A&B","C:\Users\407407\Desktop\vllm\github\MQA_FastPath\A&B\meta_A_FP_ON_MQA_ON_k4.log","meta","A_FP_ON_MQA_ON","4","DRAFT_MODEL_PATH","5","/mnt/ky2307909/siyuan.tong/Qwen3-0-6B"
"A&B","C:\Users\407407\Desktop\vllm\github\MQA_FastPath\A&B\meta_A_FP_ON_MQA_ON_k4.log","meta","A_FP_ON_MQA_ON","4","HOST","7","127.0.0.1"
"A&B","C:\Users\407407\Desktop\vllm\github\MQA_FastPath\A&B\meta_A_FP_ON_MQA_ON_k4.log","meta","A_FP_ON_MQA_ON","4","k","3","4"
"A&B","C:\Users\407407\Desktop\vllm\github\MQA_FastPath\A&B\meta_A_FP_ON_MQA_ON_k4.log","meta","A_FP_ON_MQA_ON","4","MODEL_PATH","4","/mnt/ky2307909/siyuan.tong/Qwen3-8B"
"A&B","C:\Users\407407\Desktop\vllm\github\MQA_FastPath\A&B\meta_A_FP_ON_MQA_ON_k4.log","meta","A_FP_ON_MQA_ON","4","NUM_PROMPTS","8","200"
"A&B","C:\Users\407407\Desktop\vllm\github\MQA_FastPath\A&B\meta_A_FP_ON_MQA_ON_k4.log","meta","A_FP_ON_MQA_ON","4","PORT","7","8000"
"A&B","C:\Users\407407\Desktop\vllm\github\MQA_FastPath\A&B\meta_A_FP_ON_MQA_ON_k4.log","meta","A_FP_ON_MQA_ON","4","REQUEST_RATE","8","16"
"A&B","C:\Users\407407\Desktop\vllm\github\MQA_FastPath\A&B\meta_A_FP_ON_MQA_ON_k4.log","meta","A_FP_ON_MQA_ON","4","serve_cmd","15","vllm"
"A&B","C:\Users\407407\Desktop\vllm\github\MQA_FastPath\A&B\meta_A_FP_ON_MQA_ON_k4.log","meta","A_FP_ON_MQA_ON","4","suite","2","A_FP_ON_MQA_ON"
"A&B","C:\Users\407407\Desktop\vllm\github\MQA_FastPath\A&B\meta_A_FP_ON_MQA_ON_k4.log","meta","A_FP_ON_MQA_ON","4","VLLM_ASCEND_BASE_STAGE_LOG_ENABLE","11","1"
"A&B","C:\Users\407407\Desktop\vllm\github\MQA_FastPath\A&B\meta_A_FP_ON_MQA_ON_k4.log","meta","A_FP_ON_MQA_ON","4","VLLM_ASCEND_BASE_STAGE_LOG_INTERVAL","12","50"
"A&B","C:\Users\407407\Desktop\vllm\github\MQA_FastPath\A&B\meta_A_FP_ON_MQA_ON_k4.log","meta","A_FP_ON_MQA_ON","4","VLLM_ASCEND_RUNNER_STAGE_LOG_ENABLE","13","1"
"A&B","C:\Users\407407\Desktop\vllm\github\MQA_FastPath\A&B\meta_A_FP_ON_MQA_ON_k4.log","meta","A_FP_ON_MQA_ON","4","VLLM_ASCEND_RUNNER_STAGE_LOG_INTERVAL","14","50"
"A&B","C:\Users\407407\Desktop\vllm\github\MQA_FastPath\A&B\meta_A_FP_ON_MQA_ON_k4.log","meta","A_FP_ON_MQA_ON","4","VLLM_ASCEND_SPEC_GPU_MULTI_STEP_BACKENDS","9","FLASH_ATTN,ASCEND"
"A&B","C:\Users\407407\Desktop\vllm\github\MQA_FastPath\A&B\meta_A_FP_ON_MQA_ON_k4.log","meta","A_FP_ON_MQA_ON","4","VLLM_ASCEND_SPEC_MQA_BACKENDS","10","FLASH_ATTN,ASCEND"
"A&B","C:\Users\407407\Desktop\vllm\github\MQA_FastPath\A&B\meta_A_FP_ON_MQA_ON_k8.log","meta","A_FP_ON_MQA_ON","8","bench_cmd","16","vllm"
"A&B","C:\Users\407407\Desktop\vllm\github\MQA_FastPath\A&B\meta_A_FP_ON_MQA_ON_k8.log","meta","A_FP_ON_MQA_ON","8","DATASET_PATH","6","/mnt/ky2307909/siyuan.tong/dataset/ShareGPT_V3_unfiltered_cleaned_split.json"
"A&B","C:\Users\407407\Desktop\vllm\github\MQA_FastPath\A&B\meta_A_FP_ON_MQA_ON_k8.log","meta","A_FP_ON_MQA_ON","8","date","1","2026-03-11"
"A&B","C:\Users\407407\Desktop\vllm\github\MQA_FastPath\A&B\meta_A_FP_ON_MQA_ON_k8.log","meta","A_FP_ON_MQA_ON","8","DRAFT_MODEL_PATH","5","/mnt/ky2307909/siyuan.tong/Qwen3-0-6B"
"A&B","C:\Users\407407\Desktop\vllm\github\MQA_FastPath\A&B\meta_A_FP_ON_MQA_ON_k8.log","meta","A_FP_ON_MQA_ON","8","HOST","7","127.0.0.1"
"A&B","C:\Users\407407\Desktop\vllm\github\MQA_FastPath\A&B\meta_A_FP_ON_MQA_ON_k8.log","meta","A_FP_ON_MQA_ON","8","k","3","8"
"A&B","C:\Users\407407\Desktop\vllm\github\MQA_FastPath\A&B\meta_A_FP_ON_MQA_ON_k8.log","meta","A_FP_ON_MQA_ON","8","MODEL_PATH","4","/mnt/ky2307909/siyuan.tong/Qwen3-8B"
"A&B","C:\Users\407407\Desktop\vllm\github\MQA_FastPath\A&B\meta_A_FP_ON_MQA_ON_k8.log","meta","A_FP_ON_MQA_ON","8","NUM_PROMPTS","8","200"
"A&B","C:\Users\407407\Desktop\vllm\github\MQA_FastPath\A&B\meta_A_FP_ON_MQA_ON_k8.log","meta","A_FP_ON_MQA_ON","8","PORT","7","8000"
"A&B","C:\Users\407407\Desktop\vllm\github\MQA_FastPath\A&B\meta_A_FP_ON_MQA_ON_k8.log","meta","A_FP_ON_MQA_ON","8","REQUEST_RATE","8","16"
"A&B","C:\Users\407407\Desktop\vllm\github\MQA_FastPath\A&B\meta_A_FP_ON_MQA_ON_k8.log","meta","A_FP_ON_MQA_ON","8","serve_cmd","15","vllm"
"A&B","C:\Users\407407\Desktop\vllm\github\MQA_FastPath\A&B\meta_A_FP_ON_MQA_ON_k8.log","meta","A_FP_ON_MQA_ON","8","suite","2","A_FP_ON_MQA_ON"
"A&B","C:\Users\407407\Desktop\vllm\github\MQA_FastPath\A&B\meta_A_FP_ON_MQA_ON_k8.log","meta","A_FP_ON_MQA_ON","8","VLLM_ASCEND_BASE_STAGE_LOG_ENABLE","11","1"
"A&B","C:\Users\407407\Desktop\vllm\github\MQA_FastPath\A&B\meta_A_FP_ON_MQA_ON_k8.log","meta","A_FP_ON_MQA_ON","8","VLLM_ASCEND_BASE_STAGE_LOG_INTERVAL","12","50"
"A&B","C:\Users\407407\Desktop\vllm\github\MQA_FastPath\A&B\meta_A_FP_ON_MQA_ON_k8.log","meta","A_FP_ON_MQA_ON","8","VLLM_ASCEND_RUNNER_STAGE_LOG_ENABLE","13","1"
"A&B","C:\Users\407407\Desktop\vllm\github\MQA_FastPath\A&B\meta_A_FP_ON_MQA_ON_k8.log","meta","A_FP_ON_MQA_ON","8","VLLM_ASCEND_RUNNER_STAGE_LOG_INTERVAL","14","50"
"A&B","C:\Users\407407\Desktop\vllm\github\MQA_FastPath\A&B\meta_A_FP_ON_MQA_ON_k8.log","meta","A_FP_ON_MQA_ON","8","VLLM_ASCEND_SPEC_GPU_MULTI_STEP_BACKENDS","9","FLASH_ATTN,ASCEND"
"A&B","C:\Users\407407\Desktop\vllm\github\MQA_FastPath\A&B\meta_A_FP_ON_MQA_ON_k8.log","meta","A_FP_ON_MQA_ON","8","VLLM_ASCEND_SPEC_MQA_BACKENDS","10","FLASH_ATTN,ASCEND"
"A&B","C:\Users\407407\Desktop\vllm\github\MQA_FastPath\A&B\meta_B_FP_ON_MQA_OFF_k2.log","meta","B_FP_ON_MQA_OFF","2","bench_cmd","16","vllm"
"A&B","C:\Users\407407\Desktop\vllm\github\MQA_FastPath\A&B\meta_B_FP_ON_MQA_OFF_k2.log","meta","B_FP_ON_MQA_OFF","2","DATASET_PATH","6","/mnt/ky2307909/siyuan.tong/dataset/ShareGPT_V3_unfiltered_cleaned_split.json"
"A&B","C:\Users\407407\Desktop\vllm\github\MQA_FastPath\A&B\meta_B_FP_ON_MQA_OFF_k2.log","meta","B_FP_ON_MQA_OFF","2","date","1","2026-03-11"
"A&B","C:\Users\407407\Desktop\vllm\github\MQA_FastPath\A&B\meta_B_FP_ON_MQA_OFF_k2.log","meta","B_FP_ON_MQA_OFF","2","DRAFT_MODEL_PATH","5","/mnt/ky2307909/siyuan.tong/Qwen3-0-6B"
"A&B","C:\Users\407407\Desktop\vllm\github\MQA_FastPath\A&B\meta_B_FP_ON_MQA_OFF_k2.log","meta","B_FP_ON_MQA_OFF","2","HOST","7","127.0.0.1"
"A&B","C:\Users\407407\Desktop\vllm\github\MQA_FastPath\A&B\meta_B_FP_ON_MQA_OFF_k2.log","meta","B_FP_ON_MQA_OFF","2","k","3","2"
"A&B","C:\Users\407407\Desktop\vllm\github\MQA_FastPath\A&B\meta_B_FP_ON_MQA_OFF_k2.log","meta","B_FP_ON_MQA_OFF","2","MODEL_PATH","4","/mnt/ky2307909/siyuan.tong/Qwen3-8B"
"A&B","C:\Users\407407\Desktop\vllm\github\MQA_FastPath\A&B\meta_B_FP_ON_MQA_OFF_k2.log","meta","B_FP_ON_MQA_OFF","2","NUM_PROMPTS","8","200"
"A&B","C:\Users\407407\Desktop\vllm\github\MQA_FastPath\A&B\meta_B_FP_ON_MQA_OFF_k2.log","meta","B_FP_ON_MQA_OFF","2","PORT","7","8000"
"A&B","C:\Users\407407\Desktop\vllm\github\MQA_FastPath\A&B\meta_B_FP_ON_MQA_OFF_k2.log","meta","B_FP_ON_MQA_OFF","2","REQUEST_RATE","8","16"
"A&B","C:\Users\407407\Desktop\vllm\github\MQA_FastPath\A&B\meta_B_FP_ON_MQA_OFF_k2.log","meta","B_FP_ON_MQA_OFF","2","serve_cmd","15","vllm"
"A&B","C:\Users\407407\Desktop\vllm\github\MQA_FastPath\A&B\meta_B_FP_ON_MQA_OFF_k2.log","meta","B_FP_ON_MQA_OFF","2","suite","2","B_FP_ON_MQA_OFF"
"A&B","C:\Users\407407\Desktop\vllm\github\MQA_FastPath\A&B\meta_B_FP_ON_MQA_OFF_k2.log","meta","B_FP_ON_MQA_OFF","2","VLLM_ASCEND_BASE_STAGE_LOG_ENABLE","11","1"
"A&B","C:\Users\407407\Desktop\vllm\github\MQA_FastPath\A&B\meta_B_FP_ON_MQA_OFF_k2.log","meta","B_FP_ON_MQA_OFF","2","VLLM_ASCEND_BASE_STAGE_LOG_INTERVAL","12","50"
"A&B","C:\Users\407407\Desktop\vllm\github\MQA_FastPath\A&B\meta_B_FP_ON_MQA_OFF_k2.log","meta","B_FP_ON_MQA_OFF","2","VLLM_ASCEND_RUNNER_STAGE_LOG_ENABLE","13","1"
"A&B","C:\Users\407407\Desktop\vllm\github\MQA_FastPath\A&B\meta_B_FP_ON_MQA_OFF_k2.log","meta","B_FP_ON_MQA_OFF","2","VLLM_ASCEND_RUNNER_STAGE_LOG_INTERVAL","14","50"
"A&B","C:\Users\407407\Desktop\vllm\github\MQA_FastPath\A&B\meta_B_FP_ON_MQA_OFF_k2.log","meta","B_FP_ON_MQA_OFF","2","VLLM_ASCEND_SPEC_GPU_MULTI_STEP_BACKENDS","9","FLASH_ATTN,ASCEND"
"A&B","C:\Users\407407\Desktop\vllm\github\MQA_FastPath\A&B\meta_B_FP_ON_MQA_OFF_k2.log","meta","B_FP_ON_MQA_OFF","2","VLLM_ASCEND_SPEC_MQA_BACKENDS","10","FLASH_ATTN"
"A&B","C:\Users\407407\Desktop\vllm\github\MQA_FastPath\A&B\meta_B_FP_ON_MQA_OFF_k4.log","meta","B_FP_ON_MQA_OFF","4","bench_cmd","16","vllm"
"A&B","C:\Users\407407\Desktop\vllm\github\MQA_FastPath\A&B\meta_B_FP_ON_MQA_OFF_k4.log","meta","B_FP_ON_MQA_OFF","4","DATASET_PATH","6","/mnt/ky2307909/siyuan.tong/dataset/ShareGPT_V3_unfiltered_cleaned_split.json"
"A&B","C:\Users\407407\Desktop\vllm\github\MQA_FastPath\A&B\meta_B_FP_ON_MQA_OFF_k4.log","meta","B_FP_ON_MQA_OFF","4","date","1","2026-03-11"
"A&B","C:\Users\407407\Desktop\vllm\github\MQA_FastPath\A&B\meta_B_FP_ON_MQA_OFF_k4.log","meta","B_FP_ON_MQA_OFF","4","DRAFT_MODEL_PATH","5","/mnt/ky2307909/siyuan.tong/Qwen3-0-6B"
"A&B","C:\Users\407407\Desktop\vllm\github\MQA_FastPath\A&B\meta_B_FP_ON_MQA_OFF_k4.log","meta","B_FP_ON_MQA_OFF","4","HOST","7","127.0.0.1"
"A&B","C:\Users\407407\Desktop\vllm\github\MQA_FastPath\A&B\meta_B_FP_ON_MQA_OFF_k4.log","meta","B_FP_ON_MQA_OFF","4","k","3","4"
"A&B","C:\Users\407407\Desktop\vllm\github\MQA_FastPath\A&B\meta_B_FP_ON_MQA_OFF_k4.log","meta","B_FP_ON_MQA_OFF","4","MODEL_PATH","4","/mnt/ky2307909/siyuan.tong/Qwen3-8B"
"A&B","C:\Users\407407\Desktop\vllm\github\MQA_FastPath\A&B\meta_B_FP_ON_MQA_OFF_k4.log","meta","B_FP_ON_MQA_OFF","4","NUM_PROMPTS","8","200"
"A&B","C:\Users\407407\Desktop\vllm\github\MQA_FastPath\A&B\meta_B_FP_ON_MQA_OFF_k4.log","meta","B_FP_ON_MQA_OFF","4","PORT","7","8000"
"A&B","C:\Users\407407\Desktop\vllm\github\MQA_FastPath\A&B\meta_B_FP_ON_MQA_OFF_k4.log","meta","B_FP_ON_MQA_OFF","4","REQUEST_RATE","8","16"
"A&B","C:\Users\407407\Desktop\vllm\github\MQA_FastPath\A&B\meta_B_FP_ON_MQA_OFF_k4.log","meta","B_FP_ON_MQA_OFF","4","serve_cmd","15","vllm"
"A&B","C:\Users\407407\Desktop\vllm\github\MQA_FastPath\A&B\meta_B_FP_ON_MQA_OFF_k4.log","meta","B_FP_ON_MQA_OFF","4","suite","2","B_FP_ON_MQA_OFF"
"A&B","C:\Users\407407\Desktop\vllm\github\MQA_FastPath\A&B\meta_B_FP_ON_MQA_OFF_k4.log","meta","B_FP_ON_MQA_OFF","4","VLLM_ASCEND_BASE_STAGE_LOG_ENABLE","11","1"
"A&B","C:\Users\407407\Desktop\vllm\github\MQA_FastPath\A&B\meta_B_FP_ON_MQA_OFF_k4.log","meta","B_FP_ON_MQA_OFF","4","VLLM_ASCEND_BASE_STAGE_LOG_INTERVAL","12","50"
"A&B","C:\Users\407407\Desktop\vllm\github\MQA_FastPath\A&B\meta_B_FP_ON_MQA_OFF_k4.log","meta","B_FP_ON_MQA_OFF","4","VLLM_ASCEND_RUNNER_STAGE_LOG_ENABLE","13","1"
"A&B","C:\Users\407407\Desktop\vllm\github\MQA_FastPath\A&B\meta_B_FP_ON_MQA_OFF_k4.log","meta","B_FP_ON_MQA_OFF","4","VLLM_ASCEND_RUNNER_STAGE_LOG_INTERVAL","14","50"
"A&B","C:\Users\407407\Desktop\vllm\github\MQA_FastPath\A&B\meta_B_FP_ON_MQA_OFF_k4.log","meta","B_FP_ON_MQA_OFF","4","VLLM_ASCEND_SPEC_GPU_MULTI_STEP_BACKENDS","9","FLASH_ATTN,ASCEND"
"A&B","C:\Users\407407\Desktop\vllm\github\MQA_FastPath\A&B\meta_B_FP_ON_MQA_OFF_k4.log","meta","B_FP_ON_MQA_OFF","4","VLLM_ASCEND_SPEC_MQA_BACKENDS","10","FLASH_ATTN"
"A&B","C:\Users\407407\Desktop\vllm\github\MQA_FastPath\A&B\meta_B_FP_ON_MQA_OFF_k8.log","meta","B_FP_ON_MQA_OFF","8","bench_cmd","16","vllm"
"A&B","C:\Users\407407\Desktop\vllm\github\MQA_FastPath\A&B\meta_B_FP_ON_MQA_OFF_k8.log","meta","B_FP_ON_MQA_OFF","8","DATASET_PATH","6","/mnt/ky2307909/siyuan.tong/dataset/ShareGPT_V3_unfiltered_cleaned_split.json"
"A&B","C:\Users\407407\Desktop\vllm\github\MQA_FastPath\A&B\meta_B_FP_ON_MQA_OFF_k8.log","meta","B_FP_ON_MQA_OFF","8","date","1","2026-03-11"
"A&B","C:\Users\407407\Desktop\vllm\github\MQA_FastPath\A&B\meta_B_FP_ON_MQA_OFF_k8.log","meta","B_FP_ON_MQA_OFF","8","DRAFT_MODEL_PATH","5","/mnt/ky2307909/siyuan.tong/Qwen3-0-6B"
"A&B","C:\Users\407407\Desktop\vllm\github\MQA_FastPath\A&B\meta_B_FP_ON_MQA_OFF_k8.log","meta","B_FP_ON_MQA_OFF","8","HOST","7","127.0.0.1"
"A&B","C:\Users\407407\Desktop\vllm\github\MQA_FastPath\A&B\meta_B_FP_ON_MQA_OFF_k8.log","meta","B_FP_ON_MQA_OFF","8","k","3","8"
"A&B","C:\Users\407407\Desktop\vllm\github\MQA_FastPath\A&B\meta_B_FP_ON_MQA_OFF_k8.log","meta","B_FP_ON_MQA_OFF","8","MODEL_PATH","4","/mnt/ky2307909/siyuan.tong/Qwen3-8B"
"A&B","C:\Users\407407\Desktop\vllm\github\MQA_FastPath\A&B\meta_B_FP_ON_MQA_OFF_k8.log","meta","B_FP_ON_MQA_OFF","8","NUM_PROMPTS","8","200"
"A&B","C:\Users\407407\Desktop\vllm\github\MQA_FastPath\A&B\meta_B_FP_ON_MQA_OFF_k8.log","meta","B_FP_ON_MQA_OFF","8","PORT","7","8000"
"A&B","C:\Users\407407\Desktop\vllm\github\MQA_FastPath\A&B\meta_B_FP_ON_MQA_OFF_k8.log","meta","B_FP_ON_MQA_OFF","8","REQUEST_RATE","8","16"
"A&B","C:\Users\407407\Desktop\vllm\github\MQA_FastPath\A&B\meta_B_FP_ON_MQA_OFF_k8.log","meta","B_FP_ON_MQA_OFF","8","serve_cmd","15","vllm"
"A&B","C:\Users\407407\Desktop\vllm\github\MQA_FastPath\A&B\meta_B_FP_ON_MQA_OFF_k8.log","meta","B_FP_ON_MQA_OFF","8","suite","2","B_FP_ON_MQA_OFF"
"A&B","C:\Users\407407\Desktop\vllm\github\MQA_FastPath\A&B\meta_B_FP_ON_MQA_OFF_k8.log","meta","B_FP_ON_MQA_OFF","8","VLLM_ASCEND_BASE_STAGE_LOG_ENABLE","11","1"
"A&B","C:\Users\407407\Desktop\vllm\github\MQA_FastPath\A&B\meta_B_FP_ON_MQA_OFF_k8.log","meta","B_FP_ON_MQA_OFF","8","VLLM_ASCEND_BASE_STAGE_LOG_INTERVAL","12","50"
"A&B","C:\Users\407407\Desktop\vllm\github\MQA_FastPath\A&B\meta_B_FP_ON_MQA_OFF_k8.log","meta","B_FP_ON_MQA_OFF","8","VLLM_ASCEND_RUNNER_STAGE_LOG_ENABLE","13","1"
"A&B","C:\Users\407407\Desktop\vllm\github\MQA_FastPath\A&B\meta_B_FP_ON_MQA_OFF_k8.log","meta","B_FP_ON_MQA_OFF","8","VLLM_ASCEND_RUNNER_STAGE_LOG_INTERVAL","14","50"
"A&B","C:\Users\407407\Desktop\vllm\github\MQA_FastPath\A&B\meta_B_FP_ON_MQA_OFF_k8.log","meta","B_FP_ON_MQA_OFF","8","VLLM_ASCEND_SPEC_GPU_MULTI_STEP_BACKENDS","9","FLASH_ATTN,ASCEND"
"A&B","C:\Users\407407\Desktop\vllm\github\MQA_FastPath\A&B\meta_B_FP_ON_MQA_OFF_k8.log","meta","B_FP_ON_MQA_OFF","8","VLLM_ASCEND_SPEC_MQA_BACKENDS","10","FLASH_ATTN"
"A&B","C:\Users\407407\Desktop\vllm\github\MQA_FastPath\A&B\probe_A_FP_ON_MQA_ON.log","probe","A_FP_ON_MQA_ON",,"date","1","2026-03-11"
"A&B","C:\Users\407407\Desktop\vllm\github\MQA_FastPath\A&B\probe_A_FP_ON_MQA_ON.log","probe","A_FP_ON_MQA_ON",,"draft_has_fastpath_log","27","True"
"A&B","C:\Users\407407\Desktop\vllm\github\MQA_FastPath\A&B\probe_A_FP_ON_MQA_ON.log","probe","A_FP_ON_MQA_ON",,"draft_model_runner","22","/root/miniconda3/envs/lxc/lib/python3.10/site-packages/vllm_ascend/worker/draft_model_runner.py"
"A&B","C:\Users\407407\Desktop\vllm\github\MQA_FastPath\A&B\probe_A_FP_ON_MQA_ON.log","probe","A_FP_ON_MQA_ON",,"LOG_ROOT","4","/mnt/ky2307909/logs/spec_patch_verify_20260311_182926"
"A&B","C:\Users\407407\Desktop\vllm\github\MQA_FastPath\A&B\probe_A_FP_ON_MQA_ON.log","probe","A_FP_ON_MQA_ON",,"model_runner","21","/root/miniconda3/envs/lxc/lib/python3.10/site-packages/vllm_ascend/worker/model_runner.py"
"A&B","C:\Users\407407\Desktop\vllm\github\MQA_FastPath\A&B\probe_A_FP_ON_MQA_ON.log","probe","A_FP_ON_MQA_ON",,"patch_multi_step_worker","24","/root/miniconda3/envs/lxc/lib/python3.10/site-packages/vllm_ascend/patch/worker/patch_common/patch_multi_step_worker.py"
"A&B","C:\Users\407407\Desktop\vllm\github\MQA_FastPath\A&B\probe_A_FP_ON_MQA_ON.log","probe","A_FP_ON_MQA_ON",,"patch_spec_decode_worker","23","/root/miniconda3/envs/lxc/lib/python3.10/site-packages/vllm_ascend/patch/worker/patch_common/patch_spec_decode_worker.py"
"A&B","C:\Users\407407\Desktop\vllm\github\MQA_FastPath\A&B\probe_A_FP_ON_MQA_ON.log","probe","A_FP_ON_MQA_ON",,"PYTHONPATH","5","/mnt/ky2307909/vllm-ascend:/usr/local/Ascend/ascend-toolkit/latest/python/site-packages:/usr/local/Ascend/ascend-toolkit/latest/opp/built-in/op_impl/ai_core/tbe:/usr/local/Ascend/ascend-toolkit/latest/python/site-packages:/usr/local/Ascend/ascend-toolkit/latest/opp/built-in/op_impl/ai_core/tbe:/mindformers:"
"A&B","C:\Users\407407\Desktop\vllm\github\MQA_FastPath\A&B\probe_A_FP_ON_MQA_ON.log","probe","A_FP_ON_MQA_ON",,"ROOT_DIR","3","/mnt/ky2307909"
"A&B","C:\Users\407407\Desktop\vllm\github\MQA_FastPath\A&B\probe_A_FP_ON_MQA_ON.log","probe","A_FP_ON_MQA_ON",,"runner_has_base_stage_log","26","True"
"A&B","C:\Users\407407\Desktop\vllm\github\MQA_FastPath\A&B\probe_A_FP_ON_MQA_ON.log","probe","A_FP_ON_MQA_ON",,"vllm_ascend","19","/root/miniconda3/envs/lxc/lib/python3.10/site-packages/vllm_ascend/__init__.py"
"A&B","C:\Users\407407\Desktop\vllm\github\MQA_FastPath\A&B\probe_A_FP_ON_MQA_ON.log","probe","A_FP_ON_MQA_ON",,"VLLM_ASCEND_BASE_STAGE_LOG_ENABLE","8","1"
"A&B","C:\Users\407407\Desktop\vllm\github\MQA_FastPath\A&B\probe_A_FP_ON_MQA_ON.log","probe","A_FP_ON_MQA_ON",,"VLLM_ASCEND_BASE_STAGE_LOG_INTERVAL","9","50"
"A&B","C:\Users\407407\Desktop\vllm\github\MQA_FastPath\A&B\probe_A_FP_ON_MQA_ON.log","probe","A_FP_ON_MQA_ON",,"VLLM_ASCEND_RUNNER_STAGE_LOG_ENABLE","10","1"
"A&B","C:\Users\407407\Desktop\vllm\github\MQA_FastPath\A&B\probe_A_FP_ON_MQA_ON.log","probe","A_FP_ON_MQA_ON",,"VLLM_ASCEND_RUNNER_STAGE_LOG_INTERVAL","11","50"
"A&B","C:\Users\407407\Desktop\vllm\github\MQA_FastPath\A&B\probe_A_FP_ON_MQA_ON.log","probe","A_FP_ON_MQA_ON",,"VLLM_ASCEND_SPEC_GPU_MULTI_STEP_BACKENDS","6","FLASH_ATTN,ASCEND"
"A&B","C:\Users\407407\Desktop\vllm\github\MQA_FastPath\A&B\probe_A_FP_ON_MQA_ON.log","probe","A_FP_ON_MQA_ON",,"VLLM_ASCEND_SPEC_MQA_BACKENDS","7","FLASH_ATTN,ASCEND"
"A&B","C:\Users\407407\Desktop\vllm\github\MQA_FastPath\A&B\probe_A_FP_ON_MQA_ON.log","probe","A_FP_ON_MQA_ON",,"worker","20","/root/miniconda3/envs/lxc/lib/python3.10/site-packages/vllm_ascend/worker/worker.py"
"A&B","C:\Users\407407\Desktop\vllm\github\MQA_FastPath\A&B\probe_A_FP_ON_MQA_ON.log","probe","A_FP_ON_MQA_ON",,"worker_has_base_stage_log","25","True"
"A&B","C:\Users\407407\Desktop\vllm\github\MQA_FastPath\A&B\probe_A_FP_ON_MQA_ON.log","probe","A_FP_ON_MQA_ON",,"WORKSPACE_DIR","2","/mnt/ky2307909"
"A&B","C:\Users\407407\Desktop\vllm\github\MQA_FastPath\A&B\probe_B_FP_ON_MQA_OFF.log","probe","B_FP_ON_MQA_OFF",,"date","1","2026-03-11"
"A&B","C:\Users\407407\Desktop\vllm\github\MQA_FastPath\A&B\probe_B_FP_ON_MQA_OFF.log","probe","B_FP_ON_MQA_OFF",,"draft_has_fastpath_log","27","True"
"A&B","C:\Users\407407\Desktop\vllm\github\MQA_FastPath\A&B\probe_B_FP_ON_MQA_OFF.log","probe","B_FP_ON_MQA_OFF",,"draft_model_runner","22","/root/miniconda3/envs/lxc/lib/python3.10/site-packages/vllm_ascend/worker/draft_model_runner.py"
"A&B","C:\Users\407407\Desktop\vllm\github\MQA_FastPath\A&B\probe_B_FP_ON_MQA_OFF.log","probe","B_FP_ON_MQA_OFF",,"LOG_ROOT","4","/mnt/ky2307909/logs/spec_patch_verify_20260311_182926"
"A&B","C:\Users\407407\Desktop\vllm\github\MQA_FastPath\A&B\probe_B_FP_ON_MQA_OFF.log","probe","B_FP_ON_MQA_OFF",,"model_runner","21","/root/miniconda3/envs/lxc/lib/python3.10/site-packages/vllm_ascend/worker/model_runner.py"
"A&B","C:\Users\407407\Desktop\vllm\github\MQA_FastPath\A&B\probe_B_FP_ON_MQA_OFF.log","probe","B_FP_ON_MQA_OFF",,"patch_multi_step_worker","24","/root/miniconda3/envs/lxc/lib/python3.10/site-packages/vllm_ascend/patch/worker/patch_common/patch_multi_step_worker.py"
"A&B","C:\Users\407407\Desktop\vllm\github\MQA_FastPath\A&B\probe_B_FP_ON_MQA_OFF.log","probe","B_FP_ON_MQA_OFF",,"patch_spec_decode_worker","23","/root/miniconda3/envs/lxc/lib/python3.10/site-packages/vllm_ascend/patch/worker/patch_common/patch_spec_decode_worker.py"
"A&B","C:\Users\407407\Desktop\vllm\github\MQA_FastPath\A&B\probe_B_FP_ON_MQA_OFF.log","probe","B_FP_ON_MQA_OFF",,"PYTHONPATH","5","/mnt/ky2307909/vllm-ascend:/usr/local/Ascend/ascend-toolkit/latest/python/site-packages:/usr/local/Ascend/ascend-toolkit/latest/opp/built-in/op_impl/ai_core/tbe:/usr/local/Ascend/ascend-toolkit/latest/python/site-packages:/usr/local/Ascend/ascend-toolkit/latest/opp/built-in/op_impl/ai_core/tbe:/mindformers:"
"A&B","C:\Users\407407\Desktop\vllm\github\MQA_FastPath\A&B\probe_B_FP_ON_MQA_OFF.log","probe","B_FP_ON_MQA_OFF",,"ROOT_DIR","3","/mnt/ky2307909"
"A&B","C:\Users\407407\Desktop\vllm\github\MQA_FastPath\A&B\probe_B_FP_ON_MQA_OFF.log","probe","B_FP_ON_MQA_OFF",,"runner_has_base_stage_log","26","True"
"A&B","C:\Users\407407\Desktop\vllm\github\MQA_FastPath\A&B\probe_B_FP_ON_MQA_OFF.log","probe","B_FP_ON_MQA_OFF",,"vllm_ascend","19","/root/miniconda3/envs/lxc/lib/python3.10/site-packages/vllm_ascend/__init__.py"
"A&B","C:\Users\407407\Desktop\vllm\github\MQA_FastPath\A&B\probe_B_FP_ON_MQA_OFF.log","probe","B_FP_ON_MQA_OFF",,"VLLM_ASCEND_BASE_STAGE_LOG_ENABLE","8","1"
"A&B","C:\Users\407407\Desktop\vllm\github\MQA_FastPath\A&B\probe_B_FP_ON_MQA_OFF.log","probe","B_FP_ON_MQA_OFF",,"VLLM_ASCEND_BASE_STAGE_LOG_INTERVAL","9","50"
"A&B","C:\Users\407407\Desktop\vllm\github\MQA_FastPath\A&B\probe_B_FP_ON_MQA_OFF.log","probe","B_FP_ON_MQA_OFF",,"VLLM_ASCEND_RUNNER_STAGE_LOG_ENABLE","10","1"
"A&B","C:\Users\407407\Desktop\vllm\github\MQA_FastPath\A&B\probe_B_FP_ON_MQA_OFF.log","probe","B_FP_ON_MQA_OFF",,"VLLM_ASCEND_RUNNER_STAGE_LOG_INTERVAL","11","50"
"A&B","C:\Users\407407\Desktop\vllm\github\MQA_FastPath\A&B\probe_B_FP_ON_MQA_OFF.log","probe","B_FP_ON_MQA_OFF",,"VLLM_ASCEND_SPEC_GPU_MULTI_STEP_BACKENDS","6","FLASH_ATTN,ASCEND"
"A&B","C:\Users\407407\Desktop\vllm\github\MQA_FastPath\A&B\probe_B_FP_ON_MQA_OFF.log","probe","B_FP_ON_MQA_OFF",,"VLLM_ASCEND_SPEC_MQA_BACKENDS","7","FLASH_ATTN"
"A&B","C:\Users\407407\Desktop\vllm\github\MQA_FastPath\A&B\probe_B_FP_ON_MQA_OFF.log","probe","B_FP_ON_MQA_OFF",,"worker","20","/root/miniconda3/envs/lxc/lib/python3.10/site-packages/vllm_ascend/worker/worker.py"
"A&B","C:\Users\407407\Desktop\vllm\github\MQA_FastPath\A&B\probe_B_FP_ON_MQA_OFF.log","probe","B_FP_ON_MQA_OFF",,"worker_has_base_stage_log","25","True"
"A&B","C:\Users\407407\Desktop\vllm\github\MQA_FastPath\A&B\probe_B_FP_ON_MQA_OFF.log","probe","B_FP_ON_MQA_OFF",,"WORKSPACE_DIR","2","/mnt/ky2307909"
"A&B","C:\Users\407407\Desktop\vllm\github\MQA_FastPath\A&B\server_A_FP_ON_MQA_ON_k2.log","server","A_FP_ON_MQA_ON","2","_id","252","request\\_id\n"
"A&B","C:\Users\407407\Desktop\vllm\github\MQA_FastPath\A&B\server_A_FP_ON_MQA_ON_k2.log","server","A_FP_ON_MQA_ON","2","_name","252","""vpc-xaas"",\n"
"A&B","C:\Users\407407\Desktop\vllm\github\MQA_FastPath\A&B\server_A_FP_ON_MQA_ON_k2.log","server","A_FP_ON_MQA_ON","2","_node","763","2]""\n"
"A&B","C:\Users\407407\Desktop\vllm\github\MQA_FastPath\A&B\server_A_FP_ON_MQA_ON_k2.log","server","A_FP_ON_MQA_ON","2","_type","252","project\\_type,\n"
"A&B","C:\Users\407407\Desktop\vllm\github\MQA_FastPath\A&B\server_A_FP_ON_MQA_ON_k2.log","server","A_FP_ON_MQA_ON","2","accept","907","0.8402"
"A&B","C:\Users\407407\Desktop\vllm\github\MQA_FastPath\A&B\server_A_FP_ON_MQA_ON_k2.log","server","A_FP_ON_MQA_ON","2","accept_no_hs","907","0.8402"
"A&B","C:\Users\407407\Desktop\vllm\github\MQA_FastPath\A&B\server_A_FP_ON_MQA_ON_k2.log","server","A_FP_ON_MQA_ON","2","accept_with_hs","907","0.0000"
"A&B","C:\Users\407407\Desktop\vllm\github\MQA_FastPath\A&B\server_A_FP_ON_MQA_ON_k2.log","server","A_FP_ON_MQA_ON","2","as","214","{Link}"
"A&B","C:\Users\407407\Desktop\vllm\github\MQA_FastPath\A&B\server_A_FP_ON_MQA_ON_k2.log","server","A_FP_ON_MQA_ON","2","average_time_per_proposal_tok_ms","897","68.32"
"A&B","C:\Users\407407\Desktop\vllm\github\MQA_FastPath\A&B\server_A_FP_ON_MQA_ON_k2.log","server","A_FP_ON_MQA_ON","2","avg_execute_total_ms","906","66.55"
"A&B","C:\Users\407407\Desktop\vllm\github\MQA_FastPath\A&B\server_A_FP_ON_MQA_ON_k2.log","server","A_FP_ON_MQA_ON","2","avg_forward_ms","906","62.27"
"A&B","C:\Users\407407\Desktop\vllm\github\MQA_FastPath\A&B\server_A_FP_ON_MQA_ON_k2.log","server","A_FP_ON_MQA_ON","2","avg_logits_ms","906","1.25"
"A&B","C:\Users\407407\Desktop\vllm\github\MQA_FastPath\A&B\server_A_FP_ON_MQA_ON_k2.log","server","A_FP_ON_MQA_ON","2","avg_sampler_ms","906","2.99"
"A&B","C:\Users\407407\Desktop\vllm\github\MQA_FastPath\A&B\server_A_FP_ON_MQA_ON_k2.log","server","A_FP_ON_MQA_ON","2","axis","463","1)\n"
"A&B","C:\Users\407407\Desktop\vllm\github\MQA_FastPath\A&B\server_A_FP_ON_MQA_ON_k2.log","server","A_FP_ON_MQA_ON","2","backend","53","ASCEND"
"A&B","C:\Users\407407\Desktop\vllm\github\MQA_FastPath\A&B\server_A_FP_ON_MQA_ON_k2.log","server","A_FP_ON_MQA_ON","2","bad_words","764","[]"
"A&B","C:\Users\407407\Desktop\vllm\github\MQA_FastPath\A&B\server_A_FP_ON_MQA_ON_k2.log","server","A_FP_ON_MQA_ON","2","bg","214","""light"""
"A&B","C:\Users\407407\Desktop\vllm\github\MQA_FastPath\A&B\server_A_FP_ON_MQA_ON_k2.log","server","A_FP_ON_MQA_ON","2","capability","53","ASCEND,FLASH_ATTN)."
"A&B","C:\Users\407407\Desktop\vllm\github\MQA_FastPath\A&B\server_A_FP_ON_MQA_ON_k2.log","server","A_FP_ON_MQA_ON","2","category","742","None"
"A&B","C:\Users\407407\Desktop\vllm\github\MQA_FastPath\A&B\server_A_FP_ON_MQA_ON_k2.log","server","A_FP_ON_MQA_ON","2","chunked_prefill_enabled","46","False"
"A&B","C:\Users\407407\Desktop\vllm\github\MQA_FastPath\A&B\server_A_FP_ON_MQA_ON_k2.log","server","A_FP_ON_MQA_ON","2","className","214","""py-3"">\n"
"A&B","C:\Users\407407\Desktop\vllm\github\MQA_FastPath\A&B\server_A_FP_ON_MQA_ON_k2.log","server","A_FP_ON_MQA_ON","2","collect_detailed_traces","46","None)"
"A&B","C:\Users\407407\Desktop\vllm\github\MQA_FastPath\A&B\server_A_FP_ON_MQA_ON_k2.log","server","A_FP_ON_MQA_ON","2","compilation_config","46","{""level"":0,""debug_dump_path"":"""",""cache_dir"":"""",""backend"":"""",""custom_ops"":[],""splitting_ops"":[],""use_inductor"":true,""compile_sizes"":[],""inductor_compile_config"":{},""inductor_passes"":{},""use_cudagraph"":false,""cudagraph_num_of_warmups"":0,""cudagraph_capture_sizes"":[],""cudagraph_copy_inputs"":false,""full_cuda_graph"":false,""max_capture_size"":0,""local_cache_dir"":null}"
"A&B","C:\Users\407407\Desktop\vllm\github\MQA_FastPath\A&B\server_A_FP_ON_MQA_ON_k2.log","server","A_FP_ON_MQA_ON","2","count","906","450"
"A&B","C:\Users\407407\Desktop\vllm\github\MQA_FastPath\A&B\server_A_FP_ON_MQA_ON_k2.log","server","A_FP_ON_MQA_ON","2","decoding_config","46","DecodingConfig(backend='xgrammar'"
"A&B","C:\Users\407407\Desktop\vllm\github\MQA_FastPath\A&B\server_A_FP_ON_MQA_ON_k2.log","server","A_FP_ON_MQA_ON","2","description","252","f""XaaS"
"A&B","C:\Users\407407\Desktop\vllm\github\MQA_FastPath\A&B\server_A_FP_ON_MQA_ON_k2.log","server","A_FP_ON_MQA_ON","2","device_config","46","npu"
"A&B","C:\Users\407407\Desktop\vllm\github\MQA_FastPath\A&B\server_A_FP_ON_MQA_ON_k2.log","server","A_FP_ON_MQA_ON","2","disable_additional_properties","46","False"
"A&B","C:\Users\407407\Desktop\vllm\github\MQA_FastPath\A&B\server_A_FP_ON_MQA_ON_k2.log","server","A_FP_ON_MQA_ON","2","disable_any_whitespace","46","False"
"A&B","C:\Users\407407\Desktop\vllm\github\MQA_FastPath\A&B\server_A_FP_ON_MQA_ON_k2.log","server","A_FP_ON_MQA_ON","2","disable_custom_all_reduce","46","True"
"A&B","C:\Users\407407\Desktop\vllm\github\MQA_FastPath\A&B\server_A_FP_ON_MQA_ON_k2.log","server","A_FP_ON_MQA_ON","2","disable_fallback","46","False"
"A&B","C:\Users\407407\Desktop\vllm\github\MQA_FastPath\A&B\server_A_FP_ON_MQA_ON_k2.log","server","A_FP_ON_MQA_ON","2","download_dir","46","None"
"A&B","C:\Users\407407\Desktop\vllm\github\MQA_FastPath\A&B\server_A_FP_ON_MQA_ON_k2.log","server","A_FP_ON_MQA_ON","2","draft_tp","48","1"
"A&B","C:\Users\407407\Desktop\vllm\github\MQA_FastPath\A&B\server_A_FP_ON_MQA_ON_k2.log","server","A_FP_ON_MQA_ON","2","dtype","46","torch.bfloat16"
"A&B","C:\Users\407407\Desktop\vllm\github\MQA_FastPath\A&B\server_A_FP_ON_MQA_ON_k2.log","server","A_FP_ON_MQA_ON","2","element","214","{<Home"
"A&B","C:\Users\407407\Desktop\vllm\github\MQA_FastPath\A&B\server_A_FP_ON_MQA_ON_k2.log","server","A_FP_ON_MQA_ON","2","enable_prefix_caching","46","None"
"A&B","C:\Users\407407\Desktop\vllm\github\MQA_FastPath\A&B\server_A_FP_ON_MQA_ON_k2.log","server","A_FP_ON_MQA_ON","2","enforce_eager","46","True"
"A&B","C:\Users\407407\Desktop\vllm\github\MQA_FastPath\A&B\server_A_FP_ON_MQA_ON_k2.log","server","A_FP_ON_MQA_ON","2","extra_args","764","None)"
"A&B","C:\Users\407407\Desktop\vllm\github\MQA_FastPath\A&B\server_A_FP_ON_MQA_ON_k2.log","server","A_FP_ON_MQA_ON","2","fail_adapter","125","0"
"A&B","C:\Users\407407\Desktop\vllm\github\MQA_FastPath\A&B\server_A_FP_ON_MQA_ON_k2.log","server","A_FP_ON_MQA_ON","2","fail_backend","125","0"
"A&B","C:\Users\407407\Desktop\vllm\github\MQA_FastPath\A&B\server_A_FP_ON_MQA_ON_k2.log","server","A_FP_ON_MQA_ON","2","fail_disabled","125","0"
"A&B","C:\Users\407407\Desktop\vllm\github\MQA_FastPath\A&B\server_A_FP_ON_MQA_ON_k2.log","server","A_FP_ON_MQA_ON","2","fail_lora","125","0"
"A&B","C:\Users\407407\Desktop\vllm\github\MQA_FastPath\A&B\server_A_FP_ON_MQA_ON_k2.log","server","A_FP_ON_MQA_ON","2","fail_prompt","125","0"
"A&B","C:\Users\407407\Desktop\vllm\github\MQA_FastPath\A&B\server_A_FP_ON_MQA_ON_k2.log","server","A_FP_ON_MQA_ON","2","fixed","214","""top"""
"A&B","C:\Users\407407\Desktop\vllm\github\MQA_FastPath\A&B\server_A_FP_ON_MQA_ON_k2.log","server","A_FP_ON_MQA_ON","2","for","325","""file-name"">File"
"A&B","C:\Users\407407\Desktop\vllm\github\MQA_FastPath\A&B\server_A_FP_ON_MQA_ON_k2.log","server","A_FP_ON_MQA_ON","2","frequency_penalty","764","0.0"
"A&B","C:\Users\407407\Desktop\vllm\github\MQA_FastPath\A&B\server_A_FP_ON_MQA_ON_k2.log","server","A_FP_ON_MQA_ON","2","guided_decoding","764","None"
"A&B","C:\Users\407407\Desktop\vllm\github\MQA_FastPath\A&B\server_A_FP_ON_MQA_ON_k2.log","server","A_FP_ON_MQA_ON","2","high_k_occ","909","0.0000"
"A&B","C:\Users\407407\Desktop\vllm\github\MQA_FastPath\A&B\server_A_FP_ON_MQA_ON_k2.log","server","A_FP_ON_MQA_ON","2","hist","909","2:380"
"A&B","C:\Users\407407\Desktop\vllm\github\MQA_FastPath\A&B\server_A_FP_ON_MQA_ON_k2.log","server","A_FP_ON_MQA_ON","2","hs_ratio","907","0.0000"
"A&B","C:\Users\407407\Desktop\vllm\github\MQA_FastPath\A&B\server_A_FP_ON_MQA_ON_k2.log","server","A_FP_ON_MQA_ON","2","id","325","""file-name"""
"A&B","C:\Users\407407\Desktop\vllm\github\MQA_FastPath\A&B\server_A_FP_ON_MQA_ON_k2.log","server","A_FP_ON_MQA_ON","2","ignore_eos","764","False"
"A&B","C:\Users\407407\Desktop\vllm\github\MQA_FastPath\A&B\server_A_FP_ON_MQA_ON_k2.log","server","A_FP_ON_MQA_ON","2","include_stop_str_in_output","764","False"
"A&B","C:\Users\407407\Desktop\vllm\github\MQA_FastPath\A&B\server_A_FP_ON_MQA_ON_k2.log","server","A_FP_ON_MQA_ON","2","is_tp1_runner","124","True"
"A&B","C:\Users\407407\Desktop\vllm\github\MQA_FastPath\A&B\server_A_FP_ON_MQA_ON_k2.log","server","A_FP_ON_MQA_ON","2","iter_p95","907","254.324"
"A&B","C:\Users\407407\Desktop\vllm\github\MQA_FastPath\A&B\server_A_FP_ON_MQA_ON_k2.log","server","A_FP_ON_MQA_ON","2","k","908","2"
"A&B","C:\Users\407407\Desktop\vllm\github\MQA_FastPath\A&B\server_A_FP_ON_MQA_ON_k2.log","server","A_FP_ON_MQA_ON","2","kv_cache_dtype","46","auto"
"A&B","C:\Users\407407\Desktop\vllm\github\MQA_FastPath\A&B\server_A_FP_ON_MQA_ON_k2.log","server","A_FP_ON_MQA_ON","2","load_format","46","auto"
"A&B","C:\Users\407407\Desktop\vllm\github\MQA_FastPath\A&B\server_A_FP_ON_MQA_ON_k2.log","server","A_FP_ON_MQA_ON","2","logprobs","764","None"
"A&B","C:\Users\407407\Desktop\vllm\github\MQA_FastPath\A&B\server_A_FP_ON_MQA_ON_k2.log","server","A_FP_ON_MQA_ON","2","low","763","66%]"
"A&B","C:\Users\407407\Desktop\vllm\github\MQA_FastPath\A&B\server_A_FP_ON_MQA_ON_k2.log","server","A_FP_ON_MQA_ON","2","max_seq_len","46","8192"
"A&B","C:\Users\407407\Desktop\vllm\github\MQA_FastPath\A&B\server_A_FP_ON_MQA_ON_k2.log","server","A_FP_ON_MQA_ON","2","max_tokens","764","593"
"A&B","C:\Users\407407\Desktop\vllm\github\MQA_FastPath\A&B\server_A_FP_ON_MQA_ON_k2.log","server","A_FP_ON_MQA_ON","2","min_p","764","0.0"
"A&B","C:\Users\407407\Desktop\vllm\github\MQA_FastPath\A&B\server_A_FP_ON_MQA_ON_k2.log","server","A_FP_ON_MQA_ON","2","min_tokens","764","0"
"A&B","C:\Users\407407\Desktop\vllm\github\MQA_FastPath\A&B\server_A_FP_ON_MQA_ON_k2.log","server","A_FP_ON_MQA_ON","2","model","46","'/mnt/ky2307909/siyuan.tong/Qwen3-8B'"
"A&B","C:\Users\407407\Desktop\vllm\github\MQA_FastPath\A&B\server_A_FP_ON_MQA_ON_k2.log","server","A_FP_ON_MQA_ON","2","model_runner","124","<class 'vllm_ascend.worker.draft_model_runner.TP1DraftModelRunner'>"
"A&B","C:\Users\407407\Desktop\vllm\github\MQA_FastPath\A&B\server_A_FP_ON_MQA_ON_k2.log","server","A_FP_ON_MQA_ON","2","model_type","48","qwen3)"
"A&B","C:\Users\407407\Desktop\vllm\github\MQA_FastPath\A&B\server_A_FP_ON_MQA_ON_k2.log","server","A_FP_ON_MQA_ON","2","ms_hit","125","1"
"A&B","C:\Users\407407\Desktop\vllm\github\MQA_FastPath\A&B\server_A_FP_ON_MQA_ON_k2.log","server","A_FP_ON_MQA_ON","2","ms_total","125","1"
"A&B","C:\Users\407407\Desktop\vllm\github\MQA_FastPath\A&B\server_A_FP_ON_MQA_ON_k2.log","server","A_FP_ON_MQA_ON","2","multi_step_stream_outputs","46","True"
"A&B","C:\Users\407407\Desktop\vllm\github\MQA_FastPath\A&B\server_A_FP_ON_MQA_ON_k2.log","server","A_FP_ON_MQA_ON","2","n","764","1"
"A&B","C:\Users\407407\Desktop\vllm\github\MQA_FastPath\A&B\server_A_FP_ON_MQA_ON_k2.log","server","A_FP_ON_MQA_ON","2","name","325","""file-name""><br>\n"
"A&B","C:\Users\407407\Desktop\vllm\github\MQA_FastPath\A&B\server_A_FP_ON_MQA_ON_k2.log","server","A_FP_ON_MQA_ON","2","new_protected_value","463","\'other\'"
"A&B","C:\Users\407407\Desktop\vllm\github\MQA_FastPath\A&B\server_A_FP_ON_MQA_ON_k2.log","server","A_FP_ON_MQA_ON","2","ntext","298","[\'Dear   Support   team, \\\\n\\\\nRequest   you   to   please   install   VM   ware   Horizon   client   for  access to   client system.   Attaching   document   received   from   client   (Alix   partners)   for reference.\\\\n\\\\nclient   URL: https://portal.alixpartners.com\\\\nVMare-Horizon-Client-2212-8.8.-21079405\\\\n\\\\Thanks,InSrikanth   P\',\n""I   am   logging   this   request   on  be   half   of  Mahendra   Posham,   he   is   from  my   team.   he   is   facing   error   while setting   up  his   laptop.he   is facing   \'The  securtiy   database   on  the   server   does   not   have  a  computer account   for this   workstatition   trust   relationship\'   error   .     I   have   provided   his   no  below   can  you   plese call   him   up  to   understand   the   issue.    \\\\nhis   email   I\'d   is posham.mahendra\\\\n   laptopID:   ITL-HW-LAPTOP脗\\x95\\n000000441525  \\\\nmobile   no:  9573607244    \\\\n   "",\n\'Hi   there\n```', params: SamplingParams(n=1, presence_penalty=0.0, frequency_penalty=0.0, repetition_penalty=1.0, temperature=0.0, top_p=1.0, top_k=0, min_p=0.0, seed=None, stop=[]"
"A&B","C:\Users\407407\Desktop\vllm\github\MQA_FastPath\A&B\server_A_FP_ON_MQA_ON_k2.log","server","A_FP_ON_MQA_ON","2","num_scheduler_steps","46","1"
"A&B","C:\Users\407407\Desktop\vllm\github\MQA_FastPath\A&B\server_A_FP_ON_MQA_ON_k2.log","server","A_FP_ON_MQA_ON","2","num_spec_tokens","46","2)"
"A&B","C:\Users\407407\Desktop\vllm\github\MQA_FastPath\A&B\server_A_FP_ON_MQA_ON_k2.log","server","A_FP_ON_MQA_ON","2","observability_config","46","ObservabilityConfig(show_hidden_metrics_for_version=None"
"A&B","C:\Users\407407\Desktop\vllm\github\MQA_FastPath\A&B\server_A_FP_ON_MQA_ON_k2.log","server","A_FP_ON_MQA_ON","2","otlp_traces_endpoint","46","None"
"A&B","C:\Users\407407\Desktop\vllm\github\MQA_FastPath\A&B\server_A_FP_ON_MQA_ON_k2.log","server","A_FP_ON_MQA_ON","2","override_neuron_config","46","{}"
"A&B","C:\Users\407407\Desktop\vllm\github\MQA_FastPath\A&B\server_A_FP_ON_MQA_ON_k2.log","server","A_FP_ON_MQA_ON","2","overwrite","602","true)"";\n\nusing"
"A&B","C:\Users\407407\Desktop\vllm\github\MQA_FastPath\A&B\server_A_FP_ON_MQA_ON_k2.log","server","A_FP_ON_MQA_ON","2","overwrites","742","{ctx.guild.default_role:"
"A&B","C:\Users\407407\Desktop\vllm\github\MQA_FastPath\A&B\server_A_FP_ON_MQA_ON_k2.log","server","A_FP_ON_MQA_ON","2","path","214","""/"""
"A&B","C:\Users\407407\Desktop\vllm\github\MQA_FastPath\A&B\server_A_FP_ON_MQA_ON_k2.log","server","A_FP_ON_MQA_ON","2","pipeline_parallel_size","46","1"
"A&B","C:\Users\407407\Desktop\vllm\github\MQA_FastPath\A&B\server_A_FP_ON_MQA_ON_k2.log","server","A_FP_ON_MQA_ON","2","pooler_config","46","None"
"A&B","C:\Users\407407\Desktop\vllm\github\MQA_FastPath\A&B\server_A_FP_ON_MQA_ON_k2.log","server","A_FP_ON_MQA_ON","2","presence_penalty","764","0.0"
"A&B","C:\Users\407407\Desktop\vllm\github\MQA_FastPath\A&B\server_A_FP_ON_MQA_ON_k2.log","server","A_FP_ON_MQA_ON","2","prompt_logprobs","764","None"
"A&B","C:\Users\407407\Desktop\vllm\github\MQA_FastPath\A&B\server_A_FP_ON_MQA_ON_k2.log","server","A_FP_ON_MQA_ON","2","proposer","50","<class 'vllm.spec_decode.multi_step_worker.MultiStepWorker'>"
"A&B","C:\Users\407407\Desktop\vllm\github\MQA_FastPath\A&B\server_A_FP_ON_MQA_ON_k2.log","server","A_FP_ON_MQA_ON","2","protected_attribute","463","\'gender\'"
"A&B","C:\Users\407407\Desktop\vllm\github\MQA_FastPath\A&B\server_A_FP_ON_MQA_ON_k2.log","server","A_FP_ON_MQA_ON","2","quantization","46","None"
"A&B","C:\Users\407407\Desktop\vllm\github\MQA_FastPath\A&B\server_A_FP_ON_MQA_ON_k2.log","server","A_FP_ON_MQA_ON","2","reasoning_backend","46","'')"
"A&B","C:\Users\407407\Desktop\vllm\github\MQA_FastPath\A&B\server_A_FP_ON_MQA_ON_k2.log","server","A_FP_ON_MQA_ON","2","repetition_penalty","764","1.0"
"A&B","C:\Users\407407\Desktop\vllm\github\MQA_FastPath\A&B\server_A_FP_ON_MQA_ON_k2.log","server","A_FP_ON_MQA_ON","2","revision","46","None"
"A&B","C:\Users\407407\Desktop\vllm\github\MQA_FastPath\A&B\server_A_FP_ON_MQA_ON_k2.log","server","A_FP_ON_MQA_ON","2","runner_cls","48","<class 'vllm_ascend.worker.draft_model_runner.TP1DraftModelRunner'>"
"A&B","C:\Users\407407\Desktop\vllm\github\MQA_FastPath\A&B\server_A_FP_ON_MQA_ON_k2.log","server","A_FP_ON_MQA_ON","2","sample_len","124","2"
"A&B","C:\Users\407407\Desktop\vllm\github\MQA_FastPath\A&B\server_A_FP_ON_MQA_ON_k2.log","server","A_FP_ON_MQA_ON","2","sampler","52","<class 'vllm.model_executor.layers.rejection_sampler.RejectionSampler'>"
"A&B","C:\Users\407407\Desktop\vllm\github\MQA_FastPath\A&B\server_A_FP_ON_MQA_ON_k2.log","server","A_FP_ON_MQA_ON","2","schedule","176","60"
"A&B","C:\Users\407407\Desktop\vllm\github\MQA_FastPath\A&B\server_A_FP_ON_MQA_ON_k2.log","server","A_FP_ON_MQA_ON","2","scoring_time_ms","897","57.61"
"A&B","C:\Users\407407\Desktop\vllm\github\MQA_FastPath\A&B\server_A_FP_ON_MQA_ON_k2.log","server","A_FP_ON_MQA_ON","2","seed","764","None"
"A&B","C:\Users\407407\Desktop\vllm\github\MQA_FastPath\A&B\server_A_FP_ON_MQA_ON_k2.log","server","A_FP_ON_MQA_ON","2","send_messages","742","False"
"A&B","C:\Users\407407\Desktop\vllm\github\MQA_FastPath\A&B\server_A_FP_ON_MQA_ON_k2.log","server","A_FP_ON_MQA_ON","2","served_model_name","46","qwen3-8B"
"A&B","C:\Users\407407\Desktop\vllm\github\MQA_FastPath\A&B\server_A_FP_ON_MQA_ON_k2.log","server","A_FP_ON_MQA_ON","2","skip_special_tokens","764","True"
"A&B","C:\Users\407407\Desktop\vllm\github\MQA_FastPath\A&B\server_A_FP_ON_MQA_ON_k2.log","server","A_FP_ON_MQA_ON","2","skip_tokenizer_init","46","False"
"A&B","C:\Users\407407\Desktop\vllm\github\MQA_FastPath\A&B\server_A_FP_ON_MQA_ON_k2.log","server","A_FP_ON_MQA_ON","2","spaces_between_special_tokens","764","True"
"A&B","C:\Users\407407\Desktop\vllm\github\MQA_FastPath\A&B\server_A_FP_ON_MQA_ON_k2.log","server","A_FP_ON_MQA_ON","2","speculative_config","46","SpeculativeConfig(method='draft_model'"
"A&B","C:\Users\407407\Desktop\vllm\github\MQA_FastPath\A&B\server_A_FP_ON_MQA_ON_k2.log","server","A_FP_ON_MQA_ON","2","step_accept","908","[1.0, 0.7752]"
"A&B","C:\Users\407407\Desktop\vllm\github\MQA_FastPath\A&B\server_A_FP_ON_MQA_ON_k2.log","server","A_FP_ON_MQA_ON","2","stop","764","[]"
"A&B","C:\Users\407407\Desktop\vllm\github\MQA_FastPath\A&B\server_A_FP_ON_MQA_ON_k2.log","server","A_FP_ON_MQA_ON","2","stop_token_ids","764","[]"
"A&B","C:\Users\407407\Desktop\vllm\github\MQA_FastPath\A&B\server_A_FP_ON_MQA_ON_k2.log","server","A_FP_ON_MQA_ON","2","supports_gpu_multi_step","125","True"
"A&B","C:\Users\407407\Desktop\vllm\github\MQA_FastPath\A&B\server_A_FP_ON_MQA_ON_k2.log","server","A_FP_ON_MQA_ON","2","switch_per_min","909","0.0000"
"A&B","C:\Users\407407\Desktop\vllm\github\MQA_FastPath\A&B\server_A_FP_ON_MQA_ON_k2.log","server","A_FP_ON_MQA_ON","2","target_tp","48","1"
"A&B","C:\Users\407407\Desktop\vllm\github\MQA_FastPath\A&B\server_A_FP_ON_MQA_ON_k2.log","server","A_FP_ON_MQA_ON","2","temperature","764","0.0"
"A&B","C:\Users\407407\Desktop\vllm\github\MQA_FastPath\A&B\server_A_FP_ON_MQA_ON_k2.log","server","A_FP_ON_MQA_ON","2","tensor_parallel_size","46","1"
"A&B","C:\Users\407407\Desktop\vllm\github\MQA_FastPath\A&B\server_A_FP_ON_MQA_ON_k2.log","server","A_FP_ON_MQA_ON","2","threshold","463","0.5):\n"
"A&B","C:\Users\407407\Desktop\vllm\github\MQA_FastPath\A&B\server_A_FP_ON_MQA_ON_k2.log","server","A_FP_ON_MQA_ON","2","throughput_tps","907","202.362"
"A&B","C:\Users\407407\Desktop\vllm\github\MQA_FastPath\A&B\server_A_FP_ON_MQA_ON_k2.log","server","A_FP_ON_MQA_ON","2","to","214","""/"">\n"
"A&B","C:\Users\407407\Desktop\vllm\github\MQA_FastPath\A&B\server_A_FP_ON_MQA_ON_k2.log","server","A_FP_ON_MQA_ON","2","tokenizer","46","'/mnt/ky2307909/siyuan.tong/Qwen3-8B'"
"A&B","C:\Users\407407\Desktop\vllm\github\MQA_FastPath\A&B\server_A_FP_ON_MQA_ON_k2.log","server","A_FP_ON_MQA_ON","2","tokenizer_mode","46","auto"
"A&B","C:\Users\407407\Desktop\vllm\github\MQA_FastPath\A&B\server_A_FP_ON_MQA_ON_k2.log","server","A_FP_ON_MQA_ON","2","tokenizer_revision","46","None"
"A&B","C:\Users\407407\Desktop\vllm\github\MQA_FastPath\A&B\server_A_FP_ON_MQA_ON_k2.log","server","A_FP_ON_MQA_ON","2","top_k","764","0"
"A&B","C:\Users\407407\Desktop\vllm\github\MQA_FastPath\A&B\server_A_FP_ON_MQA_ON_k2.log","server","A_FP_ON_MQA_ON","2","top_p","764","1.0"
"A&B","C:\Users\407407\Desktop\vllm\github\MQA_FastPath\A&B\server_A_FP_ON_MQA_ON_k2.log","server","A_FP_ON_MQA_ON","2","truncate_prompt_tokens","764","None"
"A&B","C:\Users\407407\Desktop\vllm\github\MQA_FastPath\A&B\server_A_FP_ON_MQA_ON_k2.log","server","A_FP_ON_MQA_ON","2","trust_remote_code","46","True"
"A&B","C:\Users\407407\Desktop\vllm\github\MQA_FastPath\A&B\server_A_FP_ON_MQA_ON_k2.log","server","A_FP_ON_MQA_ON","2","type","325","""text"""
"A&B","C:\Users\407407\Desktop\vllm\github\MQA_FastPath\A&B\server_A_FP_ON_MQA_ON_k2.log","server","A_FP_ON_MQA_ON","2","url","602","\'your-file-name.txt\'"
"A&B","C:\Users\407407\Desktop\vllm\github\MQA_FastPath\A&B\server_A_FP_ON_MQA_ON_k2.log","server","A_FP_ON_MQA_ON","2","use_async_output_proc","46","False"
"A&B","C:\Users\407407\Desktop\vllm\github\MQA_FastPath\A&B\server_A_FP_ON_MQA_ON_k2.log","server","A_FP_ON_MQA_ON","2","use_cached_outputs","46","True"
"A&B","C:\Users\407407\Desktop\vllm\github\MQA_FastPath\A&B\server_A_FP_ON_MQA_ON_k2.log","server","A_FP_ON_MQA_ON","2","value","325","""Download"">\n</form>\n```\nThis"
"A&B","C:\Users\407407\Desktop\vllm\github\MQA_FastPath\A&B\server_A_FP_ON_MQA_ON_k2.log","server","A_FP_ON_MQA_ON","2","variant","214","""primary"">Post</Button>\n"
"A&B","C:\Users\407407\Desktop\vllm\github\MQA_FastPath\A&B\server_A_FP_ON_MQA_ON_k2.log","server","A_FP_ON_MQA_ON","2","verification_time_ms","897","5.15"
"A&B","C:\Users\407407\Desktop\vllm\github\MQA_FastPath\A&B\server_A_FP_ON_MQA_ON_k2.log","server","A_FP_ON_MQA_ON","2","view_channel","742","False)"
"A&B","C:\Users\407407\Desktop\vllm\github\MQA_FastPath\A&B\server_A_FP_ON_MQA_ON_k2.log","server","A_FP_ON_MQA_ON","2","vpcs","252","[]"
"A&B","C:\Users\407407\Desktop\vllm\github\MQA_FastPath\A&B\server_A_FP_ON_MQA_ON_k2.log","server","A_FP_ON_MQA_ON","2","W","623","X+Y'"
"A&B","C:\Users\407407\Desktop\vllm\github\MQA_FastPath\A&B\server_A_FP_ON_MQA_ON_k2.log","server","A_FP_ON_MQA_ON","2","waste_ratio","908","0.1124"
"A&B","C:\Users\407407\Desktop\vllm\github\MQA_FastPath\A&B\server_A_FP_ON_MQA_ON_k4.log","server","A_FP_ON_MQA_ON","4","_id","252","request\\_id\n"
"A&B","C:\Users\407407\Desktop\vllm\github\MQA_FastPath\A&B\server_A_FP_ON_MQA_ON_k4.log","server","A_FP_ON_MQA_ON","4","_name","252","""vpc-xaas"",\n"
"A&B","C:\Users\407407\Desktop\vllm\github\MQA_FastPath\A&B\server_A_FP_ON_MQA_ON_k4.log","server","A_FP_ON_MQA_ON","4","_node","765","2]""\n"
"A&B","C:\Users\407407\Desktop\vllm\github\MQA_FastPath\A&B\server_A_FP_ON_MQA_ON_k4.log","server","A_FP_ON_MQA_ON","4","_type","252","project\\_type,\n"
"A&B","C:\Users\407407\Desktop\vllm\github\MQA_FastPath\A&B\server_A_FP_ON_MQA_ON_k4.log","server","A_FP_ON_MQA_ON","4","accept","918","0.7778"
"A&B","C:\Users\407407\Desktop\vllm\github\MQA_FastPath\A&B\server_A_FP_ON_MQA_ON_k4.log","server","A_FP_ON_MQA_ON","4","accept_no_hs","918","0.7778"
"A&B","C:\Users\407407\Desktop\vllm\github\MQA_FastPath\A&B\server_A_FP_ON_MQA_ON_k4.log","server","A_FP_ON_MQA_ON","4","accept_with_hs","918","0.0000"
"A&B","C:\Users\407407\Desktop\vllm\github\MQA_FastPath\A&B\server_A_FP_ON_MQA_ON_k4.log","server","A_FP_ON_MQA_ON","4","as","215","{Link}"
"A&B","C:\Users\407407\Desktop\vllm\github\MQA_FastPath\A&B\server_A_FP_ON_MQA_ON_k4.log","server","A_FP_ON_MQA_ON","4","average_time_per_proposal_tok_ms","908","53.49"
"A&B","C:\Users\407407\Desktop\vllm\github\MQA_FastPath\A&B\server_A_FP_ON_MQA_ON_k4.log","server","A_FP_ON_MQA_ON","4","avg_execute_total_ms","907","68.47"
"A&B","C:\Users\407407\Desktop\vllm\github\MQA_FastPath\A&B\server_A_FP_ON_MQA_ON_k4.log","server","A_FP_ON_MQA_ON","4","avg_forward_ms","907","62.24"
"A&B","C:\Users\407407\Desktop\vllm\github\MQA_FastPath\A&B\server_A_FP_ON_MQA_ON_k4.log","server","A_FP_ON_MQA_ON","4","avg_logits_ms","907","1.38"
"A&B","C:\Users\407407\Desktop\vllm\github\MQA_FastPath\A&B\server_A_FP_ON_MQA_ON_k4.log","server","A_FP_ON_MQA_ON","4","avg_sampler_ms","907","4.79"
"A&B","C:\Users\407407\Desktop\vllm\github\MQA_FastPath\A&B\server_A_FP_ON_MQA_ON_k4.log","server","A_FP_ON_MQA_ON","4","axis","471","1)\n"
"A&B","C:\Users\407407\Desktop\vllm\github\MQA_FastPath\A&B\server_A_FP_ON_MQA_ON_k4.log","server","A_FP_ON_MQA_ON","4","backend","53","ASCEND"
"A&B","C:\Users\407407\Desktop\vllm\github\MQA_FastPath\A&B\server_A_FP_ON_MQA_ON_k4.log","server","A_FP_ON_MQA_ON","4","bad_words","766","[]"
"A&B","C:\Users\407407\Desktop\vllm\github\MQA_FastPath\A&B\server_A_FP_ON_MQA_ON_k4.log","server","A_FP_ON_MQA_ON","4","bg","215","""light"""
"A&B","C:\Users\407407\Desktop\vllm\github\MQA_FastPath\A&B\server_A_FP_ON_MQA_ON_k4.log","server","A_FP_ON_MQA_ON","4","cap","873","4)"
"A&B","C:\Users\407407\Desktop\vllm\github\MQA_FastPath\A&B\server_A_FP_ON_MQA_ON_k4.log","server","A_FP_ON_MQA_ON","4","capability","53","ASCEND,FLASH_ATTN)."
"A&B","C:\Users\407407\Desktop\vllm\github\MQA_FastPath\A&B\server_A_FP_ON_MQA_ON_k4.log","server","A_FP_ON_MQA_ON","4","category","746","None"
"A&B","C:\Users\407407\Desktop\vllm\github\MQA_FastPath\A&B\server_A_FP_ON_MQA_ON_k4.log","server","A_FP_ON_MQA_ON","4","chunked_prefill_enabled","46","False"
"A&B","C:\Users\407407\Desktop\vllm\github\MQA_FastPath\A&B\server_A_FP_ON_MQA_ON_k4.log","server","A_FP_ON_MQA_ON","4","className","215","""py-3"">\n"
"A&B","C:\Users\407407\Desktop\vllm\github\MQA_FastPath\A&B\server_A_FP_ON_MQA_ON_k4.log","server","A_FP_ON_MQA_ON","4","collect_detailed_traces","46","None)"
"A&B","C:\Users\407407\Desktop\vllm\github\MQA_FastPath\A&B\server_A_FP_ON_MQA_ON_k4.log","server","A_FP_ON_MQA_ON","4","compilation_config","46","{""level"":0,""debug_dump_path"":"""",""cache_dir"":"""",""backend"":"""",""custom_ops"":[],""splitting_ops"":[],""use_inductor"":true,""compile_sizes"":[],""inductor_compile_config"":{},""inductor_passes"":{},""use_cudagraph"":false,""cudagraph_num_of_warmups"":0,""cudagraph_capture_sizes"":[],""cudagraph_copy_inputs"":false,""full_cuda_graph"":false,""max_capture_size"":0,""local_cache_dir"":null}"
"A&B","C:\Users\407407\Desktop\vllm\github\MQA_FastPath\A&B\server_A_FP_ON_MQA_ON_k4.log","server","A_FP_ON_MQA_ON","4","count","907","400"
"A&B","C:\Users\407407\Desktop\vllm\github\MQA_FastPath\A&B\server_A_FP_ON_MQA_ON_k4.log","server","A_FP_ON_MQA_ON","4","decoding_config","46","DecodingConfig(backend='xgrammar'"
"A&B","C:\Users\407407\Desktop\vllm\github\MQA_FastPath\A&B\server_A_FP_ON_MQA_ON_k4.log","server","A_FP_ON_MQA_ON","4","description","252","f""XaaS"
"A&B","C:\Users\407407\Desktop\vllm\github\MQA_FastPath\A&B\server_A_FP_ON_MQA_ON_k4.log","server","A_FP_ON_MQA_ON","4","device_config","46","npu"
"A&B","C:\Users\407407\Desktop\vllm\github\MQA_FastPath\A&B\server_A_FP_ON_MQA_ON_k4.log","server","A_FP_ON_MQA_ON","4","disable_additional_properties","46","False"
"A&B","C:\Users\407407\Desktop\vllm\github\MQA_FastPath\A&B\server_A_FP_ON_MQA_ON_k4.log","server","A_FP_ON_MQA_ON","4","disable_any_whitespace","46","False"
"A&B","C:\Users\407407\Desktop\vllm\github\MQA_FastPath\A&B\server_A_FP_ON_MQA_ON_k4.log","server","A_FP_ON_MQA_ON","4","disable_custom_all_reduce","46","True"
"A&B","C:\Users\407407\Desktop\vllm\github\MQA_FastPath\A&B\server_A_FP_ON_MQA_ON_k4.log","server","A_FP_ON_MQA_ON","4","disable_fallback","46","False"
"A&B","C:\Users\407407\Desktop\vllm\github\MQA_FastPath\A&B\server_A_FP_ON_MQA_ON_k4.log","server","A_FP_ON_MQA_ON","4","download_dir","46","None"
"A&B","C:\Users\407407\Desktop\vllm\github\MQA_FastPath\A&B\server_A_FP_ON_MQA_ON_k4.log","server","A_FP_ON_MQA_ON","4","draft_tp","48","1"
"A&B","C:\Users\407407\Desktop\vllm\github\MQA_FastPath\A&B\server_A_FP_ON_MQA_ON_k4.log","server","A_FP_ON_MQA_ON","4","dtype","46","torch.bfloat16"
"A&B","C:\Users\407407\Desktop\vllm\github\MQA_FastPath\A&B\server_A_FP_ON_MQA_ON_k4.log","server","A_FP_ON_MQA_ON","4","element","215","{<Home"
"A&B","C:\Users\407407\Desktop\vllm\github\MQA_FastPath\A&B\server_A_FP_ON_MQA_ON_k4.log","server","A_FP_ON_MQA_ON","4","enable_prefix_caching","46","None"
"A&B","C:\Users\407407\Desktop\vllm\github\MQA_FastPath\A&B\server_A_FP_ON_MQA_ON_k4.log","server","A_FP_ON_MQA_ON","4","enforce_eager","46","True"
"A&B","C:\Users\407407\Desktop\vllm\github\MQA_FastPath\A&B\server_A_FP_ON_MQA_ON_k4.log","server","A_FP_ON_MQA_ON","4","extra_args","766","None)"
"A&B","C:\Users\407407\Desktop\vllm\github\MQA_FastPath\A&B\server_A_FP_ON_MQA_ON_k4.log","server","A_FP_ON_MQA_ON","4","fail_adapter","126","0"
"A&B","C:\Users\407407\Desktop\vllm\github\MQA_FastPath\A&B\server_A_FP_ON_MQA_ON_k4.log","server","A_FP_ON_MQA_ON","4","fail_backend","126","0"
"A&B","C:\Users\407407\Desktop\vllm\github\MQA_FastPath\A&B\server_A_FP_ON_MQA_ON_k4.log","server","A_FP_ON_MQA_ON","4","fail_disabled","126","0"
"A&B","C:\Users\407407\Desktop\vllm\github\MQA_FastPath\A&B\server_A_FP_ON_MQA_ON_k4.log","server","A_FP_ON_MQA_ON","4","fail_lora","126","0"
"A&B","C:\Users\407407\Desktop\vllm\github\MQA_FastPath\A&B\server_A_FP_ON_MQA_ON_k4.log","server","A_FP_ON_MQA_ON","4","fail_prompt","126","0"
"A&B","C:\Users\407407\Desktop\vllm\github\MQA_FastPath\A&B\server_A_FP_ON_MQA_ON_k4.log","server","A_FP_ON_MQA_ON","4","fixed","215","""top"""
"A&B","C:\Users\407407\Desktop\vllm\github\MQA_FastPath\A&B\server_A_FP_ON_MQA_ON_k4.log","server","A_FP_ON_MQA_ON","4","for","326","""file-name"">File"
"A&B","C:\Users\407407\Desktop\vllm\github\MQA_FastPath\A&B\server_A_FP_ON_MQA_ON_k4.log","server","A_FP_ON_MQA_ON","4","frequency_penalty","766","0.0"
"A&B","C:\Users\407407\Desktop\vllm\github\MQA_FastPath\A&B\server_A_FP_ON_MQA_ON_k4.log","server","A_FP_ON_MQA_ON","4","guided_decoding","766","None"
"A&B","C:\Users\407407\Desktop\vllm\github\MQA_FastPath\A&B\server_A_FP_ON_MQA_ON_k4.log","server","A_FP_ON_MQA_ON","4","high_k_occ","919","0.0543"
"A&B","C:\Users\407407\Desktop\vllm\github\MQA_FastPath\A&B\server_A_FP_ON_MQA_ON_k4.log","server","A_FP_ON_MQA_ON","4","hist","919","2:251,3:80,4:19"
"A&B","C:\Users\407407\Desktop\vllm\github\MQA_FastPath\A&B\server_A_FP_ON_MQA_ON_k4.log","server","A_FP_ON_MQA_ON","4","hs_ratio","918","0.0000"
"A&B","C:\Users\407407\Desktop\vllm\github\MQA_FastPath\A&B\server_A_FP_ON_MQA_ON_k4.log","server","A_FP_ON_MQA_ON","4","id","326","""file-name"""
"A&B","C:\Users\407407\Desktop\vllm\github\MQA_FastPath\A&B\server_A_FP_ON_MQA_ON_k4.log","server","A_FP_ON_MQA_ON","4","ignore_eos","766","False"
"A&B","C:\Users\407407\Desktop\vllm\github\MQA_FastPath\A&B\server_A_FP_ON_MQA_ON_k4.log","server","A_FP_ON_MQA_ON","4","include_stop_str_in_output","766","False"
"A&B","C:\Users\407407\Desktop\vllm\github\MQA_FastPath\A&B\server_A_FP_ON_MQA_ON_k4.log","server","A_FP_ON_MQA_ON","4","is_tp1_runner","125","True"
"A&B","C:\Users\407407\Desktop\vllm\github\MQA_FastPath\A&B\server_A_FP_ON_MQA_ON_k4.log","server","A_FP_ON_MQA_ON","4","iter_p95","918","317.341"
"A&B","C:\Users\407407\Desktop\vllm\github\MQA_FastPath\A&B\server_A_FP_ON_MQA_ON_k4.log","server","A_FP_ON_MQA_ON","4","k","917","2"
"A&B","C:\Users\407407\Desktop\vllm\github\MQA_FastPath\A&B\server_A_FP_ON_MQA_ON_k4.log","server","A_FP_ON_MQA_ON","4","kv_cache_dtype","46","auto"
"A&B","C:\Users\407407\Desktop\vllm\github\MQA_FastPath\A&B\server_A_FP_ON_MQA_ON_k4.log","server","A_FP_ON_MQA_ON","4","load_format","46","auto"
"A&B","C:\Users\407407\Desktop\vllm\github\MQA_FastPath\A&B\server_A_FP_ON_MQA_ON_k4.log","server","A_FP_ON_MQA_ON","4","logprobs","766","None"
"A&B","C:\Users\407407\Desktop\vllm\github\MQA_FastPath\A&B\server_A_FP_ON_MQA_ON_k4.log","server","A_FP_ON_MQA_ON","4","low","765","66%]"
"A&B","C:\Users\407407\Desktop\vllm\github\MQA_FastPath\A&B\server_A_FP_ON_MQA_ON_k4.log","server","A_FP_ON_MQA_ON","4","max_seq_len","46","8192"
"A&B","C:\Users\407407\Desktop\vllm\github\MQA_FastPath\A&B\server_A_FP_ON_MQA_ON_k4.log","server","A_FP_ON_MQA_ON","4","max_tokens","766","593"
"A&B","C:\Users\407407\Desktop\vllm\github\MQA_FastPath\A&B\server_A_FP_ON_MQA_ON_k4.log","server","A_FP_ON_MQA_ON","4","min_p","766","0.0"
"A&B","C:\Users\407407\Desktop\vllm\github\MQA_FastPath\A&B\server_A_FP_ON_MQA_ON_k4.log","server","A_FP_ON_MQA_ON","4","min_tokens","766","0"
"A&B","C:\Users\407407\Desktop\vllm\github\MQA_FastPath\A&B\server_A_FP_ON_MQA_ON_k4.log","server","A_FP_ON_MQA_ON","4","model","46","'/mnt/ky2307909/siyuan.tong/Qwen3-8B'"
"A&B","C:\Users\407407\Desktop\vllm\github\MQA_FastPath\A&B\server_A_FP_ON_MQA_ON_k4.log","server","A_FP_ON_MQA_ON","4","model_runner","125","<class 'vllm_ascend.worker.draft_model_runner.TP1DraftModelRunner'>"
"A&B","C:\Users\407407\Desktop\vllm\github\MQA_FastPath\A&B\server_A_FP_ON_MQA_ON_k4.log","server","A_FP_ON_MQA_ON","4","model_type","48","qwen3)"
"A&B","C:\Users\407407\Desktop\vllm\github\MQA_FastPath\A&B\server_A_FP_ON_MQA_ON_k4.log","server","A_FP_ON_MQA_ON","4","ms_hit","126","1"
"A&B","C:\Users\407407\Desktop\vllm\github\MQA_FastPath\A&B\server_A_FP_ON_MQA_ON_k4.log","server","A_FP_ON_MQA_ON","4","ms_total","126","1"
"A&B","C:\Users\407407\Desktop\vllm\github\MQA_FastPath\A&B\server_A_FP_ON_MQA_ON_k4.log","server","A_FP_ON_MQA_ON","4","multi_step_stream_outputs","46","True"
"A&B","C:\Users\407407\Desktop\vllm\github\MQA_FastPath\A&B\server_A_FP_ON_MQA_ON_k4.log","server","A_FP_ON_MQA_ON","4","n","766","1"
"A&B","C:\Users\407407\Desktop\vllm\github\MQA_FastPath\A&B\server_A_FP_ON_MQA_ON_k4.log","server","A_FP_ON_MQA_ON","4","name","326","""file-name""><br>\n"
"A&B","C:\Users\407407\Desktop\vllm\github\MQA_FastPath\A&B\server_A_FP_ON_MQA_ON_k4.log","server","A_FP_ON_MQA_ON","4","new_protected_value","471","\'other\'"
"A&B","C:\Users\407407\Desktop\vllm\github\MQA_FastPath\A&B\server_A_FP_ON_MQA_ON_k4.log","server","A_FP_ON_MQA_ON","4","ntext","299","[\'Dear   Support   team, \\\\n\\\\nRequest   you   to   please   install   VM   ware   Horizon   client   for  access to   client system.   Attaching   document   received   from   client   (Alix   partners)   for reference.\\\\n\\\\nclient   URL: https://portal.alixpartners.com\\\\nVMare-Horizon-Client-2212-8.8.-21079405\\\\n\\\\Thanks,InSrikanth   P\',\n""I   am   logging   this   request   on  be   half   of  Mahendra   Posham,   he   is   from  my   team.   he   is   facing   error   while setting   up  his   laptop.he   is facing   \'The  securtiy   database   on  the   server   does   not   have  a  computer account   for this   workstatition   trust   relationship\'   error   .     I   have   provided   his   no  below   can  you   plese call   him   up  to   understand   the   issue.    \\\\nhis   email   I\'d   is posham.mahendra\\\\n   laptopID:   ITL-HW-LAPTOP脗\\x95\\n000000441525  \\\\nmobile   no:  9573607244    \\\\n   "",\n\'Hi   there\n```', params: SamplingParams(n=1, presence_penalty=0.0, frequency_penalty=0.0, repetition_penalty=1.0, temperature=0.0, top_p=1.0, top_k=0, min_p=0.0, seed=None, stop=[]"
"A&B","C:\Users\407407\Desktop\vllm\github\MQA_FastPath\A&B\server_A_FP_ON_MQA_ON_k4.log","server","A_FP_ON_MQA_ON","4","num_scheduler_steps","46","1"
"A&B","C:\Users\407407\Desktop\vllm\github\MQA_FastPath\A&B\server_A_FP_ON_MQA_ON_k4.log","server","A_FP_ON_MQA_ON","4","num_spec_tokens","46","4)"
"A&B","C:\Users\407407\Desktop\vllm\github\MQA_FastPath\A&B\server_A_FP_ON_MQA_ON_k4.log","server","A_FP_ON_MQA_ON","4","observability_config","46","ObservabilityConfig(show_hidden_metrics_for_version=None"
"A&B","C:\Users\407407\Desktop\vllm\github\MQA_FastPath\A&B\server_A_FP_ON_MQA_ON_k4.log","server","A_FP_ON_MQA_ON","4","otlp_traces_endpoint","46","None"
"A&B","C:\Users\407407\Desktop\vllm\github\MQA_FastPath\A&B\server_A_FP_ON_MQA_ON_k4.log","server","A_FP_ON_MQA_ON","4","override_neuron_config","46","{}"
"A&B","C:\Users\407407\Desktop\vllm\github\MQA_FastPath\A&B\server_A_FP_ON_MQA_ON_k4.log","server","A_FP_ON_MQA_ON","4","overwrite","605","true)"";\n\nusing"
"A&B","C:\Users\407407\Desktop\vllm\github\MQA_FastPath\A&B\server_A_FP_ON_MQA_ON_k4.log","server","A_FP_ON_MQA_ON","4","overwrites","746","{ctx.guild.default_role:"
"A&B","C:\Users\407407\Desktop\vllm\github\MQA_FastPath\A&B\server_A_FP_ON_MQA_ON_k4.log","server","A_FP_ON_MQA_ON","4","path","215","""/"""
"A&B","C:\Users\407407\Desktop\vllm\github\MQA_FastPath\A&B\server_A_FP_ON_MQA_ON_k4.log","server","A_FP_ON_MQA_ON","4","pipeline_parallel_size","46","1"
"A&B","C:\Users\407407\Desktop\vllm\github\MQA_FastPath\A&B\server_A_FP_ON_MQA_ON_k4.log","server","A_FP_ON_MQA_ON","4","pooler_config","46","None"
"A&B","C:\Users\407407\Desktop\vllm\github\MQA_FastPath\A&B\server_A_FP_ON_MQA_ON_k4.log","server","A_FP_ON_MQA_ON","4","pos2","873","0.2581"
"A&B","C:\Users\407407\Desktop\vllm\github\MQA_FastPath\A&B\server_A_FP_ON_MQA_ON_k4.log","server","A_FP_ON_MQA_ON","4","pos3","873","0.2581"
"A&B","C:\Users\407407\Desktop\vllm\github\MQA_FastPath\A&B\server_A_FP_ON_MQA_ON_k4.log","server","A_FP_ON_MQA_ON","4","pos4","873","0.2581"
"A&B","C:\Users\407407\Desktop\vllm\github\MQA_FastPath\A&B\server_A_FP_ON_MQA_ON_k4.log","server","A_FP_ON_MQA_ON","4","presence_penalty","766","0.0"
"A&B","C:\Users\407407\Desktop\vllm\github\MQA_FastPath\A&B\server_A_FP_ON_MQA_ON_k4.log","server","A_FP_ON_MQA_ON","4","prompt_logprobs","766","None"
"A&B","C:\Users\407407\Desktop\vllm\github\MQA_FastPath\A&B\server_A_FP_ON_MQA_ON_k4.log","server","A_FP_ON_MQA_ON","4","proposer","50","<class 'vllm.spec_decode.multi_step_worker.MultiStepWorker'>"
"A&B","C:\Users\407407\Desktop\vllm\github\MQA_FastPath\A&B\server_A_FP_ON_MQA_ON_k4.log","server","A_FP_ON_MQA_ON","4","protected_attribute","471","\'gender\'"
"A&B","C:\Users\407407\Desktop\vllm\github\MQA_FastPath\A&B\server_A_FP_ON_MQA_ON_k4.log","server","A_FP_ON_MQA_ON","4","q","873","31"
"A&B","C:\Users\407407\Desktop\vllm\github\MQA_FastPath\A&B\server_A_FP_ON_MQA_ON_k4.log","server","A_FP_ON_MQA_ON","4","quantization","46","None"
"A&B","C:\Users\407407\Desktop\vllm\github\MQA_FastPath\A&B\server_A_FP_ON_MQA_ON_k4.log","server","A_FP_ON_MQA_ON","4","reasoning_backend","46","'')"
"A&B","C:\Users\407407\Desktop\vllm\github\MQA_FastPath\A&B\server_A_FP_ON_MQA_ON_k4.log","server","A_FP_ON_MQA_ON","4","repetition_penalty","766","1.0"
"A&B","C:\Users\407407\Desktop\vllm\github\MQA_FastPath\A&B\server_A_FP_ON_MQA_ON_k4.log","server","A_FP_ON_MQA_ON","4","revision","46","None"
"A&B","C:\Users\407407\Desktop\vllm\github\MQA_FastPath\A&B\server_A_FP_ON_MQA_ON_k4.log","server","A_FP_ON_MQA_ON","4","runner_cls","48","<class 'vllm_ascend.worker.draft_model_runner.TP1DraftModelRunner'>"
"A&B","C:\Users\407407\Desktop\vllm\github\MQA_FastPath\A&B\server_A_FP_ON_MQA_ON_k4.log","server","A_FP_ON_MQA_ON","4","sample_len","125","4"
"A&B","C:\Users\407407\Desktop\vllm\github\MQA_FastPath\A&B\server_A_FP_ON_MQA_ON_k4.log","server","A_FP_ON_MQA_ON","4","sampler","52","<class 'vllm.model_executor.layers.rejection_sampler.RejectionSampler'>"
"A&B","C:\Users\407407\Desktop\vllm\github\MQA_FastPath\A&B\server_A_FP_ON_MQA_ON_k4.log","server","A_FP_ON_MQA_ON","4","schedule","177","60"
"A&B","C:\Users\407407\Desktop\vllm\github\MQA_FastPath\A&B\server_A_FP_ON_MQA_ON_k4.log","server","A_FP_ON_MQA_ON","4","scoring_time_ms","908","60.61"
"A&B","C:\Users\407407\Desktop\vllm\github\MQA_FastPath\A&B\server_A_FP_ON_MQA_ON_k4.log","server","A_FP_ON_MQA_ON","4","seed","766","None"
"A&B","C:\Users\407407\Desktop\vllm\github\MQA_FastPath\A&B\server_A_FP_ON_MQA_ON_k4.log","server","A_FP_ON_MQA_ON","4","send_messages","746","False"
"A&B","C:\Users\407407\Desktop\vllm\github\MQA_FastPath\A&B\server_A_FP_ON_MQA_ON_k4.log","server","A_FP_ON_MQA_ON","4","served_model_name","46","qwen3-8B"
"A&B","C:\Users\407407\Desktop\vllm\github\MQA_FastPath\A&B\server_A_FP_ON_MQA_ON_k4.log","server","A_FP_ON_MQA_ON","4","skip_special_tokens","766","True"
"A&B","C:\Users\407407\Desktop\vllm\github\MQA_FastPath\A&B\server_A_FP_ON_MQA_ON_k4.log","server","A_FP_ON_MQA_ON","4","skip_tokenizer_init","46","False"
"A&B","C:\Users\407407\Desktop\vllm\github\MQA_FastPath\A&B\server_A_FP_ON_MQA_ON_k4.log","server","A_FP_ON_MQA_ON","4","spaces_between_special_tokens","766","True"
"A&B","C:\Users\407407\Desktop\vllm\github\MQA_FastPath\A&B\server_A_FP_ON_MQA_ON_k4.log","server","A_FP_ON_MQA_ON","4","speculative_config","46","SpeculativeConfig(method='draft_model'"
"A&B","C:\Users\407407\Desktop\vllm\github\MQA_FastPath\A&B\server_A_FP_ON_MQA_ON_k4.log","server","A_FP_ON_MQA_ON","4","step_accept","917","[1.0, 0.9474]"
"A&B","C:\Users\407407\Desktop\vllm\github\MQA_FastPath\A&B\server_A_FP_ON_MQA_ON_k4.log","server","A_FP_ON_MQA_ON","4","stop","766","[]"
"A&B","C:\Users\407407\Desktop\vllm\github\MQA_FastPath\A&B\server_A_FP_ON_MQA_ON_k4.log","server","A_FP_ON_MQA_ON","4","stop_token_ids","766","[]"
"A&B","C:\Users\407407\Desktop\vllm\github\MQA_FastPath\A&B\server_A_FP_ON_MQA_ON_k4.log","server","A_FP_ON_MQA_ON","4","supports_gpu_multi_step","126","True"
"A&B","C:\Users\407407\Desktop\vllm\github\MQA_FastPath\A&B\server_A_FP_ON_MQA_ON_k4.log","server","A_FP_ON_MQA_ON","4","switch_per_min","919","10.2252"
"A&B","C:\Users\407407\Desktop\vllm\github\MQA_FastPath\A&B\server_A_FP_ON_MQA_ON_k4.log","server","A_FP_ON_MQA_ON","4","target_tp","48","1"
"A&B","C:\Users\407407\Desktop\vllm\github\MQA_FastPath\A&B\server_A_FP_ON_MQA_ON_k4.log","server","A_FP_ON_MQA_ON","4","temperature","766","0.0"
"A&B","C:\Users\407407\Desktop\vllm\github\MQA_FastPath\A&B\server_A_FP_ON_MQA_ON_k4.log","server","A_FP_ON_MQA_ON","4","tensor_parallel_size","46","1"
"A&B","C:\Users\407407\Desktop\vllm\github\MQA_FastPath\A&B\server_A_FP_ON_MQA_ON_k4.log","server","A_FP_ON_MQA_ON","4","threshold","471","0.5):\n"
"A&B","C:\Users\407407\Desktop\vllm\github\MQA_FastPath\A&B\server_A_FP_ON_MQA_ON_k4.log","server","A_FP_ON_MQA_ON","4","throughput_tps","918","222.893"
"A&B","C:\Users\407407\Desktop\vllm\github\MQA_FastPath\A&B\server_A_FP_ON_MQA_ON_k4.log","server","A_FP_ON_MQA_ON","4","to","215","""/"">\n"
"A&B","C:\Users\407407\Desktop\vllm\github\MQA_FastPath\A&B\server_A_FP_ON_MQA_ON_k4.log","server","A_FP_ON_MQA_ON","4","tokenizer","46","'/mnt/ky2307909/siyuan.tong/Qwen3-8B'"
"A&B","C:\Users\407407\Desktop\vllm\github\MQA_FastPath\A&B\server_A_FP_ON_MQA_ON_k4.log","server","A_FP_ON_MQA_ON","4","tokenizer_mode","46","auto"
"A&B","C:\Users\407407\Desktop\vllm\github\MQA_FastPath\A&B\server_A_FP_ON_MQA_ON_k4.log","server","A_FP_ON_MQA_ON","4","tokenizer_revision","46","None"
"A&B","C:\Users\407407\Desktop\vllm\github\MQA_FastPath\A&B\server_A_FP_ON_MQA_ON_k4.log","server","A_FP_ON_MQA_ON","4","top_k","766","0"
"A&B","C:\Users\407407\Desktop\vllm\github\MQA_FastPath\A&B\server_A_FP_ON_MQA_ON_k4.log","server","A_FP_ON_MQA_ON","4","top_p","766","1.0"
"A&B","C:\Users\407407\Desktop\vllm\github\MQA_FastPath\A&B\server_A_FP_ON_MQA_ON_k4.log","server","A_FP_ON_MQA_ON","4","truncate_prompt_tokens","766","None"
"A&B","C:\Users\407407\Desktop\vllm\github\MQA_FastPath\A&B\server_A_FP_ON_MQA_ON_k4.log","server","A_FP_ON_MQA_ON","4","trust_remote_code","46","True"
"A&B","C:\Users\407407\Desktop\vllm\github\MQA_FastPath\A&B\server_A_FP_ON_MQA_ON_k4.log","server","A_FP_ON_MQA_ON","4","type","326","""text"""
"A&B","C:\Users\407407\Desktop\vllm\github\MQA_FastPath\A&B\server_A_FP_ON_MQA_ON_k4.log","server","A_FP_ON_MQA_ON","4","url","605","\'your-file-name.txt\'"
"A&B","C:\Users\407407\Desktop\vllm\github\MQA_FastPath\A&B\server_A_FP_ON_MQA_ON_k4.log","server","A_FP_ON_MQA_ON","4","use_async_output_proc","46","False"
"A&B","C:\Users\407407\Desktop\vllm\github\MQA_FastPath\A&B\server_A_FP_ON_MQA_ON_k4.log","server","A_FP_ON_MQA_ON","4","use_cached_outputs","46","True"
"A&B","C:\Users\407407\Desktop\vllm\github\MQA_FastPath\A&B\server_A_FP_ON_MQA_ON_k4.log","server","A_FP_ON_MQA_ON","4","value","326","""Download"">\n</form>\n```\nThis"
"A&B","C:\Users\407407\Desktop\vllm\github\MQA_FastPath\A&B\server_A_FP_ON_MQA_ON_k4.log","server","A_FP_ON_MQA_ON","4","variant","215","""primary"">Post</Button>\n"
"A&B","C:\Users\407407\Desktop\vllm\github\MQA_FastPath\A&B\server_A_FP_ON_MQA_ON_k4.log","server","A_FP_ON_MQA_ON","4","verification_time_ms","908","5.35"
"A&B","C:\Users\407407\Desktop\vllm\github\MQA_FastPath\A&B\server_A_FP_ON_MQA_ON_k4.log","server","A_FP_ON_MQA_ON","4","view_channel","746","False)"
"A&B","C:\Users\407407\Desktop\vllm\github\MQA_FastPath\A&B\server_A_FP_ON_MQA_ON_k4.log","server","A_FP_ON_MQA_ON","4","vpcs","252","[]"
"A&B","C:\Users\407407\Desktop\vllm\github\MQA_FastPath\A&B\server_A_FP_ON_MQA_ON_k4.log","server","A_FP_ON_MQA_ON","4","W","627","X+Y'"
"A&B","C:\Users\407407\Desktop\vllm\github\MQA_FastPath\A&B\server_A_FP_ON_MQA_ON_k4.log","server","A_FP_ON_MQA_ON","4","waste","873","0.4946"
"A&B","C:\Users\407407\Desktop\vllm\github\MQA_FastPath\A&B\server_A_FP_ON_MQA_ON_k4.log","server","A_FP_ON_MQA_ON","4","waste_ratio","917","0.0263"
"A&B","C:\Users\407407\Desktop\vllm\github\MQA_FastPath\A&B\server_A_FP_ON_MQA_ON_k8.log","server","A_FP_ON_MQA_ON","8","_id","250","request\\_id\n"
"A&B","C:\Users\407407\Desktop\vllm\github\MQA_FastPath\A&B\server_A_FP_ON_MQA_ON_k8.log","server","A_FP_ON_MQA_ON","8","_name","250","""vpc-xaas"",\n"
"A&B","C:\Users\407407\Desktop\vllm\github\MQA_FastPath\A&B\server_A_FP_ON_MQA_ON_k8.log","server","A_FP_ON_MQA_ON","8","_node","765","2]""\n"
"A&B","C:\Users\407407\Desktop\vllm\github\MQA_FastPath\A&B\server_A_FP_ON_MQA_ON_k8.log","server","A_FP_ON_MQA_ON","8","_type","250","project\\_type,\n"
"A&B","C:\Users\407407\Desktop\vllm\github\MQA_FastPath\A&B\server_A_FP_ON_MQA_ON_k8.log","server","A_FP_ON_MQA_ON","8","accept","899","0.8047"
"A&B","C:\Users\407407\Desktop\vllm\github\MQA_FastPath\A&B\server_A_FP_ON_MQA_ON_k8.log","server","A_FP_ON_MQA_ON","8","accept_no_hs","899","0.8047"
"A&B","C:\Users\407407\Desktop\vllm\github\MQA_FastPath\A&B\server_A_FP_ON_MQA_ON_k8.log","server","A_FP_ON_MQA_ON","8","accept_with_hs","899","0.0000"
"A&B","C:\Users\407407\Desktop\vllm\github\MQA_FastPath\A&B\server_A_FP_ON_MQA_ON_k8.log","server","A_FP_ON_MQA_ON","8","as","210","{Link}"
"A&B","C:\Users\407407\Desktop\vllm\github\MQA_FastPath\A&B\server_A_FP_ON_MQA_ON_k8.log","server","A_FP_ON_MQA_ON","8","average_time_per_proposal_tok_ms","902","63.05"
"A&B","C:\Users\407407\Desktop\vllm\github\MQA_FastPath\A&B\server_A_FP_ON_MQA_ON_k8.log","server","A_FP_ON_MQA_ON","8","avg_execute_total_ms","884","68.09"
"A&B","C:\Users\407407\Desktop\vllm\github\MQA_FastPath\A&B\server_A_FP_ON_MQA_ON_k8.log","server","A_FP_ON_MQA_ON","8","avg_forward_ms","884","61.47"
"A&B","C:\Users\407407\Desktop\vllm\github\MQA_FastPath\A&B\server_A_FP_ON_MQA_ON_k8.log","server","A_FP_ON_MQA_ON","8","avg_logits_ms","884","1.57"
"A&B","C:\Users\407407\Desktop\vllm\github\MQA_FastPath\A&B\server_A_FP_ON_MQA_ON_k8.log","server","A_FP_ON_MQA_ON","8","avg_sampler_ms","884","5.00"
"A&B","C:\Users\407407\Desktop\vllm\github\MQA_FastPath\A&B\server_A_FP_ON_MQA_ON_k8.log","server","A_FP_ON_MQA_ON","8","axis","470","1)\n"
"A&B","C:\Users\407407\Desktop\vllm\github\MQA_FastPath\A&B\server_A_FP_ON_MQA_ON_k8.log","server","A_FP_ON_MQA_ON","8","backend","53","ASCEND"
"A&B","C:\Users\407407\Desktop\vllm\github\MQA_FastPath\A&B\server_A_FP_ON_MQA_ON_k8.log","server","A_FP_ON_MQA_ON","8","bad_words","766","[]"
"A&B","C:\Users\407407\Desktop\vllm\github\MQA_FastPath\A&B\server_A_FP_ON_MQA_ON_k8.log","server","A_FP_ON_MQA_ON","8","bg","210","""light"""
"A&B","C:\Users\407407\Desktop\vllm\github\MQA_FastPath\A&B\server_A_FP_ON_MQA_ON_k8.log","server","A_FP_ON_MQA_ON","8","cap","904","4)"
"A&B","C:\Users\407407\Desktop\vllm\github\MQA_FastPath\A&B\server_A_FP_ON_MQA_ON_k8.log","server","A_FP_ON_MQA_ON","8","capability","53","ASCEND,FLASH_ATTN)."
"A&B","C:\Users\407407\Desktop\vllm\github\MQA_FastPath\A&B\server_A_FP_ON_MQA_ON_k8.log","server","A_FP_ON_MQA_ON","8","category","743","None"
"A&B","C:\Users\407407\Desktop\vllm\github\MQA_FastPath\A&B\server_A_FP_ON_MQA_ON_k8.log","server","A_FP_ON_MQA_ON","8","chunked_prefill_enabled","46","False"
"A&B","C:\Users\407407\Desktop\vllm\github\MQA_FastPath\A&B\server_A_FP_ON_MQA_ON_k8.log","server","A_FP_ON_MQA_ON","8","className","210","""py-3"">\n"
"A&B","C:\Users\407407\Desktop\vllm\github\MQA_FastPath\A&B\server_A_FP_ON_MQA_ON_k8.log","server","A_FP_ON_MQA_ON","8","collect_detailed_traces","46","None)"
"A&B","C:\Users\407407\Desktop\vllm\github\MQA_FastPath\A&B\server_A_FP_ON_MQA_ON_k8.log","server","A_FP_ON_MQA_ON","8","compilation_config","46","{""level"":0,""debug_dump_path"":"""",""cache_dir"":"""",""backend"":"""",""custom_ops"":[],""splitting_ops"":[],""use_inductor"":true,""compile_sizes"":[],""inductor_compile_config"":{},""inductor_passes"":{},""use_cudagraph"":false,""cudagraph_num_of_warmups"":0,""cudagraph_capture_sizes"":[],""cudagraph_copy_inputs"":false,""full_cuda_graph"":false,""max_capture_size"":0,""local_cache_dir"":null}"
"A&B","C:\Users\407407\Desktop\vllm\github\MQA_FastPath\A&B\server_A_FP_ON_MQA_ON_k8.log","server","A_FP_ON_MQA_ON","8","count","884","350"
"A&B","C:\Users\407407\Desktop\vllm\github\MQA_FastPath\A&B\server_A_FP_ON_MQA_ON_k8.log","server","A_FP_ON_MQA_ON","8","decoding_config","46","DecodingConfig(backend='xgrammar'"
"A&B","C:\Users\407407\Desktop\vllm\github\MQA_FastPath\A&B\server_A_FP_ON_MQA_ON_k8.log","server","A_FP_ON_MQA_ON","8","description","250","f""XaaS"
"A&B","C:\Users\407407\Desktop\vllm\github\MQA_FastPath\A&B\server_A_FP_ON_MQA_ON_k8.log","server","A_FP_ON_MQA_ON","8","device_config","46","npu"
"A&B","C:\Users\407407\Desktop\vllm\github\MQA_FastPath\A&B\server_A_FP_ON_MQA_ON_k8.log","server","A_FP_ON_MQA_ON","8","disable_additional_properties","46","False"
"A&B","C:\Users\407407\Desktop\vllm\github\MQA_FastPath\A&B\server_A_FP_ON_MQA_ON_k8.log","server","A_FP_ON_MQA_ON","8","disable_any_whitespace","46","False"
"A&B","C:\Users\407407\Desktop\vllm\github\MQA_FastPath\A&B\server_A_FP_ON_MQA_ON_k8.log","server","A_FP_ON_MQA_ON","8","disable_custom_all_reduce","46","True"
"A&B","C:\Users\407407\Desktop\vllm\github\MQA_FastPath\A&B\server_A_FP_ON_MQA_ON_k8.log","server","A_FP_ON_MQA_ON","8","disable_fallback","46","False"
"A&B","C:\Users\407407\Desktop\vllm\github\MQA_FastPath\A&B\server_A_FP_ON_MQA_ON_k8.log","server","A_FP_ON_MQA_ON","8","download_dir","46","None"
"A&B","C:\Users\407407\Desktop\vllm\github\MQA_FastPath\A&B\server_A_FP_ON_MQA_ON_k8.log","server","A_FP_ON_MQA_ON","8","draft_tp","48","1"
"A&B","C:\Users\407407\Desktop\vllm\github\MQA_FastPath\A&B\server_A_FP_ON_MQA_ON_k8.log","server","A_FP_ON_MQA_ON","8","dtype","46","torch.bfloat16"
"A&B","C:\Users\407407\Desktop\vllm\github\MQA_FastPath\A&B\server_A_FP_ON_MQA_ON_k8.log","server","A_FP_ON_MQA_ON","8","element","210","{<Home"
"A&B","C:\Users\407407\Desktop\vllm\github\MQA_FastPath\A&B\server_A_FP_ON_MQA_ON_k8.log","server","A_FP_ON_MQA_ON","8","enable_prefix_caching","46","None"
"A&B","C:\Users\407407\Desktop\vllm\github\MQA_FastPath\A&B\server_A_FP_ON_MQA_ON_k8.log","server","A_FP_ON_MQA_ON","8","enforce_eager","46","True"
"A&B","C:\Users\407407\Desktop\vllm\github\MQA_FastPath\A&B\server_A_FP_ON_MQA_ON_k8.log","server","A_FP_ON_MQA_ON","8","extra_args","766","None)"
"A&B","C:\Users\407407\Desktop\vllm\github\MQA_FastPath\A&B\server_A_FP_ON_MQA_ON_k8.log","server","A_FP_ON_MQA_ON","8","fail_adapter","125","0"
"A&B","C:\Users\407407\Desktop\vllm\github\MQA_FastPath\A&B\server_A_FP_ON_MQA_ON_k8.log","server","A_FP_ON_MQA_ON","8","fail_backend","125","0"
"A&B","C:\Users\407407\Desktop\vllm\github\MQA_FastPath\A&B\server_A_FP_ON_MQA_ON_k8.log","server","A_FP_ON_MQA_ON","8","fail_disabled","125","0"
"A&B","C:\Users\407407\Desktop\vllm\github\MQA_FastPath\A&B\server_A_FP_ON_MQA_ON_k8.log","server","A_FP_ON_MQA_ON","8","fail_lora","125","0"
"A&B","C:\Users\407407\Desktop\vllm\github\MQA_FastPath\A&B\server_A_FP_ON_MQA_ON_k8.log","server","A_FP_ON_MQA_ON","8","fail_prompt","125","0"
"A&B","C:\Users\407407\Desktop\vllm\github\MQA_FastPath\A&B\server_A_FP_ON_MQA_ON_k8.log","server","A_FP_ON_MQA_ON","8","fixed","210","""top"""
"A&B","C:\Users\407407\Desktop\vllm\github\MQA_FastPath\A&B\server_A_FP_ON_MQA_ON_k8.log","server","A_FP_ON_MQA_ON","8","for","327","""file-name"">File"
"A&B","C:\Users\407407\Desktop\vllm\github\MQA_FastPath\A&B\server_A_FP_ON_MQA_ON_k8.log","server","A_FP_ON_MQA_ON","8","frequency_penalty","766","0.0"
"A&B","C:\Users\407407\Desktop\vllm\github\MQA_FastPath\A&B\server_A_FP_ON_MQA_ON_k8.log","server","A_FP_ON_MQA_ON","8","guided_decoding","766","None"
"A&B","C:\Users\407407\Desktop\vllm\github\MQA_FastPath\A&B\server_A_FP_ON_MQA_ON_k8.log","server","A_FP_ON_MQA_ON","8","high_k_occ","900","0.0613"
"A&B","C:\Users\407407\Desktop\vllm\github\MQA_FastPath\A&B\server_A_FP_ON_MQA_ON_k8.log","server","A_FP_ON_MQA_ON","8","hist","900","2:143,3:148,4:19"
"A&B","C:\Users\407407\Desktop\vllm\github\MQA_FastPath\A&B\server_A_FP_ON_MQA_ON_k8.log","server","A_FP_ON_MQA_ON","8","hs_ratio","899","0.0000"
"A&B","C:\Users\407407\Desktop\vllm\github\MQA_FastPath\A&B\server_A_FP_ON_MQA_ON_k8.log","server","A_FP_ON_MQA_ON","8","id","327","""file-name"""
"A&B","C:\Users\407407\Desktop\vllm\github\MQA_FastPath\A&B\server_A_FP_ON_MQA_ON_k8.log","server","A_FP_ON_MQA_ON","8","ignore_eos","766","False"
"A&B","C:\Users\407407\Desktop\vllm\github\MQA_FastPath\A&B\server_A_FP_ON_MQA_ON_k8.log","server","A_FP_ON_MQA_ON","8","include_stop_str_in_output","766","False"
"A&B","C:\Users\407407\Desktop\vllm\github\MQA_FastPath\A&B\server_A_FP_ON_MQA_ON_k8.log","server","A_FP_ON_MQA_ON","8","is_tp1_runner","124","True"
"A&B","C:\Users\407407\Desktop\vllm\github\MQA_FastPath\A&B\server_A_FP_ON_MQA_ON_k8.log","server","A_FP_ON_MQA_ON","8","iter_p95","899","325.743"
"A&B","C:\Users\407407\Desktop\vllm\github\MQA_FastPath\A&B\server_A_FP_ON_MQA_ON_k8.log","server","A_FP_ON_MQA_ON","8","k","901","3"
"A&B","C:\Users\407407\Desktop\vllm\github\MQA_FastPath\A&B\server_A_FP_ON_MQA_ON_k8.log","server","A_FP_ON_MQA_ON","8","kv_cache_dtype","46","auto"
"A&B","C:\Users\407407\Desktop\vllm\github\MQA_FastPath\A&B\server_A_FP_ON_MQA_ON_k8.log","server","A_FP_ON_MQA_ON","8","load_format","46","auto"
"A&B","C:\Users\407407\Desktop\vllm\github\MQA_FastPath\A&B\server_A_FP_ON_MQA_ON_k8.log","server","A_FP_ON_MQA_ON","8","logprobs","766","None"
"A&B","C:\Users\407407\Desktop\vllm\github\MQA_FastPath\A&B\server_A_FP_ON_MQA_ON_k8.log","server","A_FP_ON_MQA_ON","8","low","765","66%]"
"A&B","C:\Users\407407\Desktop\vllm\github\MQA_FastPath\A&B\server_A_FP_ON_MQA_ON_k8.log","server","A_FP_ON_MQA_ON","8","max_seq_len","46","8192"
"A&B","C:\Users\407407\Desktop\vllm\github\MQA_FastPath\A&B\server_A_FP_ON_MQA_ON_k8.log","server","A_FP_ON_MQA_ON","8","max_tokens","766","593"
"A&B","C:\Users\407407\Desktop\vllm\github\MQA_FastPath\A&B\server_A_FP_ON_MQA_ON_k8.log","server","A_FP_ON_MQA_ON","8","min_p","766","0.0"
"A&B","C:\Users\407407\Desktop\vllm\github\MQA_FastPath\A&B\server_A_FP_ON_MQA_ON_k8.log","server","A_FP_ON_MQA_ON","8","min_tokens","766","0"
"A&B","C:\Users\407407\Desktop\vllm\github\MQA_FastPath\A&B\server_A_FP_ON_MQA_ON_k8.log","server","A_FP_ON_MQA_ON","8","model","46","'/mnt/ky2307909/siyuan.tong/Qwen3-8B'"
"A&B","C:\Users\407407\Desktop\vllm\github\MQA_FastPath\A&B\server_A_FP_ON_MQA_ON_k8.log","server","A_FP_ON_MQA_ON","8","model_runner","124","<class 'vllm_ascend.worker.draft_model_runner.TP1DraftModelRunner'>"
"A&B","C:\Users\407407\Desktop\vllm\github\MQA_FastPath\A&B\server_A_FP_ON_MQA_ON_k8.log","server","A_FP_ON_MQA_ON","8","model_type","48","qwen3)"
"A&B","C:\Users\407407\Desktop\vllm\github\MQA_FastPath\A&B\server_A_FP_ON_MQA_ON_k8.log","server","A_FP_ON_MQA_ON","8","ms_hit","125","1"
"A&B","C:\Users\407407\Desktop\vllm\github\MQA_FastPath\A&B\server_A_FP_ON_MQA_ON_k8.log","server","A_FP_ON_MQA_ON","8","ms_total","125","1"
"A&B","C:\Users\407407\Desktop\vllm\github\MQA_FastPath\A&B\server_A_FP_ON_MQA_ON_k8.log","server","A_FP_ON_MQA_ON","8","multi_step_stream_outputs","46","True"
"A&B","C:\Users\407407\Desktop\vllm\github\MQA_FastPath\A&B\server_A_FP_ON_MQA_ON_k8.log","server","A_FP_ON_MQA_ON","8","n","766","1"
"A&B","C:\Users\407407\Desktop\vllm\github\MQA_FastPath\A&B\server_A_FP_ON_MQA_ON_k8.log","server","A_FP_ON_MQA_ON","8","name","327","""file-name""><br>\n"
"A&B","C:\Users\407407\Desktop\vllm\github\MQA_FastPath\A&B\server_A_FP_ON_MQA_ON_k8.log","server","A_FP_ON_MQA_ON","8","new_protected_value","470","\'other\'"
"A&B","C:\Users\407407\Desktop\vllm\github\MQA_FastPath\A&B\server_A_FP_ON_MQA_ON_k8.log","server","A_FP_ON_MQA_ON","8","ntext","300","[\'Dear   Support   team, \\\\n\\\\nRequest   you   to   please   install   VM   ware   Horizon   client   for  access to   client system.   Attaching   document   received   from   client   (Alix   partners)   for reference.\\\\n\\\\nclient   URL: https://portal.alixpartners.com\\\\nVMare-Horizon-Client-2212-8.8.-21079405\\\\n\\\\Thanks,InSrikanth   P\',\n""I   am   logging   this   request   on  be   half   of  Mahendra   Posham,   he   is   from  my   team.   he   is   facing   error   while setting   up  his   laptop.he   is facing   \'The  securtiy   database   on  the   server   does   not   have  a  computer account   for this   workstatition   trust   relationship\'   error   .     I   have   provided   his   no  below   can  you   plese call   him   up  to   understand   the   issue.    \\\\nhis   email   I\'d   is posham.mahendra\\\\n   laptopID:   ITL-HW-LAPTOP脗\\x95\\n000000441525  \\\\nmobile   no:  9573607244    \\\\n   "",\n\'Hi   there\n```', params: SamplingParams(n=1, presence_penalty=0.0, frequency_penalty=0.0, repetition_penalty=1.0, temperature=0.0, top_p=1.0, top_k=0, min_p=0.0, seed=None, stop=[]"
"A&B","C:\Users\407407\Desktop\vllm\github\MQA_FastPath\A&B\server_A_FP_ON_MQA_ON_k8.log","server","A_FP_ON_MQA_ON","8","num_scheduler_steps","46","1"
"A&B","C:\Users\407407\Desktop\vllm\github\MQA_FastPath\A&B\server_A_FP_ON_MQA_ON_k8.log","server","A_FP_ON_MQA_ON","8","num_spec_tokens","46","8)"
"A&B","C:\Users\407407\Desktop\vllm\github\MQA_FastPath\A&B\server_A_FP_ON_MQA_ON_k8.log","server","A_FP_ON_MQA_ON","8","observability_config","46","ObservabilityConfig(show_hidden_metrics_for_version=None"
"A&B","C:\Users\407407\Desktop\vllm\github\MQA_FastPath\A&B\server_A_FP_ON_MQA_ON_k8.log","server","A_FP_ON_MQA_ON","8","otlp_traces_endpoint","46","None"
"A&B","C:\Users\407407\Desktop\vllm\github\MQA_FastPath\A&B\server_A_FP_ON_MQA_ON_k8.log","server","A_FP_ON_MQA_ON","8","override_neuron_config","46","{}"
"A&B","C:\Users\407407\Desktop\vllm\github\MQA_FastPath\A&B\server_A_FP_ON_MQA_ON_k8.log","server","A_FP_ON_MQA_ON","8","overwrite","604","true)"";\n\nusing"
"A&B","C:\Users\407407\Desktop\vllm\github\MQA_FastPath\A&B\server_A_FP_ON_MQA_ON_k8.log","server","A_FP_ON_MQA_ON","8","overwrites","743","{ctx.guild.default_role:"
"A&B","C:\Users\407407\Desktop\vllm\github\MQA_FastPath\A&B\server_A_FP_ON_MQA_ON_k8.log","server","A_FP_ON_MQA_ON","8","path","210","""/"""
"A&B","C:\Users\407407\Desktop\vllm\github\MQA_FastPath\A&B\server_A_FP_ON_MQA_ON_k8.log","server","A_FP_ON_MQA_ON","8","pipeline_parallel_size","46","1"
"A&B","C:\Users\407407\Desktop\vllm\github\MQA_FastPath\A&B\server_A_FP_ON_MQA_ON_k8.log","server","A_FP_ON_MQA_ON","8","pooler_config","46","None"
"A&B","C:\Users\407407\Desktop\vllm\github\MQA_FastPath\A&B\server_A_FP_ON_MQA_ON_k8.log","server","A_FP_ON_MQA_ON","8","pos2","903","1.0000"
"A&B","C:\Users\407407\Desktop\vllm\github\MQA_FastPath\A&B\server_A_FP_ON_MQA_ON_k8.log","server","A_FP_ON_MQA_ON","8","pos3","903","0.0000"
"A&B","C:\Users\407407\Desktop\vllm\github\MQA_FastPath\A&B\server_A_FP_ON_MQA_ON_k8.log","server","A_FP_ON_MQA_ON","8","pos4","903","0.0000"
"A&B","C:\Users\407407\Desktop\vllm\github\MQA_FastPath\A&B\server_A_FP_ON_MQA_ON_k8.log","server","A_FP_ON_MQA_ON","8","presence_penalty","766","0.0"
"A&B","C:\Users\407407\Desktop\vllm\github\MQA_FastPath\A&B\server_A_FP_ON_MQA_ON_k8.log","server","A_FP_ON_MQA_ON","8","prompt_logprobs","766","None"
"A&B","C:\Users\407407\Desktop\vllm\github\MQA_FastPath\A&B\server_A_FP_ON_MQA_ON_k8.log","server","A_FP_ON_MQA_ON","8","proposer","50","<class 'vllm.spec_decode.multi_step_worker.MultiStepWorker'>"
"A&B","C:\Users\407407\Desktop\vllm\github\MQA_FastPath\A&B\server_A_FP_ON_MQA_ON_k8.log","server","A_FP_ON_MQA_ON","8","protected_attribute","470","\'gender\'"
"A&B","C:\Users\407407\Desktop\vllm\github\MQA_FastPath\A&B\server_A_FP_ON_MQA_ON_k8.log","server","A_FP_ON_MQA_ON","8","q","903","1"
"A&B","C:\Users\407407\Desktop\vllm\github\MQA_FastPath\A&B\server_A_FP_ON_MQA_ON_k8.log","server","A_FP_ON_MQA_ON","8","quantization","46","None"
"A&B","C:\Users\407407\Desktop\vllm\github\MQA_FastPath\A&B\server_A_FP_ON_MQA_ON_k8.log","server","A_FP_ON_MQA_ON","8","reasoning_backend","46","'')"
"A&B","C:\Users\407407\Desktop\vllm\github\MQA_FastPath\A&B\server_A_FP_ON_MQA_ON_k8.log","server","A_FP_ON_MQA_ON","8","repetition_penalty","766","1.0"
"A&B","C:\Users\407407\Desktop\vllm\github\MQA_FastPath\A&B\server_A_FP_ON_MQA_ON_k8.log","server","A_FP_ON_MQA_ON","8","revision","46","None"
"A&B","C:\Users\407407\Desktop\vllm\github\MQA_FastPath\A&B\server_A_FP_ON_MQA_ON_k8.log","server","A_FP_ON_MQA_ON","8","runner_cls","48","<class 'vllm_ascend.worker.draft_model_runner.TP1DraftModelRunner'>"
"A&B","C:\Users\407407\Desktop\vllm\github\MQA_FastPath\A&B\server_A_FP_ON_MQA_ON_k8.log","server","A_FP_ON_MQA_ON","8","sample_len","124","4"
"A&B","C:\Users\407407\Desktop\vllm\github\MQA_FastPath\A&B\server_A_FP_ON_MQA_ON_k8.log","server","A_FP_ON_MQA_ON","8","sampler","52","<class 'vllm.model_executor.layers.rejection_sampler.RejectionSampler'>"
"A&B","C:\Users\407407\Desktop\vllm\github\MQA_FastPath\A&B\server_A_FP_ON_MQA_ON_k8.log","server","A_FP_ON_MQA_ON","8","schedule","176","60"
"A&B","C:\Users\407407\Desktop\vllm\github\MQA_FastPath\A&B\server_A_FP_ON_MQA_ON_k8.log","server","A_FP_ON_MQA_ON","8","scoring_time_ms","902","81.52"
"A&B","C:\Users\407407\Desktop\vllm\github\MQA_FastPath\A&B\server_A_FP_ON_MQA_ON_k8.log","server","A_FP_ON_MQA_ON","8","seed","766","None"
"A&B","C:\Users\407407\Desktop\vllm\github\MQA_FastPath\A&B\server_A_FP_ON_MQA_ON_k8.log","server","A_FP_ON_MQA_ON","8","send_messages","743","False"
"A&B","C:\Users\407407\Desktop\vllm\github\MQA_FastPath\A&B\server_A_FP_ON_MQA_ON_k8.log","server","A_FP_ON_MQA_ON","8","served_model_name","46","qwen3-8B"
"A&B","C:\Users\407407\Desktop\vllm\github\MQA_FastPath\A&B\server_A_FP_ON_MQA_ON_k8.log","server","A_FP_ON_MQA_ON","8","skip_special_tokens","766","True"
"A&B","C:\Users\407407\Desktop\vllm\github\MQA_FastPath\A&B\server_A_FP_ON_MQA_ON_k8.log","server","A_FP_ON_MQA_ON","8","skip_tokenizer_init","46","False"
"A&B","C:\Users\407407\Desktop\vllm\github\MQA_FastPath\A&B\server_A_FP_ON_MQA_ON_k8.log","server","A_FP_ON_MQA_ON","8","spaces_between_special_tokens","766","True"
"A&B","C:\Users\407407\Desktop\vllm\github\MQA_FastPath\A&B\server_A_FP_ON_MQA_ON_k8.log","server","A_FP_ON_MQA_ON","8","speculative_config","46","SpeculativeConfig(method='draft_model'"
"A&B","C:\Users\407407\Desktop\vllm\github\MQA_FastPath\A&B\server_A_FP_ON_MQA_ON_k8.log","server","A_FP_ON_MQA_ON","8","step_accept","901","[1.0, 0.9608, 0.9559]"
"A&B","C:\Users\407407\Desktop\vllm\github\MQA_FastPath\A&B\server_A_FP_ON_MQA_ON_k8.log","server","A_FP_ON_MQA_ON","8","stop","766","[]"
"A&B","C:\Users\407407\Desktop\vllm\github\MQA_FastPath\A&B\server_A_FP_ON_MQA_ON_k8.log","server","A_FP_ON_MQA_ON","8","stop_token_ids","766","[]"
"A&B","C:\Users\407407\Desktop\vllm\github\MQA_FastPath\A&B\server_A_FP_ON_MQA_ON_k8.log","server","A_FP_ON_MQA_ON","8","supports_gpu_multi_step","125","True"
"A&B","C:\Users\407407\Desktop\vllm\github\MQA_FastPath\A&B\server_A_FP_ON_MQA_ON_k8.log","server","A_FP_ON_MQA_ON","8","switch_per_min","900","10.0893"
"A&B","C:\Users\407407\Desktop\vllm\github\MQA_FastPath\A&B\server_A_FP_ON_MQA_ON_k8.log","server","A_FP_ON_MQA_ON","8","target_tp","48","1"
"A&B","C:\Users\407407\Desktop\vllm\github\MQA_FastPath\A&B\server_A_FP_ON_MQA_ON_k8.log","server","A_FP_ON_MQA_ON","8","temperature","766","0.0"
"A&B","C:\Users\407407\Desktop\vllm\github\MQA_FastPath\A&B\server_A_FP_ON_MQA_ON_k8.log","server","A_FP_ON_MQA_ON","8","tensor_parallel_size","46","1"
"A&B","C:\Users\407407\Desktop\vllm\github\MQA_FastPath\A&B\server_A_FP_ON_MQA_ON_k8.log","server","A_FP_ON_MQA_ON","8","threshold","470","0.5):\n"
"A&B","C:\Users\407407\Desktop\vllm\github\MQA_FastPath\A&B\server_A_FP_ON_MQA_ON_k8.log","server","A_FP_ON_MQA_ON","8","throughput_tps","899","226.313"
"A&B","C:\Users\407407\Desktop\vllm\github\MQA_FastPath\A&B\server_A_FP_ON_MQA_ON_k8.log","server","A_FP_ON_MQA_ON","8","to","210","""/"">\n"
"A&B","C:\Users\407407\Desktop\vllm\github\MQA_FastPath\A&B\server_A_FP_ON_MQA_ON_k8.log","server","A_FP_ON_MQA_ON","8","tokenizer","46","'/mnt/ky2307909/siyuan.tong/Qwen3-8B'"
"A&B","C:\Users\407407\Desktop\vllm\github\MQA_FastPath\A&B\server_A_FP_ON_MQA_ON_k8.log","server","A_FP_ON_MQA_ON","8","tokenizer_mode","46","auto"
"A&B","C:\Users\407407\Desktop\vllm\github\MQA_FastPath\A&B\server_A_FP_ON_MQA_ON_k8.log","server","A_FP_ON_MQA_ON","8","tokenizer_revision","46","None"
"A&B","C:\Users\407407\Desktop\vllm\github\MQA_FastPath\A&B\server_A_FP_ON_MQA_ON_k8.log","server","A_FP_ON_MQA_ON","8","top_k","766","0"
"A&B","C:\Users\407407\Desktop\vllm\github\MQA_FastPath\A&B\server_A_FP_ON_MQA_ON_k8.log","server","A_FP_ON_MQA_ON","8","top_p","766","1.0"
"A&B","C:\Users\407407\Desktop\vllm\github\MQA_FastPath\A&B\server_A_FP_ON_MQA_ON_k8.log","server","A_FP_ON_MQA_ON","8","truncate_prompt_tokens","766","None"
"A&B","C:\Users\407407\Desktop\vllm\github\MQA_FastPath\A&B\server_A_FP_ON_MQA_ON_k8.log","server","A_FP_ON_MQA_ON","8","trust_remote_code","46","True"
"A&B","C:\Users\407407\Desktop\vllm\github\MQA_FastPath\A&B\server_A_FP_ON_MQA_ON_k8.log","server","A_FP_ON_MQA_ON","8","type","327","""text"""
"A&B","C:\Users\407407\Desktop\vllm\github\MQA_FastPath\A&B\server_A_FP_ON_MQA_ON_k8.log","server","A_FP_ON_MQA_ON","8","url","604","\'your-file-name.txt\'"
"A&B","C:\Users\407407\Desktop\vllm\github\MQA_FastPath\A&B\server_A_FP_ON_MQA_ON_k8.log","server","A_FP_ON_MQA_ON","8","use_async_output_proc","46","False"
"A&B","C:\Users\407407\Desktop\vllm\github\MQA_FastPath\A&B\server_A_FP_ON_MQA_ON_k8.log","server","A_FP_ON_MQA_ON","8","use_cached_outputs","46","True"
"A&B","C:\Users\407407\Desktop\vllm\github\MQA_FastPath\A&B\server_A_FP_ON_MQA_ON_k8.log","server","A_FP_ON_MQA_ON","8","value","327","""Download"">\n</form>\n```\nThis"
"A&B","C:\Users\407407\Desktop\vllm\github\MQA_FastPath\A&B\server_A_FP_ON_MQA_ON_k8.log","server","A_FP_ON_MQA_ON","8","variant","210","""primary"">Post</Button>\n"
"A&B","C:\Users\407407\Desktop\vllm\github\MQA_FastPath\A&B\server_A_FP_ON_MQA_ON_k8.log","server","A_FP_ON_MQA_ON","8","verification_time_ms","902","5.22"
"A&B","C:\Users\407407\Desktop\vllm\github\MQA_FastPath\A&B\server_A_FP_ON_MQA_ON_k8.log","server","A_FP_ON_MQA_ON","8","view_channel","743","False)"
"A&B","C:\Users\407407\Desktop\vllm\github\MQA_FastPath\A&B\server_A_FP_ON_MQA_ON_k8.log","server","A_FP_ON_MQA_ON","8","vpcs","250","[]"
"A&B","C:\Users\407407\Desktop\vllm\github\MQA_FastPath\A&B\server_A_FP_ON_MQA_ON_k8.log","server","A_FP_ON_MQA_ON","8","W","626","X+Y'"
"A&B","C:\Users\407407\Desktop\vllm\github\MQA_FastPath\A&B\server_A_FP_ON_MQA_ON_k8.log","server","A_FP_ON_MQA_ON","8","waste","903","0.3333"
"A&B","C:\Users\407407\Desktop\vllm\github\MQA_FastPath\A&B\server_A_FP_ON_MQA_ON_k8.log","server","A_FP_ON_MQA_ON","8","waste_ratio","901","0.0278"
"A&B","C:\Users\407407\Desktop\vllm\github\MQA_FastPath\A&B\server_B_FP_ON_MQA_OFF_k2.log","server","B_FP_ON_MQA_OFF","2","_id","257","request\\_id\n"
"A&B","C:\Users\407407\Desktop\vllm\github\MQA_FastPath\A&B\server_B_FP_ON_MQA_OFF_k2.log","server","B_FP_ON_MQA_OFF","2","_name","257","""vpc-xaas"",\n"
"A&B","C:\Users\407407\Desktop\vllm\github\MQA_FastPath\A&B\server_B_FP_ON_MQA_OFF_k2.log","server","B_FP_ON_MQA_OFF","2","_node","768","2]""\n"
"A&B","C:\Users\407407\Desktop\vllm\github\MQA_FastPath\A&B\server_B_FP_ON_MQA_OFF_k2.log","server","B_FP_ON_MQA_OFF","2","_type","257","project\\_type,\n"
"A&B","C:\Users\407407\Desktop\vllm\github\MQA_FastPath\A&B\server_B_FP_ON_MQA_OFF_k2.log","server","B_FP_ON_MQA_OFF","2","accept","1007","0.7941"
"A&B","C:\Users\407407\Desktop\vllm\github\MQA_FastPath\A&B\server_B_FP_ON_MQA_OFF_k2.log","server","B_FP_ON_MQA_OFF","2","accept_no_hs","1007","0.7941"
"A&B","C:\Users\407407\Desktop\vllm\github\MQA_FastPath\A&B\server_B_FP_ON_MQA_OFF_k2.log","server","B_FP_ON_MQA_OFF","2","accept_with_hs","1007","0.0000"
"A&B","C:\Users\407407\Desktop\vllm\github\MQA_FastPath\A&B\server_B_FP_ON_MQA_OFF_k2.log","server","B_FP_ON_MQA_OFF","2","as","221","{Link}"
"A&B","C:\Users\407407\Desktop\vllm\github\MQA_FastPath\A&B\server_B_FP_ON_MQA_OFF_k2.log","server","B_FP_ON_MQA_OFF","2","average_time_per_proposal_tok_ms","998","63.69"
"A&B","C:\Users\407407\Desktop\vllm\github\MQA_FastPath\A&B\server_B_FP_ON_MQA_OFF_k2.log","server","B_FP_ON_MQA_OFF","2","avg_execute_total_ms","994","66.73"
"A&B","C:\Users\407407\Desktop\vllm\github\MQA_FastPath\A&B\server_B_FP_ON_MQA_OFF_k2.log","server","B_FP_ON_MQA_OFF","2","avg_forward_ms","994","62.63"
"A&B","C:\Users\407407\Desktop\vllm\github\MQA_FastPath\A&B\server_B_FP_ON_MQA_OFF_k2.log","server","B_FP_ON_MQA_OFF","2","avg_logits_ms","994","1.12"
"A&B","C:\Users\407407\Desktop\vllm\github\MQA_FastPath\A&B\server_B_FP_ON_MQA_OFF_k2.log","server","B_FP_ON_MQA_OFF","2","avg_sampler_ms","994","2.93"
"A&B","C:\Users\407407\Desktop\vllm\github\MQA_FastPath\A&B\server_B_FP_ON_MQA_OFF_k2.log","server","B_FP_ON_MQA_OFF","2","axis","474","1)\n"
"A&B","C:\Users\407407\Desktop\vllm\github\MQA_FastPath\A&B\server_B_FP_ON_MQA_OFF_k2.log","server","B_FP_ON_MQA_OFF","2","backend","53","ASCEND"
"A&B","C:\Users\407407\Desktop\vllm\github\MQA_FastPath\A&B\server_B_FP_ON_MQA_OFF_k2.log","server","B_FP_ON_MQA_OFF","2","bad_words","769","[]"
"A&B","C:\Users\407407\Desktop\vllm\github\MQA_FastPath\A&B\server_B_FP_ON_MQA_OFF_k2.log","server","B_FP_ON_MQA_OFF","2","bg","221","""light"""
"A&B","C:\Users\407407\Desktop\vllm\github\MQA_FastPath\A&B\server_B_FP_ON_MQA_OFF_k2.log","server","B_FP_ON_MQA_OFF","2","capability","53","FLASH_ATTN)."
"A&B","C:\Users\407407\Desktop\vllm\github\MQA_FastPath\A&B\server_B_FP_ON_MQA_OFF_k2.log","server","B_FP_ON_MQA_OFF","2","category","748","None"
"A&B","C:\Users\407407\Desktop\vllm\github\MQA_FastPath\A&B\server_B_FP_ON_MQA_OFF_k2.log","server","B_FP_ON_MQA_OFF","2","chunked_prefill_enabled","46","False"
"A&B","C:\Users\407407\Desktop\vllm\github\MQA_FastPath\A&B\server_B_FP_ON_MQA_OFF_k2.log","server","B_FP_ON_MQA_OFF","2","className","221","""py-3"">\n"
"A&B","C:\Users\407407\Desktop\vllm\github\MQA_FastPath\A&B\server_B_FP_ON_MQA_OFF_k2.log","server","B_FP_ON_MQA_OFF","2","collect_detailed_traces","46","None)"
"A&B","C:\Users\407407\Desktop\vllm\github\MQA_FastPath\A&B\server_B_FP_ON_MQA_OFF_k2.log","server","B_FP_ON_MQA_OFF","2","compilation_config","46","{""level"":0,""debug_dump_path"":"""",""cache_dir"":"""",""backend"":"""",""custom_ops"":[],""splitting_ops"":[],""use_inductor"":true,""compile_sizes"":[],""inductor_compile_config"":{},""inductor_passes"":{},""use_cudagraph"":false,""cudagraph_num_of_warmups"":0,""cudagraph_capture_sizes"":[],""cudagraph_copy_inputs"":false,""full_cuda_graph"":false,""max_capture_size"":0,""local_cache_dir"":null}"
"A&B","C:\Users\407407\Desktop\vllm\github\MQA_FastPath\A&B\server_B_FP_ON_MQA_OFF_k2.log","server","B_FP_ON_MQA_OFF","2","count","994","650"
"A&B","C:\Users\407407\Desktop\vllm\github\MQA_FastPath\A&B\server_B_FP_ON_MQA_OFF_k2.log","server","B_FP_ON_MQA_OFF","2","decoding_config","46","DecodingConfig(backend='xgrammar'"
"A&B","C:\Users\407407\Desktop\vllm\github\MQA_FastPath\A&B\server_B_FP_ON_MQA_OFF_k2.log","server","B_FP_ON_MQA_OFF","2","description","257","f""XaaS"
"A&B","C:\Users\407407\Desktop\vllm\github\MQA_FastPath\A&B\server_B_FP_ON_MQA_OFF_k2.log","server","B_FP_ON_MQA_OFF","2","device_config","46","npu"
"A&B","C:\Users\407407\Desktop\vllm\github\MQA_FastPath\A&B\server_B_FP_ON_MQA_OFF_k2.log","server","B_FP_ON_MQA_OFF","2","disable_additional_properties","46","False"
"A&B","C:\Users\407407\Desktop\vllm\github\MQA_FastPath\A&B\server_B_FP_ON_MQA_OFF_k2.log","server","B_FP_ON_MQA_OFF","2","disable_any_whitespace","46","False"
"A&B","C:\Users\407407\Desktop\vllm\github\MQA_FastPath\A&B\server_B_FP_ON_MQA_OFF_k2.log","server","B_FP_ON_MQA_OFF","2","disable_custom_all_reduce","46","True"
"A&B","C:\Users\407407\Desktop\vllm\github\MQA_FastPath\A&B\server_B_FP_ON_MQA_OFF_k2.log","server","B_FP_ON_MQA_OFF","2","disable_fallback","46","False"
"A&B","C:\Users\407407\Desktop\vllm\github\MQA_FastPath\A&B\server_B_FP_ON_MQA_OFF_k2.log","server","B_FP_ON_MQA_OFF","2","download_dir","46","None"
"A&B","C:\Users\407407\Desktop\vllm\github\MQA_FastPath\A&B\server_B_FP_ON_MQA_OFF_k2.log","server","B_FP_ON_MQA_OFF","2","draft_tp","48","1"
"A&B","C:\Users\407407\Desktop\vllm\github\MQA_FastPath\A&B\server_B_FP_ON_MQA_OFF_k2.log","server","B_FP_ON_MQA_OFF","2","dtype","46","torch.bfloat16"
"A&B","C:\Users\407407\Desktop\vllm\github\MQA_FastPath\A&B\server_B_FP_ON_MQA_OFF_k2.log","server","B_FP_ON_MQA_OFF","2","element","221","{<Home"
"A&B","C:\Users\407407\Desktop\vllm\github\MQA_FastPath\A&B\server_B_FP_ON_MQA_OFF_k2.log","server","B_FP_ON_MQA_OFF","2","enable_prefix_caching","46","None"
"A&B","C:\Users\407407\Desktop\vllm\github\MQA_FastPath\A&B\server_B_FP_ON_MQA_OFF_k2.log","server","B_FP_ON_MQA_OFF","2","enforce_eager","46","True"
"A&B","C:\Users\407407\Desktop\vllm\github\MQA_FastPath\A&B\server_B_FP_ON_MQA_OFF_k2.log","server","B_FP_ON_MQA_OFF","2","extra_args","769","None)"
"A&B","C:\Users\407407\Desktop\vllm\github\MQA_FastPath\A&B\server_B_FP_ON_MQA_OFF_k2.log","server","B_FP_ON_MQA_OFF","2","fail_adapter","125","0"
"A&B","C:\Users\407407\Desktop\vllm\github\MQA_FastPath\A&B\server_B_FP_ON_MQA_OFF_k2.log","server","B_FP_ON_MQA_OFF","2","fail_backend","125","0"
"A&B","C:\Users\407407\Desktop\vllm\github\MQA_FastPath\A&B\server_B_FP_ON_MQA_OFF_k2.log","server","B_FP_ON_MQA_OFF","2","fail_disabled","125","0"
"A&B","C:\Users\407407\Desktop\vllm\github\MQA_FastPath\A&B\server_B_FP_ON_MQA_OFF_k2.log","server","B_FP_ON_MQA_OFF","2","fail_lora","125","0"
"A&B","C:\Users\407407\Desktop\vllm\github\MQA_FastPath\A&B\server_B_FP_ON_MQA_OFF_k2.log","server","B_FP_ON_MQA_OFF","2","fail_prompt","125","0"
"A&B","C:\Users\407407\Desktop\vllm\github\MQA_FastPath\A&B\server_B_FP_ON_MQA_OFF_k2.log","server","B_FP_ON_MQA_OFF","2","fixed","221","""top"""
"A&B","C:\Users\407407\Desktop\vllm\github\MQA_FastPath\A&B\server_B_FP_ON_MQA_OFF_k2.log","server","B_FP_ON_MQA_OFF","2","for","333","""file-name"">File"
"A&B","C:\Users\407407\Desktop\vllm\github\MQA_FastPath\A&B\server_B_FP_ON_MQA_OFF_k2.log","server","B_FP_ON_MQA_OFF","2","frequency_penalty","769","0.0"
"A&B","C:\Users\407407\Desktop\vllm\github\MQA_FastPath\A&B\server_B_FP_ON_MQA_OFF_k2.log","server","B_FP_ON_MQA_OFF","2","guided_decoding","769","None"
"A&B","C:\Users\407407\Desktop\vllm\github\MQA_FastPath\A&B\server_B_FP_ON_MQA_OFF_k2.log","server","B_FP_ON_MQA_OFF","2","high_k_occ","1009","0.0000"
"A&B","C:\Users\407407\Desktop\vllm\github\MQA_FastPath\A&B\server_B_FP_ON_MQA_OFF_k2.log","server","B_FP_ON_MQA_OFF","2","hist","1009","2:600"
"A&B","C:\Users\407407\Desktop\vllm\github\MQA_FastPath\A&B\server_B_FP_ON_MQA_OFF_k2.log","server","B_FP_ON_MQA_OFF","2","hs_ratio","1007","0.0000"
"A&B","C:\Users\407407\Desktop\vllm\github\MQA_FastPath\A&B\server_B_FP_ON_MQA_OFF_k2.log","server","B_FP_ON_MQA_OFF","2","id","333","""file-name"""
"A&B","C:\Users\407407\Desktop\vllm\github\MQA_FastPath\A&B\server_B_FP_ON_MQA_OFF_k2.log","server","B_FP_ON_MQA_OFF","2","ignore_eos","769","False"
"A&B","C:\Users\407407\Desktop\vllm\github\MQA_FastPath\A&B\server_B_FP_ON_MQA_OFF_k2.log","server","B_FP_ON_MQA_OFF","2","include_stop_str_in_output","769","False"
"A&B","C:\Users\407407\Desktop\vllm\github\MQA_FastPath\A&B\server_B_FP_ON_MQA_OFF_k2.log","server","B_FP_ON_MQA_OFF","2","is_tp1_runner","124","True"
"A&B","C:\Users\407407\Desktop\vllm\github\MQA_FastPath\A&B\server_B_FP_ON_MQA_OFF_k2.log","server","B_FP_ON_MQA_OFF","2","iter_p95","1007","273.883"
"A&B","C:\Users\407407\Desktop\vllm\github\MQA_FastPath\A&B\server_B_FP_ON_MQA_OFF_k2.log","server","B_FP_ON_MQA_OFF","2","k","1008","2"
"A&B","C:\Users\407407\Desktop\vllm\github\MQA_FastPath\A&B\server_B_FP_ON_MQA_OFF_k2.log","server","B_FP_ON_MQA_OFF","2","kv_cache_dtype","46","auto"
"A&B","C:\Users\407407\Desktop\vllm\github\MQA_FastPath\A&B\server_B_FP_ON_MQA_OFF_k2.log","server","B_FP_ON_MQA_OFF","2","load_format","46","auto"
"A&B","C:\Users\407407\Desktop\vllm\github\MQA_FastPath\A&B\server_B_FP_ON_MQA_OFF_k2.log","server","B_FP_ON_MQA_OFF","2","logprobs","769","None"
"A&B","C:\Users\407407\Desktop\vllm\github\MQA_FastPath\A&B\server_B_FP_ON_MQA_OFF_k2.log","server","B_FP_ON_MQA_OFF","2","low","768","66%]"
"A&B","C:\Users\407407\Desktop\vllm\github\MQA_FastPath\A&B\server_B_FP_ON_MQA_OFF_k2.log","server","B_FP_ON_MQA_OFF","2","max_seq_len","46","8192"
"A&B","C:\Users\407407\Desktop\vllm\github\MQA_FastPath\A&B\server_B_FP_ON_MQA_OFF_k2.log","server","B_FP_ON_MQA_OFF","2","max_tokens","769","593"
"A&B","C:\Users\407407\Desktop\vllm\github\MQA_FastPath\A&B\server_B_FP_ON_MQA_OFF_k2.log","server","B_FP_ON_MQA_OFF","2","min_p","769","0.0"
"A&B","C:\Users\407407\Desktop\vllm\github\MQA_FastPath\A&B\server_B_FP_ON_MQA_OFF_k2.log","server","B_FP_ON_MQA_OFF","2","min_tokens","769","0"
"A&B","C:\Users\407407\Desktop\vllm\github\MQA_FastPath\A&B\server_B_FP_ON_MQA_OFF_k2.log","server","B_FP_ON_MQA_OFF","2","model","46","'/mnt/ky2307909/siyuan.tong/Qwen3-8B'"
"A&B","C:\Users\407407\Desktop\vllm\github\MQA_FastPath\A&B\server_B_FP_ON_MQA_OFF_k2.log","server","B_FP_ON_MQA_OFF","2","model_runner","124","<class 'vllm_ascend.worker.draft_model_runner.TP1DraftModelRunner'>"
"A&B","C:\Users\407407\Desktop\vllm\github\MQA_FastPath\A&B\server_B_FP_ON_MQA_OFF_k2.log","server","B_FP_ON_MQA_OFF","2","model_type","48","qwen3)"
"A&B","C:\Users\407407\Desktop\vllm\github\MQA_FastPath\A&B\server_B_FP_ON_MQA_OFF_k2.log","server","B_FP_ON_MQA_OFF","2","ms_hit","125","1"
"A&B","C:\Users\407407\Desktop\vllm\github\MQA_FastPath\A&B\server_B_FP_ON_MQA_OFF_k2.log","server","B_FP_ON_MQA_OFF","2","ms_total","125","1"
"A&B","C:\Users\407407\Desktop\vllm\github\MQA_FastPath\A&B\server_B_FP_ON_MQA_OFF_k2.log","server","B_FP_ON_MQA_OFF","2","multi_step_stream_outputs","46","True"
"A&B","C:\Users\407407\Desktop\vllm\github\MQA_FastPath\A&B\server_B_FP_ON_MQA_OFF_k2.log","server","B_FP_ON_MQA_OFF","2","n","769","1"
"A&B","C:\Users\407407\Desktop\vllm\github\MQA_FastPath\A&B\server_B_FP_ON_MQA_OFF_k2.log","server","B_FP_ON_MQA_OFF","2","name","333","""file-name""><br>\n"
"A&B","C:\Users\407407\Desktop\vllm\github\MQA_FastPath\A&B\server_B_FP_ON_MQA_OFF_k2.log","server","B_FP_ON_MQA_OFF","2","new_protected_value","474","\'other\'"
"A&B","C:\Users\407407\Desktop\vllm\github\MQA_FastPath\A&B\server_B_FP_ON_MQA_OFF_k2.log","server","B_FP_ON_MQA_OFF","2","ntext","306","[\'Dear   Support   team, \\\\n\\\\nRequest   you   to   please   install   VM   ware   Horizon   client   for  access to   client system.   Attaching   document   received   from   client   (Alix   partners)   for reference.\\\\n\\\\nclient   URL: https://portal.alixpartners.com\\\\nVMare-Horizon-Client-2212-8.8.-21079405\\\\n\\\\Thanks,InSrikanth   P\',\n""I   am   logging   this   request   on  be   half   of  Mahendra   Posham,   he   is   from  my   team.   he   is   facing   error   while setting   up  his   laptop.he   is facing   \'The  securtiy   database   on  the   server   does   not   have  a  computer account   for this   workstatition   trust   relationship\'   error   .     I   have   provided   his   no  below   can  you   plese call   him   up  to   understand   the   issue.    \\\\nhis   email   I\'d   is posham.mahendra\\\\n   laptopID:   ITL-HW-LAPTOP脗\\x95\\n000000441525  \\\\nmobile   no:  9573607244    \\\\n   "",\n\'Hi   there\n```', params: SamplingParams(n=1, presence_penalty=0.0, frequency_penalty=0.0, repetition_penalty=1.0, temperature=0.0, top_p=1.0, top_k=0, min_p=0.0, seed=None, stop=[]"
"A&B","C:\Users\407407\Desktop\vllm\github\MQA_FastPath\A&B\server_B_FP_ON_MQA_OFF_k2.log","server","B_FP_ON_MQA_OFF","2","num_scheduler_steps","46","1"
"A&B","C:\Users\407407\Desktop\vllm\github\MQA_FastPath\A&B\server_B_FP_ON_MQA_OFF_k2.log","server","B_FP_ON_MQA_OFF","2","num_spec_tokens","46","2)"
"A&B","C:\Users\407407\Desktop\vllm\github\MQA_FastPath\A&B\server_B_FP_ON_MQA_OFF_k2.log","server","B_FP_ON_MQA_OFF","2","observability_config","46","ObservabilityConfig(show_hidden_metrics_for_version=None"
"A&B","C:\Users\407407\Desktop\vllm\github\MQA_FastPath\A&B\server_B_FP_ON_MQA_OFF_k2.log","server","B_FP_ON_MQA_OFF","2","otlp_traces_endpoint","46","None"
"A&B","C:\Users\407407\Desktop\vllm\github\MQA_FastPath\A&B\server_B_FP_ON_MQA_OFF_k2.log","server","B_FP_ON_MQA_OFF","2","override_neuron_config","46","{}"
"A&B","C:\Users\407407\Desktop\vllm\github\MQA_FastPath\A&B\server_B_FP_ON_MQA_OFF_k2.log","server","B_FP_ON_MQA_OFF","2","overwrite","606","true)"";\n\nusing"
"A&B","C:\Users\407407\Desktop\vllm\github\MQA_FastPath\A&B\server_B_FP_ON_MQA_OFF_k2.log","server","B_FP_ON_MQA_OFF","2","overwrites","748","{ctx.guild.default_role:"
"A&B","C:\Users\407407\Desktop\vllm\github\MQA_FastPath\A&B\server_B_FP_ON_MQA_OFF_k2.log","server","B_FP_ON_MQA_OFF","2","path","221","""/"""
"A&B","C:\Users\407407\Desktop\vllm\github\MQA_FastPath\A&B\server_B_FP_ON_MQA_OFF_k2.log","server","B_FP_ON_MQA_OFF","2","pipeline_parallel_size","46","1"
"A&B","C:\Users\407407\Desktop\vllm\github\MQA_FastPath\A&B\server_B_FP_ON_MQA_OFF_k2.log","server","B_FP_ON_MQA_OFF","2","pooler_config","46","None"
"A&B","C:\Users\407407\Desktop\vllm\github\MQA_FastPath\A&B\server_B_FP_ON_MQA_OFF_k2.log","server","B_FP_ON_MQA_OFF","2","presence_penalty","769","0.0"
"A&B","C:\Users\407407\Desktop\vllm\github\MQA_FastPath\A&B\server_B_FP_ON_MQA_OFF_k2.log","server","B_FP_ON_MQA_OFF","2","prompt_logprobs","769","None"
"A&B","C:\Users\407407\Desktop\vllm\github\MQA_FastPath\A&B\server_B_FP_ON_MQA_OFF_k2.log","server","B_FP_ON_MQA_OFF","2","proposer","50","<class 'vllm.spec_decode.multi_step_worker.MultiStepWorker'>"
"A&B","C:\Users\407407\Desktop\vllm\github\MQA_FastPath\A&B\server_B_FP_ON_MQA_OFF_k2.log","server","B_FP_ON_MQA_OFF","2","protected_attribute","474","\'gender\'"
"A&B","C:\Users\407407\Desktop\vllm\github\MQA_FastPath\A&B\server_B_FP_ON_MQA_OFF_k2.log","server","B_FP_ON_MQA_OFF","2","quantization","46","None"
"A&B","C:\Users\407407\Desktop\vllm\github\MQA_FastPath\A&B\server_B_FP_ON_MQA_OFF_k2.log","server","B_FP_ON_MQA_OFF","2","reasoning_backend","46","'')"
"A&B","C:\Users\407407\Desktop\vllm\github\MQA_FastPath\A&B\server_B_FP_ON_MQA_OFF_k2.log","server","B_FP_ON_MQA_OFF","2","repetition_penalty","769","1.0"
"A&B","C:\Users\407407\Desktop\vllm\github\MQA_FastPath\A&B\server_B_FP_ON_MQA_OFF_k2.log","server","B_FP_ON_MQA_OFF","2","revision","46","None"
"A&B","C:\Users\407407\Desktop\vllm\github\MQA_FastPath\A&B\server_B_FP_ON_MQA_OFF_k2.log","server","B_FP_ON_MQA_OFF","2","runner_cls","48","<class 'vllm_ascend.worker.draft_model_runner.TP1DraftModelRunner'>"
"A&B","C:\Users\407407\Desktop\vllm\github\MQA_FastPath\A&B\server_B_FP_ON_MQA_OFF_k2.log","server","B_FP_ON_MQA_OFF","2","sample_len","124","2"
"A&B","C:\Users\407407\Desktop\vllm\github\MQA_FastPath\A&B\server_B_FP_ON_MQA_OFF_k2.log","server","B_FP_ON_MQA_OFF","2","sampler","52","<class 'vllm.model_executor.layers.rejection_sampler.RejectionSampler'>"
"A&B","C:\Users\407407\Desktop\vllm\github\MQA_FastPath\A&B\server_B_FP_ON_MQA_OFF_k2.log","server","B_FP_ON_MQA_OFF","2","schedule","185","60"
"A&B","C:\Users\407407\Desktop\vllm\github\MQA_FastPath\A&B\server_B_FP_ON_MQA_OFF_k2.log","server","B_FP_ON_MQA_OFF","2","scoring_time_ms","998","84.77"
"A&B","C:\Users\407407\Desktop\vllm\github\MQA_FastPath\A&B\server_B_FP_ON_MQA_OFF_k2.log","server","B_FP_ON_MQA_OFF","2","seed","769","None"
"A&B","C:\Users\407407\Desktop\vllm\github\MQA_FastPath\A&B\server_B_FP_ON_MQA_OFF_k2.log","server","B_FP_ON_MQA_OFF","2","send_messages","748","False"
"A&B","C:\Users\407407\Desktop\vllm\github\MQA_FastPath\A&B\server_B_FP_ON_MQA_OFF_k2.log","server","B_FP_ON_MQA_OFF","2","served_model_name","46","qwen3-8B"
"A&B","C:\Users\407407\Desktop\vllm\github\MQA_FastPath\A&B\server_B_FP_ON_MQA_OFF_k2.log","server","B_FP_ON_MQA_OFF","2","skip_special_tokens","769","True"
"A&B","C:\Users\407407\Desktop\vllm\github\MQA_FastPath\A&B\server_B_FP_ON_MQA_OFF_k2.log","server","B_FP_ON_MQA_OFF","2","skip_tokenizer_init","46","False"
"A&B","C:\Users\407407\Desktop\vllm\github\MQA_FastPath\A&B\server_B_FP_ON_MQA_OFF_k2.log","server","B_FP_ON_MQA_OFF","2","spaces_between_special_tokens","769","True"
"A&B","C:\Users\407407\Desktop\vllm\github\MQA_FastPath\A&B\server_B_FP_ON_MQA_OFF_k2.log","server","B_FP_ON_MQA_OFF","2","speculative_config","46","SpeculativeConfig(method='draft_model'"
"A&B","C:\Users\407407\Desktop\vllm\github\MQA_FastPath\A&B\server_B_FP_ON_MQA_OFF_k2.log","server","B_FP_ON_MQA_OFF","2","step_accept","1008","[1.0, 0.5626]"
"A&B","C:\Users\407407\Desktop\vllm\github\MQA_FastPath\A&B\server_B_FP_ON_MQA_OFF_k2.log","server","B_FP_ON_MQA_OFF","2","stop","769","[]"
"A&B","C:\Users\407407\Desktop\vllm\github\MQA_FastPath\A&B\server_B_FP_ON_MQA_OFF_k2.log","server","B_FP_ON_MQA_OFF","2","stop_token_ids","769","[]"
"A&B","C:\Users\407407\Desktop\vllm\github\MQA_FastPath\A&B\server_B_FP_ON_MQA_OFF_k2.log","server","B_FP_ON_MQA_OFF","2","supports_gpu_multi_step","125","True"
"A&B","C:\Users\407407\Desktop\vllm\github\MQA_FastPath\A&B\server_B_FP_ON_MQA_OFF_k2.log","server","B_FP_ON_MQA_OFF","2","switch_per_min","1009","0.0000"
"A&B","C:\Users\407407\Desktop\vllm\github\MQA_FastPath\A&B\server_B_FP_ON_MQA_OFF_k2.log","server","B_FP_ON_MQA_OFF","2","target_tp","48","1"
"A&B","C:\Users\407407\Desktop\vllm\github\MQA_FastPath\A&B\server_B_FP_ON_MQA_OFF_k2.log","server","B_FP_ON_MQA_OFF","2","temperature","769","0.0"
"A&B","C:\Users\407407\Desktop\vllm\github\MQA_FastPath\A&B\server_B_FP_ON_MQA_OFF_k2.log","server","B_FP_ON_MQA_OFF","2","tensor_parallel_size","46","1"
"A&B","C:\Users\407407\Desktop\vllm\github\MQA_FastPath\A&B\server_B_FP_ON_MQA_OFF_k2.log","server","B_FP_ON_MQA_OFF","2","threshold","474","0.5):\n"
"A&B","C:\Users\407407\Desktop\vllm\github\MQA_FastPath\A&B\server_B_FP_ON_MQA_OFF_k2.log","server","B_FP_ON_MQA_OFF","2","throughput_tps","1007","197.159"
"A&B","C:\Users\407407\Desktop\vllm\github\MQA_FastPath\A&B\server_B_FP_ON_MQA_OFF_k2.log","server","B_FP_ON_MQA_OFF","2","to","221","""/"">\n"
"A&B","C:\Users\407407\Desktop\vllm\github\MQA_FastPath\A&B\server_B_FP_ON_MQA_OFF_k2.log","server","B_FP_ON_MQA_OFF","2","tokenizer","46","'/mnt/ky2307909/siyuan.tong/Qwen3-8B'"
"A&B","C:\Users\407407\Desktop\vllm\github\MQA_FastPath\A&B\server_B_FP_ON_MQA_OFF_k2.log","server","B_FP_ON_MQA_OFF","2","tokenizer_mode","46","auto"
"A&B","C:\Users\407407\Desktop\vllm\github\MQA_FastPath\A&B\server_B_FP_ON_MQA_OFF_k2.log","server","B_FP_ON_MQA_OFF","2","tokenizer_revision","46","None"
"A&B","C:\Users\407407\Desktop\vllm\github\MQA_FastPath\A&B\server_B_FP_ON_MQA_OFF_k2.log","server","B_FP_ON_MQA_OFF","2","top_k","769","0"
"A&B","C:\Users\407407\Desktop\vllm\github\MQA_FastPath\A&B\server_B_FP_ON_MQA_OFF_k2.log","server","B_FP_ON_MQA_OFF","2","top_p","769","1.0"
"A&B","C:\Users\407407\Desktop\vllm\github\MQA_FastPath\A&B\server_B_FP_ON_MQA_OFF_k2.log","server","B_FP_ON_MQA_OFF","2","truncate_prompt_tokens","769","None"
"A&B","C:\Users\407407\Desktop\vllm\github\MQA_FastPath\A&B\server_B_FP_ON_MQA_OFF_k2.log","server","B_FP_ON_MQA_OFF","2","trust_remote_code","46","True"
"A&B","C:\Users\407407\Desktop\vllm\github\MQA_FastPath\A&B\server_B_FP_ON_MQA_OFF_k2.log","server","B_FP_ON_MQA_OFF","2","type","333","""text"""
"A&B","C:\Users\407407\Desktop\vllm\github\MQA_FastPath\A&B\server_B_FP_ON_MQA_OFF_k2.log","server","B_FP_ON_MQA_OFF","2","url","606","\'your-file-name.txt\'"
"A&B","C:\Users\407407\Desktop\vllm\github\MQA_FastPath\A&B\server_B_FP_ON_MQA_OFF_k2.log","server","B_FP_ON_MQA_OFF","2","use_async_output_proc","46","False"
"A&B","C:\Users\407407\Desktop\vllm\github\MQA_FastPath\A&B\server_B_FP_ON_MQA_OFF_k2.log","server","B_FP_ON_MQA_OFF","2","use_cached_outputs","46","True"
"A&B","C:\Users\407407\Desktop\vllm\github\MQA_FastPath\A&B\server_B_FP_ON_MQA_OFF_k2.log","server","B_FP_ON_MQA_OFF","2","value","333","""Download"">\n</form>\n```\nThis"
"A&B","C:\Users\407407\Desktop\vllm\github\MQA_FastPath\A&B\server_B_FP_ON_MQA_OFF_k2.log","server","B_FP_ON_MQA_OFF","2","variant","221","""primary"">Post</Button>\n"
"A&B","C:\Users\407407\Desktop\vllm\github\MQA_FastPath\A&B\server_B_FP_ON_MQA_OFF_k2.log","server","B_FP_ON_MQA_OFF","2","verification_time_ms","998","7.18"
"A&B","C:\Users\407407\Desktop\vllm\github\MQA_FastPath\A&B\server_B_FP_ON_MQA_OFF_k2.log","server","B_FP_ON_MQA_OFF","2","view_channel","748","False)"
"A&B","C:\Users\407407\Desktop\vllm\github\MQA_FastPath\A&B\server_B_FP_ON_MQA_OFF_k2.log","server","B_FP_ON_MQA_OFF","2","vpcs","257","[]"
"A&B","C:\Users\407407\Desktop\vllm\github\MQA_FastPath\A&B\server_B_FP_ON_MQA_OFF_k2.log","server","B_FP_ON_MQA_OFF","2","W","630","X+Y'"
"A&B","C:\Users\407407\Desktop\vllm\github\MQA_FastPath\A&B\server_B_FP_ON_MQA_OFF_k2.log","server","B_FP_ON_MQA_OFF","2","waste_ratio","1008","0.2187"
"A&B","C:\Users\407407\Desktop\vllm\github\MQA_FastPath\A&B\server_B_FP_ON_MQA_OFF_k4.log","server","B_FP_ON_MQA_OFF","4","_id","258","request\\_id\n"
"A&B","C:\Users\407407\Desktop\vllm\github\MQA_FastPath\A&B\server_B_FP_ON_MQA_OFF_k4.log","server","B_FP_ON_MQA_OFF","4","_name","258","""vpc-xaas"",\n"
"A&B","C:\Users\407407\Desktop\vllm\github\MQA_FastPath\A&B\server_B_FP_ON_MQA_OFF_k4.log","server","B_FP_ON_MQA_OFF","4","_node","768","2]""\n"
"A&B","C:\Users\407407\Desktop\vllm\github\MQA_FastPath\A&B\server_B_FP_ON_MQA_OFF_k4.log","server","B_FP_ON_MQA_OFF","4","_type","258","project\\_type,\n"
"A&B","C:\Users\407407\Desktop\vllm\github\MQA_FastPath\A&B\server_B_FP_ON_MQA_OFF_k4.log","server","B_FP_ON_MQA_OFF","4","accept","1015","0.7921"
"A&B","C:\Users\407407\Desktop\vllm\github\MQA_FastPath\A&B\server_B_FP_ON_MQA_OFF_k4.log","server","B_FP_ON_MQA_OFF","4","accept_no_hs","1015","0.7921"
"A&B","C:\Users\407407\Desktop\vllm\github\MQA_FastPath\A&B\server_B_FP_ON_MQA_OFF_k4.log","server","B_FP_ON_MQA_OFF","4","accept_with_hs","1015","0.0000"
"A&B","C:\Users\407407\Desktop\vllm\github\MQA_FastPath\A&B\server_B_FP_ON_MQA_OFF_k4.log","server","B_FP_ON_MQA_OFF","4","as","217","{Link}"
"A&B","C:\Users\407407\Desktop\vllm\github\MQA_FastPath\A&B\server_B_FP_ON_MQA_OFF_k4.log","server","B_FP_ON_MQA_OFF","4","average_time_per_proposal_tok_ms","1008","39.66"
"A&B","C:\Users\407407\Desktop\vllm\github\MQA_FastPath\A&B\server_B_FP_ON_MQA_OFF_k4.log","server","B_FP_ON_MQA_OFF","4","avg_execute_total_ms","1006","69.73"
"A&B","C:\Users\407407\Desktop\vllm\github\MQA_FastPath\A&B\server_B_FP_ON_MQA_OFF_k4.log","server","B_FP_ON_MQA_OFF","4","avg_forward_ms","1006","64.67"
"A&B","C:\Users\407407\Desktop\vllm\github\MQA_FastPath\A&B\server_B_FP_ON_MQA_OFF_k4.log","server","B_FP_ON_MQA_OFF","4","avg_logits_ms","1006","1.00"
"A&B","C:\Users\407407\Desktop\vllm\github\MQA_FastPath\A&B\server_B_FP_ON_MQA_OFF_k4.log","server","B_FP_ON_MQA_OFF","4","avg_sampler_ms","1006","4.02"
"A&B","C:\Users\407407\Desktop\vllm\github\MQA_FastPath\A&B\server_B_FP_ON_MQA_OFF_k4.log","server","B_FP_ON_MQA_OFF","4","axis","472","1)\n"
"A&B","C:\Users\407407\Desktop\vllm\github\MQA_FastPath\A&B\server_B_FP_ON_MQA_OFF_k4.log","server","B_FP_ON_MQA_OFF","4","backend","53","ASCEND"
"A&B","C:\Users\407407\Desktop\vllm\github\MQA_FastPath\A&B\server_B_FP_ON_MQA_OFF_k4.log","server","B_FP_ON_MQA_OFF","4","bad_words","769","[]"
"A&B","C:\Users\407407\Desktop\vllm\github\MQA_FastPath\A&B\server_B_FP_ON_MQA_OFF_k4.log","server","B_FP_ON_MQA_OFF","4","bg","217","""light"""
"A&B","C:\Users\407407\Desktop\vllm\github\MQA_FastPath\A&B\server_B_FP_ON_MQA_OFF_k4.log","server","B_FP_ON_MQA_OFF","4","cap","856","4)"
"A&B","C:\Users\407407\Desktop\vllm\github\MQA_FastPath\A&B\server_B_FP_ON_MQA_OFF_k4.log","server","B_FP_ON_MQA_OFF","4","capability","53","FLASH_ATTN)."
"A&B","C:\Users\407407\Desktop\vllm\github\MQA_FastPath\A&B\server_B_FP_ON_MQA_OFF_k4.log","server","B_FP_ON_MQA_OFF","4","category","747","None"
"A&B","C:\Users\407407\Desktop\vllm\github\MQA_FastPath\A&B\server_B_FP_ON_MQA_OFF_k4.log","server","B_FP_ON_MQA_OFF","4","chunked_prefill_enabled","46","False"
"A&B","C:\Users\407407\Desktop\vllm\github\MQA_FastPath\A&B\server_B_FP_ON_MQA_OFF_k4.log","server","B_FP_ON_MQA_OFF","4","className","217","""py-3"">\n"
"A&B","C:\Users\407407\Desktop\vllm\github\MQA_FastPath\A&B\server_B_FP_ON_MQA_OFF_k4.log","server","B_FP_ON_MQA_OFF","4","collect_detailed_traces","46","None)"
"A&B","C:\Users\407407\Desktop\vllm\github\MQA_FastPath\A&B\server_B_FP_ON_MQA_OFF_k4.log","server","B_FP_ON_MQA_OFF","4","compilation_config","46","{""level"":0,""debug_dump_path"":"""",""cache_dir"":"""",""backend"":"""",""custom_ops"":[],""splitting_ops"":[],""use_inductor"":true,""compile_sizes"":[],""inductor_compile_config"":{},""inductor_passes"":{},""use_cudagraph"":false,""cudagraph_num_of_warmups"":0,""cudagraph_capture_sizes"":[],""cudagraph_copy_inputs"":false,""full_cuda_graph"":false,""max_capture_size"":0,""local_cache_dir"":null}"
"A&B","C:\Users\407407\Desktop\vllm\github\MQA_FastPath\A&B\server_B_FP_ON_MQA_OFF_k4.log","server","B_FP_ON_MQA_OFF","4","count","1006","650"
"A&B","C:\Users\407407\Desktop\vllm\github\MQA_FastPath\A&B\server_B_FP_ON_MQA_OFF_k4.log","server","B_FP_ON_MQA_OFF","4","decoding_config","46","DecodingConfig(backend='xgrammar'"
"A&B","C:\Users\407407\Desktop\vllm\github\MQA_FastPath\A&B\server_B_FP_ON_MQA_OFF_k4.log","server","B_FP_ON_MQA_OFF","4","description","258","f""XaaS"
"A&B","C:\Users\407407\Desktop\vllm\github\MQA_FastPath\A&B\server_B_FP_ON_MQA_OFF_k4.log","server","B_FP_ON_MQA_OFF","4","device_config","46","npu"
"A&B","C:\Users\407407\Desktop\vllm\github\MQA_FastPath\A&B\server_B_FP_ON_MQA_OFF_k4.log","server","B_FP_ON_MQA_OFF","4","disable_additional_properties","46","False"
"A&B","C:\Users\407407\Desktop\vllm\github\MQA_FastPath\A&B\server_B_FP_ON_MQA_OFF_k4.log","server","B_FP_ON_MQA_OFF","4","disable_any_whitespace","46","False"
"A&B","C:\Users\407407\Desktop\vllm\github\MQA_FastPath\A&B\server_B_FP_ON_MQA_OFF_k4.log","server","B_FP_ON_MQA_OFF","4","disable_custom_all_reduce","46","True"
"A&B","C:\Users\407407\Desktop\vllm\github\MQA_FastPath\A&B\server_B_FP_ON_MQA_OFF_k4.log","server","B_FP_ON_MQA_OFF","4","disable_fallback","46","False"
"A&B","C:\Users\407407\Desktop\vllm\github\MQA_FastPath\A&B\server_B_FP_ON_MQA_OFF_k4.log","server","B_FP_ON_MQA_OFF","4","download_dir","46","None"
"A&B","C:\Users\407407\Desktop\vllm\github\MQA_FastPath\A&B\server_B_FP_ON_MQA_OFF_k4.log","server","B_FP_ON_MQA_OFF","4","draft_tp","48","1"
"A&B","C:\Users\407407\Desktop\vllm\github\MQA_FastPath\A&B\server_B_FP_ON_MQA_OFF_k4.log","server","B_FP_ON_MQA_OFF","4","dtype","46","torch.bfloat16"
"A&B","C:\Users\407407\Desktop\vllm\github\MQA_FastPath\A&B\server_B_FP_ON_MQA_OFF_k4.log","server","B_FP_ON_MQA_OFF","4","element","217","{<Home"
"A&B","C:\Users\407407\Desktop\vllm\github\MQA_FastPath\A&B\server_B_FP_ON_MQA_OFF_k4.log","server","B_FP_ON_MQA_OFF","4","enable_prefix_caching","46","None"
"A&B","C:\Users\407407\Desktop\vllm\github\MQA_FastPath\A&B\server_B_FP_ON_MQA_OFF_k4.log","server","B_FP_ON_MQA_OFF","4","enforce_eager","46","True"
"A&B","C:\Users\407407\Desktop\vllm\github\MQA_FastPath\A&B\server_B_FP_ON_MQA_OFF_k4.log","server","B_FP_ON_MQA_OFF","4","extra_args","769","None)"
"A&B","C:\Users\407407\Desktop\vllm\github\MQA_FastPath\A&B\server_B_FP_ON_MQA_OFF_k4.log","server","B_FP_ON_MQA_OFF","4","fail_adapter","125","0"
"A&B","C:\Users\407407\Desktop\vllm\github\MQA_FastPath\A&B\server_B_FP_ON_MQA_OFF_k4.log","server","B_FP_ON_MQA_OFF","4","fail_backend","125","0"
"A&B","C:\Users\407407\Desktop\vllm\github\MQA_FastPath\A&B\server_B_FP_ON_MQA_OFF_k4.log","server","B_FP_ON_MQA_OFF","4","fail_disabled","125","0"
"A&B","C:\Users\407407\Desktop\vllm\github\MQA_FastPath\A&B\server_B_FP_ON_MQA_OFF_k4.log","server","B_FP_ON_MQA_OFF","4","fail_lora","125","0"
"A&B","C:\Users\407407\Desktop\vllm\github\MQA_FastPath\A&B\server_B_FP_ON_MQA_OFF_k4.log","server","B_FP_ON_MQA_OFF","4","fail_prompt","125","0"
"A&B","C:\Users\407407\Desktop\vllm\github\MQA_FastPath\A&B\server_B_FP_ON_MQA_OFF_k4.log","server","B_FP_ON_MQA_OFF","4","fixed","217","""top"""
"A&B","C:\Users\407407\Desktop\vllm\github\MQA_FastPath\A&B\server_B_FP_ON_MQA_OFF_k4.log","server","B_FP_ON_MQA_OFF","4","for","338","""file-name"">File"
"A&B","C:\Users\407407\Desktop\vllm\github\MQA_FastPath\A&B\server_B_FP_ON_MQA_OFF_k4.log","server","B_FP_ON_MQA_OFF","4","frequency_penalty","769","0.0"
"A&B","C:\Users\407407\Desktop\vllm\github\MQA_FastPath\A&B\server_B_FP_ON_MQA_OFF_k4.log","server","B_FP_ON_MQA_OFF","4","guided_decoding","769","None"
"A&B","C:\Users\407407\Desktop\vllm\github\MQA_FastPath\A&B\server_B_FP_ON_MQA_OFF_k4.log","server","B_FP_ON_MQA_OFF","4","high_k_occ","1016","0.0117"
"A&B","C:\Users\407407\Desktop\vllm\github\MQA_FastPath\A&B\server_B_FP_ON_MQA_OFF_k4.log","server","B_FP_ON_MQA_OFF","4","hist","1016","2:583,3:10,4:7"
"A&B","C:\Users\407407\Desktop\vllm\github\MQA_FastPath\A&B\server_B_FP_ON_MQA_OFF_k4.log","server","B_FP_ON_MQA_OFF","4","hs_ratio","1015","0.0000"
"A&B","C:\Users\407407\Desktop\vllm\github\MQA_FastPath\A&B\server_B_FP_ON_MQA_OFF_k4.log","server","B_FP_ON_MQA_OFF","4","id","338","""file-name"""
"A&B","C:\Users\407407\Desktop\vllm\github\MQA_FastPath\A&B\server_B_FP_ON_MQA_OFF_k4.log","server","B_FP_ON_MQA_OFF","4","ignore_eos","769","False"
"A&B","C:\Users\407407\Desktop\vllm\github\MQA_FastPath\A&B\server_B_FP_ON_MQA_OFF_k4.log","server","B_FP_ON_MQA_OFF","4","include_stop_str_in_output","769","False"
"A&B","C:\Users\407407\Desktop\vllm\github\MQA_FastPath\A&B\server_B_FP_ON_MQA_OFF_k4.log","server","B_FP_ON_MQA_OFF","4","is_tp1_runner","124","True"
"A&B","C:\Users\407407\Desktop\vllm\github\MQA_FastPath\A&B\server_B_FP_ON_MQA_OFF_k4.log","server","B_FP_ON_MQA_OFF","4","iter_p95","1015","280.538"
"A&B","C:\Users\407407\Desktop\vllm\github\MQA_FastPath\A&B\server_B_FP_ON_MQA_OFF_k4.log","server","B_FP_ON_MQA_OFF","4","k","1014","2"
"A&B","C:\Users\407407\Desktop\vllm\github\MQA_FastPath\A&B\server_B_FP_ON_MQA_OFF_k4.log","server","B_FP_ON_MQA_OFF","4","kv_cache_dtype","46","auto"
"A&B","C:\Users\407407\Desktop\vllm\github\MQA_FastPath\A&B\server_B_FP_ON_MQA_OFF_k4.log","server","B_FP_ON_MQA_OFF","4","load_format","46","auto"
"A&B","C:\Users\407407\Desktop\vllm\github\MQA_FastPath\A&B\server_B_FP_ON_MQA_OFF_k4.log","server","B_FP_ON_MQA_OFF","4","logprobs","769","None"
"A&B","C:\Users\407407\Desktop\vllm\github\MQA_FastPath\A&B\server_B_FP_ON_MQA_OFF_k4.log","server","B_FP_ON_MQA_OFF","4","low","768","66%]"
"A&B","C:\Users\407407\Desktop\vllm\github\MQA_FastPath\A&B\server_B_FP_ON_MQA_OFF_k4.log","server","B_FP_ON_MQA_OFF","4","max_seq_len","46","8192"
"A&B","C:\Users\407407\Desktop\vllm\github\MQA_FastPath\A&B\server_B_FP_ON_MQA_OFF_k4.log","server","B_FP_ON_MQA_OFF","4","max_tokens","769","593"
"A&B","C:\Users\407407\Desktop\vllm\github\MQA_FastPath\A&B\server_B_FP_ON_MQA_OFF_k4.log","server","B_FP_ON_MQA_OFF","4","min_p","769","0.0"
"A&B","C:\Users\407407\Desktop\vllm\github\MQA_FastPath\A&B\server_B_FP_ON_MQA_OFF_k4.log","server","B_FP_ON_MQA_OFF","4","min_tokens","769","0"
"A&B","C:\Users\407407\Desktop\vllm\github\MQA_FastPath\A&B\server_B_FP_ON_MQA_OFF_k4.log","server","B_FP_ON_MQA_OFF","4","model","46","'/mnt/ky2307909/siyuan.tong/Qwen3-8B'"
"A&B","C:\Users\407407\Desktop\vllm\github\MQA_FastPath\A&B\server_B_FP_ON_MQA_OFF_k4.log","server","B_FP_ON_MQA_OFF","4","model_runner","124","<class 'vllm_ascend.worker.draft_model_runner.TP1DraftModelRunner'>"
"A&B","C:\Users\407407\Desktop\vllm\github\MQA_FastPath\A&B\server_B_FP_ON_MQA_OFF_k4.log","server","B_FP_ON_MQA_OFF","4","model_type","48","qwen3)"
"A&B","C:\Users\407407\Desktop\vllm\github\MQA_FastPath\A&B\server_B_FP_ON_MQA_OFF_k4.log","server","B_FP_ON_MQA_OFF","4","ms_hit","125","1"
"A&B","C:\Users\407407\Desktop\vllm\github\MQA_FastPath\A&B\server_B_FP_ON_MQA_OFF_k4.log","server","B_FP_ON_MQA_OFF","4","ms_total","125","1"
"A&B","C:\Users\407407\Desktop\vllm\github\MQA_FastPath\A&B\server_B_FP_ON_MQA_OFF_k4.log","server","B_FP_ON_MQA_OFF","4","multi_step_stream_outputs","46","True"
"A&B","C:\Users\407407\Desktop\vllm\github\MQA_FastPath\A&B\server_B_FP_ON_MQA_OFF_k4.log","server","B_FP_ON_MQA_OFF","4","n","769","1"
"A&B","C:\Users\407407\Desktop\vllm\github\MQA_FastPath\A&B\server_B_FP_ON_MQA_OFF_k4.log","server","B_FP_ON_MQA_OFF","4","name","338","""file-name""><br>\n"
"A&B","C:\Users\407407\Desktop\vllm\github\MQA_FastPath\A&B\server_B_FP_ON_MQA_OFF_k4.log","server","B_FP_ON_MQA_OFF","4","new_protected_value","472","\'other\'"
"A&B","C:\Users\407407\Desktop\vllm\github\MQA_FastPath\A&B\server_B_FP_ON_MQA_OFF_k4.log","server","B_FP_ON_MQA_OFF","4","ntext","308","[\'Dear   Support   team, \\\\n\\\\nRequest   you   to   please   install   VM   ware   Horizon   client   for  access to   client system.   Attaching   document   received   from   client   (Alix   partners)   for reference.\\\\n\\\\nclient   URL: https://portal.alixpartners.com\\\\nVMare-Horizon-Client-2212-8.8.-21079405\\\\n\\\\Thanks,InSrikanth   P\',\n""I   am   logging   this   request   on  be   half   of  Mahendra   Posham,   he   is   from  my   team.   he   is   facing   error   while setting   up  his   laptop.he   is facing   \'The  securtiy   database   on  the   server   does   not   have  a  computer account   for this   workstatition   trust   relationship\'   error   .     I   have   provided   his   no  below   can  you   plese call   him   up  to   understand   the   issue.    \\\\nhis   email   I\'d   is posham.mahendra\\\\n   laptopID:   ITL-HW-LAPTOP脗\\x95\\n000000441525  \\\\nmobile   no:  9573607244    \\\\n   "",\n\'Hi   there\n```', params: SamplingParams(n=1, presence_penalty=0.0, frequency_penalty=0.0, repetition_penalty=1.0, temperature=0.0, top_p=1.0, top_k=0, min_p=0.0, seed=None, stop=[]"
"A&B","C:\Users\407407\Desktop\vllm\github\MQA_FastPath\A&B\server_B_FP_ON_MQA_OFF_k4.log","server","B_FP_ON_MQA_OFF","4","num_scheduler_steps","46","1"
"A&B","C:\Users\407407\Desktop\vllm\github\MQA_FastPath\A&B\server_B_FP_ON_MQA_OFF_k4.log","server","B_FP_ON_MQA_OFF","4","num_spec_tokens","46","4)"
"A&B","C:\Users\407407\Desktop\vllm\github\MQA_FastPath\A&B\server_B_FP_ON_MQA_OFF_k4.log","server","B_FP_ON_MQA_OFF","4","observability_config","46","ObservabilityConfig(show_hidden_metrics_for_version=None"
"A&B","C:\Users\407407\Desktop\vllm\github\MQA_FastPath\A&B\server_B_FP_ON_MQA_OFF_k4.log","server","B_FP_ON_MQA_OFF","4","otlp_traces_endpoint","46","None"
"A&B","C:\Users\407407\Desktop\vllm\github\MQA_FastPath\A&B\server_B_FP_ON_MQA_OFF_k4.log","server","B_FP_ON_MQA_OFF","4","override_neuron_config","46","{}"
"A&B","C:\Users\407407\Desktop\vllm\github\MQA_FastPath\A&B\server_B_FP_ON_MQA_OFF_k4.log","server","B_FP_ON_MQA_OFF","4","overwrite","610","true)"";\n\nusing"
"A&B","C:\Users\407407\Desktop\vllm\github\MQA_FastPath\A&B\server_B_FP_ON_MQA_OFF_k4.log","server","B_FP_ON_MQA_OFF","4","overwrites","747","{ctx.guild.default_role:"
"A&B","C:\Users\407407\Desktop\vllm\github\MQA_FastPath\A&B\server_B_FP_ON_MQA_OFF_k4.log","server","B_FP_ON_MQA_OFF","4","path","217","""/"""
"A&B","C:\Users\407407\Desktop\vllm\github\MQA_FastPath\A&B\server_B_FP_ON_MQA_OFF_k4.log","server","B_FP_ON_MQA_OFF","4","pipeline_parallel_size","46","1"
"A&B","C:\Users\407407\Desktop\vllm\github\MQA_FastPath\A&B\server_B_FP_ON_MQA_OFF_k4.log","server","B_FP_ON_MQA_OFF","4","pooler_config","46","None"
"A&B","C:\Users\407407\Desktop\vllm\github\MQA_FastPath\A&B\server_B_FP_ON_MQA_OFF_k4.log","server","B_FP_ON_MQA_OFF","4","pos2","855","0.7612"
"A&B","C:\Users\407407\Desktop\vllm\github\MQA_FastPath\A&B\server_B_FP_ON_MQA_OFF_k4.log","server","B_FP_ON_MQA_OFF","4","pos3","855","0.7612"
"A&B","C:\Users\407407\Desktop\vllm\github\MQA_FastPath\A&B\server_B_FP_ON_MQA_OFF_k4.log","server","B_FP_ON_MQA_OFF","4","pos4","855","0.7612"
"A&B","C:\Users\407407\Desktop\vllm\github\MQA_FastPath\A&B\server_B_FP_ON_MQA_OFF_k4.log","server","B_FP_ON_MQA_OFF","4","presence_penalty","769","0.0"
"A&B","C:\Users\407407\Desktop\vllm\github\MQA_FastPath\A&B\server_B_FP_ON_MQA_OFF_k4.log","server","B_FP_ON_MQA_OFF","4","prompt_logprobs","769","None"
"A&B","C:\Users\407407\Desktop\vllm\github\MQA_FastPath\A&B\server_B_FP_ON_MQA_OFF_k4.log","server","B_FP_ON_MQA_OFF","4","proposer","50","<class 'vllm.spec_decode.multi_step_worker.MultiStepWorker'>"
"A&B","C:\Users\407407\Desktop\vllm\github\MQA_FastPath\A&B\server_B_FP_ON_MQA_OFF_k4.log","server","B_FP_ON_MQA_OFF","4","protected_attribute","472","\'gender\'"
"A&B","C:\Users\407407\Desktop\vllm\github\MQA_FastPath\A&B\server_B_FP_ON_MQA_OFF_k4.log","server","B_FP_ON_MQA_OFF","4","q","855","67"
"A&B","C:\Users\407407\Desktop\vllm\github\MQA_FastPath\A&B\server_B_FP_ON_MQA_OFF_k4.log","server","B_FP_ON_MQA_OFF","4","quantization","46","None"
"A&B","C:\Users\407407\Desktop\vllm\github\MQA_FastPath\A&B\server_B_FP_ON_MQA_OFF_k4.log","server","B_FP_ON_MQA_OFF","4","reasoning_backend","46","'')"
"A&B","C:\Users\407407\Desktop\vllm\github\MQA_FastPath\A&B\server_B_FP_ON_MQA_OFF_k4.log","server","B_FP_ON_MQA_OFF","4","repetition_penalty","769","1.0"
"A&B","C:\Users\407407\Desktop\vllm\github\MQA_FastPath\A&B\server_B_FP_ON_MQA_OFF_k4.log","server","B_FP_ON_MQA_OFF","4","revision","46","None"
"A&B","C:\Users\407407\Desktop\vllm\github\MQA_FastPath\A&B\server_B_FP_ON_MQA_OFF_k4.log","server","B_FP_ON_MQA_OFF","4","runner_cls","48","<class 'vllm_ascend.worker.draft_model_runner.TP1DraftModelRunner'>"
"A&B","C:\Users\407407\Desktop\vllm\github\MQA_FastPath\A&B\server_B_FP_ON_MQA_OFF_k4.log","server","B_FP_ON_MQA_OFF","4","sample_len","124","4"
"A&B","C:\Users\407407\Desktop\vllm\github\MQA_FastPath\A&B\server_B_FP_ON_MQA_OFF_k4.log","server","B_FP_ON_MQA_OFF","4","sampler","52","<class 'vllm.model_executor.layers.rejection_sampler.RejectionSampler'>"
"A&B","C:\Users\407407\Desktop\vllm\github\MQA_FastPath\A&B\server_B_FP_ON_MQA_OFF_k4.log","server","B_FP_ON_MQA_OFF","4","schedule","185","60"
"A&B","C:\Users\407407\Desktop\vllm\github\MQA_FastPath\A&B\server_B_FP_ON_MQA_OFF_k4.log","server","B_FP_ON_MQA_OFF","4","scoring_time_ms","1008","56.04"
"A&B","C:\Users\407407\Desktop\vllm\github\MQA_FastPath\A&B\server_B_FP_ON_MQA_OFF_k4.log","server","B_FP_ON_MQA_OFF","4","seed","769","None"
"A&B","C:\Users\407407\Desktop\vllm\github\MQA_FastPath\A&B\server_B_FP_ON_MQA_OFF_k4.log","server","B_FP_ON_MQA_OFF","4","send_messages","747","False"
"A&B","C:\Users\407407\Desktop\vllm\github\MQA_FastPath\A&B\server_B_FP_ON_MQA_OFF_k4.log","server","B_FP_ON_MQA_OFF","4","served_model_name","46","qwen3-8B"
"A&B","C:\Users\407407\Desktop\vllm\github\MQA_FastPath\A&B\server_B_FP_ON_MQA_OFF_k4.log","server","B_FP_ON_MQA_OFF","4","skip_special_tokens","769","True"
"A&B","C:\Users\407407\Desktop\vllm\github\MQA_FastPath\A&B\server_B_FP_ON_MQA_OFF_k4.log","server","B_FP_ON_MQA_OFF","4","skip_tokenizer_init","46","False"
"A&B","C:\Users\407407\Desktop\vllm\github\MQA_FastPath\A&B\server_B_FP_ON_MQA_OFF_k4.log","server","B_FP_ON_MQA_OFF","4","spaces_between_special_tokens","769","True"
"A&B","C:\Users\407407\Desktop\vllm\github\MQA_FastPath\A&B\server_B_FP_ON_MQA_OFF_k4.log","server","B_FP_ON_MQA_OFF","4","speculative_config","46","SpeculativeConfig(method='draft_model'"
"A&B","C:\Users\407407\Desktop\vllm\github\MQA_FastPath\A&B\server_B_FP_ON_MQA_OFF_k4.log","server","B_FP_ON_MQA_OFF","4","step_accept","1014","[1.0, 0.5855]"
"A&B","C:\Users\407407\Desktop\vllm\github\MQA_FastPath\A&B\server_B_FP_ON_MQA_OFF_k4.log","server","B_FP_ON_MQA_OFF","4","stop","769","[]"
"A&B","C:\Users\407407\Desktop\vllm\github\MQA_FastPath\A&B\server_B_FP_ON_MQA_OFF_k4.log","server","B_FP_ON_MQA_OFF","4","stop_token_ids","769","[]"
"A&B","C:\Users\407407\Desktop\vllm\github\MQA_FastPath\A&B\server_B_FP_ON_MQA_OFF_k4.log","server","B_FP_ON_MQA_OFF","4","supports_gpu_multi_step","125","True"
"A&B","C:\Users\407407\Desktop\vllm\github\MQA_FastPath\A&B\server_B_FP_ON_MQA_OFF_k4.log","server","B_FP_ON_MQA_OFF","4","switch_per_min","1016","2.1961"
"A&B","C:\Users\407407\Desktop\vllm\github\MQA_FastPath\A&B\server_B_FP_ON_MQA_OFF_k4.log","server","B_FP_ON_MQA_OFF","4","target_tp","48","1"
"A&B","C:\Users\407407\Desktop\vllm\github\MQA_FastPath\A&B\server_B_FP_ON_MQA_OFF_k4.log","server","B_FP_ON_MQA_OFF","4","temperature","769","0.0"
"A&B","C:\Users\407407\Desktop\vllm\github\MQA_FastPath\A&B\server_B_FP_ON_MQA_OFF_k4.log","server","B_FP_ON_MQA_OFF","4","tensor_parallel_size","46","1"
"A&B","C:\Users\407407\Desktop\vllm\github\MQA_FastPath\A&B\server_B_FP_ON_MQA_OFF_k4.log","server","B_FP_ON_MQA_OFF","4","threshold","472","0.5):\n"
"A&B","C:\Users\407407\Desktop\vllm\github\MQA_FastPath\A&B\server_B_FP_ON_MQA_OFF_k4.log","server","B_FP_ON_MQA_OFF","4","throughput_tps","1015","188.916"
"A&B","C:\Users\407407\Desktop\vllm\github\MQA_FastPath\A&B\server_B_FP_ON_MQA_OFF_k4.log","server","B_FP_ON_MQA_OFF","4","to","217","""/"">\n"
"A&B","C:\Users\407407\Desktop\vllm\github\MQA_FastPath\A&B\server_B_FP_ON_MQA_OFF_k4.log","server","B_FP_ON_MQA_OFF","4","tokenizer","46","'/mnt/ky2307909/siyuan.tong/Qwen3-8B'"
"A&B","C:\Users\407407\Desktop\vllm\github\MQA_FastPath\A&B\server_B_FP_ON_MQA_OFF_k4.log","server","B_FP_ON_MQA_OFF","4","tokenizer_mode","46","auto"
"A&B","C:\Users\407407\Desktop\vllm\github\MQA_FastPath\A&B\server_B_FP_ON_MQA_OFF_k4.log","server","B_FP_ON_MQA_OFF","4","tokenizer_revision","46","None"
"A&B","C:\Users\407407\Desktop\vllm\github\MQA_FastPath\A&B\server_B_FP_ON_MQA_OFF_k4.log","server","B_FP_ON_MQA_OFF","4","top_k","769","0"
"A&B","C:\Users\407407\Desktop\vllm\github\MQA_FastPath\A&B\server_B_FP_ON_MQA_OFF_k4.log","server","B_FP_ON_MQA_OFF","4","top_p","769","1.0"
"A&B","C:\Users\407407\Desktop\vllm\github\MQA_FastPath\A&B\server_B_FP_ON_MQA_OFF_k4.log","server","B_FP_ON_MQA_OFF","4","truncate_prompt_tokens","769","None"
"A&B","C:\Users\407407\Desktop\vllm\github\MQA_FastPath\A&B\server_B_FP_ON_MQA_OFF_k4.log","server","B_FP_ON_MQA_OFF","4","trust_remote_code","46","True"
"A&B","C:\Users\407407\Desktop\vllm\github\MQA_FastPath\A&B\server_B_FP_ON_MQA_OFF_k4.log","server","B_FP_ON_MQA_OFF","4","type","338","""text"""
"A&B","C:\Users\407407\Desktop\vllm\github\MQA_FastPath\A&B\server_B_FP_ON_MQA_OFF_k4.log","server","B_FP_ON_MQA_OFF","4","url","610","\'your-file-name.txt\'"
"A&B","C:\Users\407407\Desktop\vllm\github\MQA_FastPath\A&B\server_B_FP_ON_MQA_OFF_k4.log","server","B_FP_ON_MQA_OFF","4","use_async_output_proc","46","False"
"A&B","C:\Users\407407\Desktop\vllm\github\MQA_FastPath\A&B\server_B_FP_ON_MQA_OFF_k4.log","server","B_FP_ON_MQA_OFF","4","use_cached_outputs","46","True"
"A&B","C:\Users\407407\Desktop\vllm\github\MQA_FastPath\A&B\server_B_FP_ON_MQA_OFF_k4.log","server","B_FP_ON_MQA_OFF","4","value","338","""Download"">\n</form>\n```\nThis"
"A&B","C:\Users\407407\Desktop\vllm\github\MQA_FastPath\A&B\server_B_FP_ON_MQA_OFF_k4.log","server","B_FP_ON_MQA_OFF","4","variant","217","""primary"">Post</Button>\n"
"A&B","C:\Users\407407\Desktop\vllm\github\MQA_FastPath\A&B\server_B_FP_ON_MQA_OFF_k4.log","server","B_FP_ON_MQA_OFF","4","verification_time_ms","1008","3.56"
"A&B","C:\Users\407407\Desktop\vllm\github\MQA_FastPath\A&B\server_B_FP_ON_MQA_OFF_k4.log","server","B_FP_ON_MQA_OFF","4","view_channel","747","False)"
"A&B","C:\Users\407407\Desktop\vllm\github\MQA_FastPath\A&B\server_B_FP_ON_MQA_OFF_k4.log","server","B_FP_ON_MQA_OFF","4","vpcs","258","[]"
"A&B","C:\Users\407407\Desktop\vllm\github\MQA_FastPath\A&B\server_B_FP_ON_MQA_OFF_k4.log","server","B_FP_ON_MQA_OFF","4","W","631","X+Y'"
"A&B","C:\Users\407407\Desktop\vllm\github\MQA_FastPath\A&B\server_B_FP_ON_MQA_OFF_k4.log","server","B_FP_ON_MQA_OFF","4","waste","855","0.1194"
"A&B","C:\Users\407407\Desktop\vllm\github\MQA_FastPath\A&B\server_B_FP_ON_MQA_OFF_k4.log","server","B_FP_ON_MQA_OFF","4","waste_ratio","1014","0.2072"
"A&B","C:\Users\407407\Desktop\vllm\github\MQA_FastPath\A&B\server_B_FP_ON_MQA_OFF_k8.log","server","B_FP_ON_MQA_OFF","8","_id","258","request\\_id\n"
"A&B","C:\Users\407407\Desktop\vllm\github\MQA_FastPath\A&B\server_B_FP_ON_MQA_OFF_k8.log","server","B_FP_ON_MQA_OFF","8","_name","258","""vpc-xaas"",\n"
"A&B","C:\Users\407407\Desktop\vllm\github\MQA_FastPath\A&B\server_B_FP_ON_MQA_OFF_k8.log","server","B_FP_ON_MQA_OFF","8","_node","769","2]""\n"
"A&B","C:\Users\407407\Desktop\vllm\github\MQA_FastPath\A&B\server_B_FP_ON_MQA_OFF_k8.log","server","B_FP_ON_MQA_OFF","8","_type","258","project\\_type,\n"
"A&B","C:\Users\407407\Desktop\vllm\github\MQA_FastPath\A&B\server_B_FP_ON_MQA_OFF_k8.log","server","B_FP_ON_MQA_OFF","8","accept","1016","0.7860"
"A&B","C:\Users\407407\Desktop\vllm\github\MQA_FastPath\A&B\server_B_FP_ON_MQA_OFF_k8.log","server","B_FP_ON_MQA_OFF","8","accept_no_hs","1016","0.7860"
"A&B","C:\Users\407407\Desktop\vllm\github\MQA_FastPath\A&B\server_B_FP_ON_MQA_OFF_k8.log","server","B_FP_ON_MQA_OFF","8","accept_with_hs","1016","0.0000"
"A&B","C:\Users\407407\Desktop\vllm\github\MQA_FastPath\A&B\server_B_FP_ON_MQA_OFF_k8.log","server","B_FP_ON_MQA_OFF","8","as","217","{Link}"
"A&B","C:\Users\407407\Desktop\vllm\github\MQA_FastPath\A&B\server_B_FP_ON_MQA_OFF_k8.log","server","B_FP_ON_MQA_OFF","8","average_time_per_proposal_tok_ms","1006","60.55"
"A&B","C:\Users\407407\Desktop\vllm\github\MQA_FastPath\A&B\server_B_FP_ON_MQA_OFF_k8.log","server","B_FP_ON_MQA_OFF","8","avg_execute_total_ms","1005","66.96"
"A&B","C:\Users\407407\Desktop\vllm\github\MQA_FastPath\A&B\server_B_FP_ON_MQA_OFF_k8.log","server","B_FP_ON_MQA_OFF","8","avg_forward_ms","1005","62.78"
"A&B","C:\Users\407407\Desktop\vllm\github\MQA_FastPath\A&B\server_B_FP_ON_MQA_OFF_k8.log","server","B_FP_ON_MQA_OFF","8","avg_logits_ms","1005","1.16"
"A&B","C:\Users\407407\Desktop\vllm\github\MQA_FastPath\A&B\server_B_FP_ON_MQA_OFF_k8.log","server","B_FP_ON_MQA_OFF","8","avg_sampler_ms","1005","2.96"
"A&B","C:\Users\407407\Desktop\vllm\github\MQA_FastPath\A&B\server_B_FP_ON_MQA_OFF_k8.log","server","B_FP_ON_MQA_OFF","8","axis","474","1)\n"
"A&B","C:\Users\407407\Desktop\vllm\github\MQA_FastPath\A&B\server_B_FP_ON_MQA_OFF_k8.log","server","B_FP_ON_MQA_OFF","8","backend","53","ASCEND"
"A&B","C:\Users\407407\Desktop\vllm\github\MQA_FastPath\A&B\server_B_FP_ON_MQA_OFF_k8.log","server","B_FP_ON_MQA_OFF","8","bad_words","770","[]"
"A&B","C:\Users\407407\Desktop\vllm\github\MQA_FastPath\A&B\server_B_FP_ON_MQA_OFF_k8.log","server","B_FP_ON_MQA_OFF","8","bg","217","""light"""
"A&B","C:\Users\407407\Desktop\vllm\github\MQA_FastPath\A&B\server_B_FP_ON_MQA_OFF_k8.log","server","B_FP_ON_MQA_OFF","8","cap","862","4)"
"A&B","C:\Users\407407\Desktop\vllm\github\MQA_FastPath\A&B\server_B_FP_ON_MQA_OFF_k8.log","server","B_FP_ON_MQA_OFF","8","capability","53","FLASH_ATTN)."
"A&B","C:\Users\407407\Desktop\vllm\github\MQA_FastPath\A&B\server_B_FP_ON_MQA_OFF_k8.log","server","B_FP_ON_MQA_OFF","8","category","751","None"
"A&B","C:\Users\407407\Desktop\vllm\github\MQA_FastPath\A&B\server_B_FP_ON_MQA_OFF_k8.log","server","B_FP_ON_MQA_OFF","8","chunked_prefill_enabled","46","False"
"A&B","C:\Users\407407\Desktop\vllm\github\MQA_FastPath\A&B\server_B_FP_ON_MQA_OFF_k8.log","server","B_FP_ON_MQA_OFF","8","className","217","""py-3"">\n"
"A&B","C:\Users\407407\Desktop\vllm\github\MQA_FastPath\A&B\server_B_FP_ON_MQA_OFF_k8.log","server","B_FP_ON_MQA_OFF","8","collect_detailed_traces","46","None)"
"A&B","C:\Users\407407\Desktop\vllm\github\MQA_FastPath\A&B\server_B_FP_ON_MQA_OFF_k8.log","server","B_FP_ON_MQA_OFF","8","compilation_config","46","{""level"":0,""debug_dump_path"":"""",""cache_dir"":"""",""backend"":"""",""custom_ops"":[],""splitting_ops"":[],""use_inductor"":true,""compile_sizes"":[],""inductor_compile_config"":{},""inductor_passes"":{},""use_cudagraph"":false,""cudagraph_num_of_warmups"":0,""cudagraph_capture_sizes"":[],""cudagraph_copy_inputs"":false,""full_cuda_graph"":false,""max_capture_size"":0,""local_cache_dir"":null}"
"A&B","C:\Users\407407\Desktop\vllm\github\MQA_FastPath\A&B\server_B_FP_ON_MQA_OFF_k8.log","server","B_FP_ON_MQA_OFF","8","count","1005","650"
"A&B","C:\Users\407407\Desktop\vllm\github\MQA_FastPath\A&B\server_B_FP_ON_MQA_OFF_k8.log","server","B_FP_ON_MQA_OFF","8","decoding_config","46","DecodingConfig(backend='xgrammar'"
"A&B","C:\Users\407407\Desktop\vllm\github\MQA_FastPath\A&B\server_B_FP_ON_MQA_OFF_k8.log","server","B_FP_ON_MQA_OFF","8","description","258","f""XaaS"
"A&B","C:\Users\407407\Desktop\vllm\github\MQA_FastPath\A&B\server_B_FP_ON_MQA_OFF_k8.log","server","B_FP_ON_MQA_OFF","8","device_config","46","npu"
"A&B","C:\Users\407407\Desktop\vllm\github\MQA_FastPath\A&B\server_B_FP_ON_MQA_OFF_k8.log","server","B_FP_ON_MQA_OFF","8","disable_additional_properties","46","False"
"A&B","C:\Users\407407\Desktop\vllm\github\MQA_FastPath\A&B\server_B_FP_ON_MQA_OFF_k8.log","server","B_FP_ON_MQA_OFF","8","disable_any_whitespace","46","False"
"A&B","C:\Users\407407\Desktop\vllm\github\MQA_FastPath\A&B\server_B_FP_ON_MQA_OFF_k8.log","server","B_FP_ON_MQA_OFF","8","disable_custom_all_reduce","46","True"
"A&B","C:\Users\407407\Desktop\vllm\github\MQA_FastPath\A&B\server_B_FP_ON_MQA_OFF_k8.log","server","B_FP_ON_MQA_OFF","8","disable_fallback","46","False"
"A&B","C:\Users\407407\Desktop\vllm\github\MQA_FastPath\A&B\server_B_FP_ON_MQA_OFF_k8.log","server","B_FP_ON_MQA_OFF","8","download_dir","46","None"
"A&B","C:\Users\407407\Desktop\vllm\github\MQA_FastPath\A&B\server_B_FP_ON_MQA_OFF_k8.log","server","B_FP_ON_MQA_OFF","8","draft_tp","48","1"
"A&B","C:\Users\407407\Desktop\vllm\github\MQA_FastPath\A&B\server_B_FP_ON_MQA_OFF_k8.log","server","B_FP_ON_MQA_OFF","8","dtype","46","torch.bfloat16"
"A&B","C:\Users\407407\Desktop\vllm\github\MQA_FastPath\A&B\server_B_FP_ON_MQA_OFF_k8.log","server","B_FP_ON_MQA_OFF","8","element","217","{<Home"
"A&B","C:\Users\407407\Desktop\vllm\github\MQA_FastPath\A&B\server_B_FP_ON_MQA_OFF_k8.log","server","B_FP_ON_MQA_OFF","8","enable_prefix_caching","46","None"
"A&B","C:\Users\407407\Desktop\vllm\github\MQA_FastPath\A&B\server_B_FP_ON_MQA_OFF_k8.log","server","B_FP_ON_MQA_OFF","8","enforce_eager","46","True"
"A&B","C:\Users\407407\Desktop\vllm\github\MQA_FastPath\A&B\server_B_FP_ON_MQA_OFF_k8.log","server","B_FP_ON_MQA_OFF","8","extra_args","770","None)"
"A&B","C:\Users\407407\Desktop\vllm\github\MQA_FastPath\A&B\server_B_FP_ON_MQA_OFF_k8.log","server","B_FP_ON_MQA_OFF","8","fail_adapter","125","0"
"A&B","C:\Users\407407\Desktop\vllm\github\MQA_FastPath\A&B\server_B_FP_ON_MQA_OFF_k8.log","server","B_FP_ON_MQA_OFF","8","fail_backend","125","0"
"A&B","C:\Users\407407\Desktop\vllm\github\MQA_FastPath\A&B\server_B_FP_ON_MQA_OFF_k8.log","server","B_FP_ON_MQA_OFF","8","fail_disabled","125","0"
"A&B","C:\Users\407407\Desktop\vllm\github\MQA_FastPath\A&B\server_B_FP_ON_MQA_OFF_k8.log","server","B_FP_ON_MQA_OFF","8","fail_lora","125","0"
"A&B","C:\Users\407407\Desktop\vllm\github\MQA_FastPath\A&B\server_B_FP_ON_MQA_OFF_k8.log","server","B_FP_ON_MQA_OFF","8","fail_prompt","125","0"
"A&B","C:\Users\407407\Desktop\vllm\github\MQA_FastPath\A&B\server_B_FP_ON_MQA_OFF_k8.log","server","B_FP_ON_MQA_OFF","8","fixed","217","""top"""
"A&B","C:\Users\407407\Desktop\vllm\github\MQA_FastPath\A&B\server_B_FP_ON_MQA_OFF_k8.log","server","B_FP_ON_MQA_OFF","8","for","335","""file-name"">File"
"A&B","C:\Users\407407\Desktop\vllm\github\MQA_FastPath\A&B\server_B_FP_ON_MQA_OFF_k8.log","server","B_FP_ON_MQA_OFF","8","frequency_penalty","770","0.0"
"A&B","C:\Users\407407\Desktop\vllm\github\MQA_FastPath\A&B\server_B_FP_ON_MQA_OFF_k8.log","server","B_FP_ON_MQA_OFF","8","guided_decoding","770","None"
"A&B","C:\Users\407407\Desktop\vllm\github\MQA_FastPath\A&B\server_B_FP_ON_MQA_OFF_k8.log","server","B_FP_ON_MQA_OFF","8","high_k_occ","1017","0.0117"
"A&B","C:\Users\407407\Desktop\vllm\github\MQA_FastPath\A&B\server_B_FP_ON_MQA_OFF_k8.log","server","B_FP_ON_MQA_OFF","8","hist","1017","2:580,3:13,4:7"
"A&B","C:\Users\407407\Desktop\vllm\github\MQA_FastPath\A&B\server_B_FP_ON_MQA_OFF_k8.log","server","B_FP_ON_MQA_OFF","8","hs_ratio","1016","0.0000"
"A&B","C:\Users\407407\Desktop\vllm\github\MQA_FastPath\A&B\server_B_FP_ON_MQA_OFF_k8.log","server","B_FP_ON_MQA_OFF","8","id","335","""file-name"""
"A&B","C:\Users\407407\Desktop\vllm\github\MQA_FastPath\A&B\server_B_FP_ON_MQA_OFF_k8.log","server","B_FP_ON_MQA_OFF","8","ignore_eos","770","False"
"A&B","C:\Users\407407\Desktop\vllm\github\MQA_FastPath\A&B\server_B_FP_ON_MQA_OFF_k8.log","server","B_FP_ON_MQA_OFF","8","include_stop_str_in_output","770","False"
"A&B","C:\Users\407407\Desktop\vllm\github\MQA_FastPath\A&B\server_B_FP_ON_MQA_OFF_k8.log","server","B_FP_ON_MQA_OFF","8","is_tp1_runner","124","True"
"A&B","C:\Users\407407\Desktop\vllm\github\MQA_FastPath\A&B\server_B_FP_ON_MQA_OFF_k8.log","server","B_FP_ON_MQA_OFF","8","iter_p95","1016","271.227"
"A&B","C:\Users\407407\Desktop\vllm\github\MQA_FastPath\A&B\server_B_FP_ON_MQA_OFF_k8.log","server","B_FP_ON_MQA_OFF","8","k","1015","2"
"A&B","C:\Users\407407\Desktop\vllm\github\MQA_FastPath\A&B\server_B_FP_ON_MQA_OFF_k8.log","server","B_FP_ON_MQA_OFF","8","kv_cache_dtype","46","auto"
"A&B","C:\Users\407407\Desktop\vllm\github\MQA_FastPath\A&B\server_B_FP_ON_MQA_OFF_k8.log","server","B_FP_ON_MQA_OFF","8","load_format","46","auto"
"A&B","C:\Users\407407\Desktop\vllm\github\MQA_FastPath\A&B\server_B_FP_ON_MQA_OFF_k8.log","server","B_FP_ON_MQA_OFF","8","logprobs","770","None"
"A&B","C:\Users\407407\Desktop\vllm\github\MQA_FastPath\A&B\server_B_FP_ON_MQA_OFF_k8.log","server","B_FP_ON_MQA_OFF","8","low","769","66%]"
"A&B","C:\Users\407407\Desktop\vllm\github\MQA_FastPath\A&B\server_B_FP_ON_MQA_OFF_k8.log","server","B_FP_ON_MQA_OFF","8","max_seq_len","46","8192"
"A&B","C:\Users\407407\Desktop\vllm\github\MQA_FastPath\A&B\server_B_FP_ON_MQA_OFF_k8.log","server","B_FP_ON_MQA_OFF","8","max_tokens","770","593"
"A&B","C:\Users\407407\Desktop\vllm\github\MQA_FastPath\A&B\server_B_FP_ON_MQA_OFF_k8.log","server","B_FP_ON_MQA_OFF","8","min_p","770","0.0"
"A&B","C:\Users\407407\Desktop\vllm\github\MQA_FastPath\A&B\server_B_FP_ON_MQA_OFF_k8.log","server","B_FP_ON_MQA_OFF","8","min_tokens","770","0"
"A&B","C:\Users\407407\Desktop\vllm\github\MQA_FastPath\A&B\server_B_FP_ON_MQA_OFF_k8.log","server","B_FP_ON_MQA_OFF","8","model","46","'/mnt/ky2307909/siyuan.tong/Qwen3-8B'"
"A&B","C:\Users\407407\Desktop\vllm\github\MQA_FastPath\A&B\server_B_FP_ON_MQA_OFF_k8.log","server","B_FP_ON_MQA_OFF","8","model_runner","124","<class 'vllm_ascend.worker.draft_model_runner.TP1DraftModelRunner'>"
"A&B","C:\Users\407407\Desktop\vllm\github\MQA_FastPath\A&B\server_B_FP_ON_MQA_OFF_k8.log","server","B_FP_ON_MQA_OFF","8","model_type","48","qwen3)"
"A&B","C:\Users\407407\Desktop\vllm\github\MQA_FastPath\A&B\server_B_FP_ON_MQA_OFF_k8.log","server","B_FP_ON_MQA_OFF","8","ms_hit","125","1"
"A&B","C:\Users\407407\Desktop\vllm\github\MQA_FastPath\A&B\server_B_FP_ON_MQA_OFF_k8.log","server","B_FP_ON_MQA_OFF","8","ms_total","125","1"
"A&B","C:\Users\407407\Desktop\vllm\github\MQA_FastPath\A&B\server_B_FP_ON_MQA_OFF_k8.log","server","B_FP_ON_MQA_OFF","8","multi_step_stream_outputs","46","True"
"A&B","C:\Users\407407\Desktop\vllm\github\MQA_FastPath\A&B\server_B_FP_ON_MQA_OFF_k8.log","server","B_FP_ON_MQA_OFF","8","n","770","1"
"A&B","C:\Users\407407\Desktop\vllm\github\MQA_FastPath\A&B\server_B_FP_ON_MQA_OFF_k8.log","server","B_FP_ON_MQA_OFF","8","name","335","""file-name""><br>\n"
"A&B","C:\Users\407407\Desktop\vllm\github\MQA_FastPath\A&B\server_B_FP_ON_MQA_OFF_k8.log","server","B_FP_ON_MQA_OFF","8","new_protected_value","474","\'other\'"
"A&B","C:\Users\407407\Desktop\vllm\github\MQA_FastPath\A&B\server_B_FP_ON_MQA_OFF_k8.log","server","B_FP_ON_MQA_OFF","8","ntext","308","[\'Dear   Support   team, \\\\n\\\\nRequest   you   to   please   install   VM   ware   Horizon   client   for  access to   client system.   Attaching   document   received   from   client   (Alix   partners)   for reference.\\\\n\\\\nclient   URL: https://portal.alixpartners.com\\\\nVMare-Horizon-Client-2212-8.8.-21079405\\\\n\\\\Thanks,InSrikanth   P\',\n""I   am   logging   this   request   on  be   half   of  Mahendra   Posham,   he   is   from  my   team.   he   is   facing   error   while setting   up  his   laptop.he   is facing   \'The  securtiy   database   on  the   server   does   not   have  a  computer account   for this   workstatition   trust   relationship\'   error   .     I   have   provided   his   no  below   can  you   plese call   him   up  to   understand   the   issue.    \\\\nhis   email   I\'d   is posham.mahendra\\\\n   laptopID:   ITL-HW-LAPTOP脗\\x95\\n000000441525  \\\\nmobile   no:  9573607244    \\\\n   "",\n\'Hi   there\n```', params: SamplingParams(n=1, presence_penalty=0.0, frequency_penalty=0.0, repetition_penalty=1.0, temperature=0.0, top_p=1.0, top_k=0, min_p=0.0, seed=None, stop=[]"
"A&B","C:\Users\407407\Desktop\vllm\github\MQA_FastPath\A&B\server_B_FP_ON_MQA_OFF_k8.log","server","B_FP_ON_MQA_OFF","8","num_scheduler_steps","46","1"
"A&B","C:\Users\407407\Desktop\vllm\github\MQA_FastPath\A&B\server_B_FP_ON_MQA_OFF_k8.log","server","B_FP_ON_MQA_OFF","8","num_spec_tokens","46","8)"
"A&B","C:\Users\407407\Desktop\vllm\github\MQA_FastPath\A&B\server_B_FP_ON_MQA_OFF_k8.log","server","B_FP_ON_MQA_OFF","8","observability_config","46","ObservabilityConfig(show_hidden_metrics_for_version=None"
"A&B","C:\Users\407407\Desktop\vllm\github\MQA_FastPath\A&B\server_B_FP_ON_MQA_OFF_k8.log","server","B_FP_ON_MQA_OFF","8","otlp_traces_endpoint","46","None"
"A&B","C:\Users\407407\Desktop\vllm\github\MQA_FastPath\A&B\server_B_FP_ON_MQA_OFF_k8.log","server","B_FP_ON_MQA_OFF","8","override_neuron_config","46","{}"
"A&B","C:\Users\407407\Desktop\vllm\github\MQA_FastPath\A&B\server_B_FP_ON_MQA_OFF_k8.log","server","B_FP_ON_MQA_OFF","8","overwrite","608","true)"";\n\nusing"
"A&B","C:\Users\407407\Desktop\vllm\github\MQA_FastPath\A&B\server_B_FP_ON_MQA_OFF_k8.log","server","B_FP_ON_MQA_OFF","8","overwrites","751","{ctx.guild.default_role:"
"A&B","C:\Users\407407\Desktop\vllm\github\MQA_FastPath\A&B\server_B_FP_ON_MQA_OFF_k8.log","server","B_FP_ON_MQA_OFF","8","path","217","""/"""
"A&B","C:\Users\407407\Desktop\vllm\github\MQA_FastPath\A&B\server_B_FP_ON_MQA_OFF_k8.log","server","B_FP_ON_MQA_OFF","8","pipeline_parallel_size","46","1"
"A&B","C:\Users\407407\Desktop\vllm\github\MQA_FastPath\A&B\server_B_FP_ON_MQA_OFF_k8.log","server","B_FP_ON_MQA_OFF","8","pooler_config","46","None"
"A&B","C:\Users\407407\Desktop\vllm\github\MQA_FastPath\A&B\server_B_FP_ON_MQA_OFF_k8.log","server","B_FP_ON_MQA_OFF","8","pos2","862","0.6562"
"A&B","C:\Users\407407\Desktop\vllm\github\MQA_FastPath\A&B\server_B_FP_ON_MQA_OFF_k8.log","server","B_FP_ON_MQA_OFF","8","pos3","862","0.1562"
"A&B","C:\Users\407407\Desktop\vllm\github\MQA_FastPath\A&B\server_B_FP_ON_MQA_OFF_k8.log","server","B_FP_ON_MQA_OFF","8","pos4","862","0.1562"
"A&B","C:\Users\407407\Desktop\vllm\github\MQA_FastPath\A&B\server_B_FP_ON_MQA_OFF_k8.log","server","B_FP_ON_MQA_OFF","8","presence_penalty","770","0.0"
"A&B","C:\Users\407407\Desktop\vllm\github\MQA_FastPath\A&B\server_B_FP_ON_MQA_OFF_k8.log","server","B_FP_ON_MQA_OFF","8","prompt_logprobs","770","None"
"A&B","C:\Users\407407\Desktop\vllm\github\MQA_FastPath\A&B\server_B_FP_ON_MQA_OFF_k8.log","server","B_FP_ON_MQA_OFF","8","proposer","50","<class 'vllm.spec_decode.multi_step_worker.MultiStepWorker'>"
"A&B","C:\Users\407407\Desktop\vllm\github\MQA_FastPath\A&B\server_B_FP_ON_MQA_OFF_k8.log","server","B_FP_ON_MQA_OFF","8","protected_attribute","474","\'gender\'"
"A&B","C:\Users\407407\Desktop\vllm\github\MQA_FastPath\A&B\server_B_FP_ON_MQA_OFF_k8.log","server","B_FP_ON_MQA_OFF","8","q","862","64"
"A&B","C:\Users\407407\Desktop\vllm\github\MQA_FastPath\A&B\server_B_FP_ON_MQA_OFF_k8.log","server","B_FP_ON_MQA_OFF","8","quantization","46","None"
"A&B","C:\Users\407407\Desktop\vllm\github\MQA_FastPath\A&B\server_B_FP_ON_MQA_OFF_k8.log","server","B_FP_ON_MQA_OFF","8","reasoning_backend","46","'')"
"A&B","C:\Users\407407\Desktop\vllm\github\MQA_FastPath\A&B\server_B_FP_ON_MQA_OFF_k8.log","server","B_FP_ON_MQA_OFF","8","repetition_penalty","770","1.0"
"A&B","C:\Users\407407\Desktop\vllm\github\MQA_FastPath\A&B\server_B_FP_ON_MQA_OFF_k8.log","server","B_FP_ON_MQA_OFF","8","revision","46","None"
"A&B","C:\Users\407407\Desktop\vllm\github\MQA_FastPath\A&B\server_B_FP_ON_MQA_OFF_k8.log","server","B_FP_ON_MQA_OFF","8","runner_cls","48","<class 'vllm_ascend.worker.draft_model_runner.TP1DraftModelRunner'>"
"A&B","C:\Users\407407\Desktop\vllm\github\MQA_FastPath\A&B\server_B_FP_ON_MQA_OFF_k8.log","server","B_FP_ON_MQA_OFF","8","sample_len","124","4"
"A&B","C:\Users\407407\Desktop\vllm\github\MQA_FastPath\A&B\server_B_FP_ON_MQA_OFF_k8.log","server","B_FP_ON_MQA_OFF","8","sampler","52","<class 'vllm.model_executor.layers.rejection_sampler.RejectionSampler'>"
"A&B","C:\Users\407407\Desktop\vllm\github\MQA_FastPath\A&B\server_B_FP_ON_MQA_OFF_k8.log","server","B_FP_ON_MQA_OFF","8","schedule","185","60"
"A&B","C:\Users\407407\Desktop\vllm\github\MQA_FastPath\A&B\server_B_FP_ON_MQA_OFF_k8.log","server","B_FP_ON_MQA_OFF","8","scoring_time_ms","1006","51.63"
"A&B","C:\Users\407407\Desktop\vllm\github\MQA_FastPath\A&B\server_B_FP_ON_MQA_OFF_k8.log","server","B_FP_ON_MQA_OFF","8","seed","770","None"
"A&B","C:\Users\407407\Desktop\vllm\github\MQA_FastPath\A&B\server_B_FP_ON_MQA_OFF_k8.log","server","B_FP_ON_MQA_OFF","8","send_messages","751","False"
"A&B","C:\Users\407407\Desktop\vllm\github\MQA_FastPath\A&B\server_B_FP_ON_MQA_OFF_k8.log","server","B_FP_ON_MQA_OFF","8","served_model_name","46","qwen3-8B"
"A&B","C:\Users\407407\Desktop\vllm\github\MQA_FastPath\A&B\server_B_FP_ON_MQA_OFF_k8.log","server","B_FP_ON_MQA_OFF","8","skip_special_tokens","770","True"
"A&B","C:\Users\407407\Desktop\vllm\github\MQA_FastPath\A&B\server_B_FP_ON_MQA_OFF_k8.log","server","B_FP_ON_MQA_OFF","8","skip_tokenizer_init","46","False"
"A&B","C:\Users\407407\Desktop\vllm\github\MQA_FastPath\A&B\server_B_FP_ON_MQA_OFF_k8.log","server","B_FP_ON_MQA_OFF","8","spaces_between_special_tokens","770","True"
"A&B","C:\Users\407407\Desktop\vllm\github\MQA_FastPath\A&B\server_B_FP_ON_MQA_OFF_k8.log","server","B_FP_ON_MQA_OFF","8","speculative_config","46","SpeculativeConfig(method='draft_model'"
"A&B","C:\Users\407407\Desktop\vllm\github\MQA_FastPath\A&B\server_B_FP_ON_MQA_OFF_k8.log","server","B_FP_ON_MQA_OFF","8","step_accept","1015","[1.0, 0.5958]"
"A&B","C:\Users\407407\Desktop\vllm\github\MQA_FastPath\A&B\server_B_FP_ON_MQA_OFF_k8.log","server","B_FP_ON_MQA_OFF","8","stop","770","[]"
"A&B","C:\Users\407407\Desktop\vllm\github\MQA_FastPath\A&B\server_B_FP_ON_MQA_OFF_k8.log","server","B_FP_ON_MQA_OFF","8","stop_token_ids","770","[]"
"A&B","C:\Users\407407\Desktop\vllm\github\MQA_FastPath\A&B\server_B_FP_ON_MQA_OFF_k8.log","server","B_FP_ON_MQA_OFF","8","supports_gpu_multi_step","125","True"
"A&B","C:\Users\407407\Desktop\vllm\github\MQA_FastPath\A&B\server_B_FP_ON_MQA_OFF_k8.log","server","B_FP_ON_MQA_OFF","8","switch_per_min","1017","3.4271"
"A&B","C:\Users\407407\Desktop\vllm\github\MQA_FastPath\A&B\server_B_FP_ON_MQA_OFF_k8.log","server","B_FP_ON_MQA_OFF","8","target_tp","48","1"
"A&B","C:\Users\407407\Desktop\vllm\github\MQA_FastPath\A&B\server_B_FP_ON_MQA_OFF_k8.log","server","B_FP_ON_MQA_OFF","8","temperature","770","0.0"
"A&B","C:\Users\407407\Desktop\vllm\github\MQA_FastPath\A&B\server_B_FP_ON_MQA_OFF_k8.log","server","B_FP_ON_MQA_OFF","8","tensor_parallel_size","46","1"
"A&B","C:\Users\407407\Desktop\vllm\github\MQA_FastPath\A&B\server_B_FP_ON_MQA_OFF_k8.log","server","B_FP_ON_MQA_OFF","8","threshold","474","0.5):\n"
"A&B","C:\Users\407407\Desktop\vllm\github\MQA_FastPath\A&B\server_B_FP_ON_MQA_OFF_k8.log","server","B_FP_ON_MQA_OFF","8","throughput_tps","1016","197.632"
"A&B","C:\Users\407407\Desktop\vllm\github\MQA_FastPath\A&B\server_B_FP_ON_MQA_OFF_k8.log","server","B_FP_ON_MQA_OFF","8","to","217","""/"">\n"
"A&B","C:\Users\407407\Desktop\vllm\github\MQA_FastPath\A&B\server_B_FP_ON_MQA_OFF_k8.log","server","B_FP_ON_MQA_OFF","8","tokenizer","46","'/mnt/ky2307909/siyuan.tong/Qwen3-8B'"
"A&B","C:\Users\407407\Desktop\vllm\github\MQA_FastPath\A&B\server_B_FP_ON_MQA_OFF_k8.log","server","B_FP_ON_MQA_OFF","8","tokenizer_mode","46","auto"
"A&B","C:\Users\407407\Desktop\vllm\github\MQA_FastPath\A&B\server_B_FP_ON_MQA_OFF_k8.log","server","B_FP_ON_MQA_OFF","8","tokenizer_revision","46","None"
"A&B","C:\Users\407407\Desktop\vllm\github\MQA_FastPath\A&B\server_B_FP_ON_MQA_OFF_k8.log","server","B_FP_ON_MQA_OFF","8","top_k","770","0"
"A&B","C:\Users\407407\Desktop\vllm\github\MQA_FastPath\A&B\server_B_FP_ON_MQA_OFF_k8.log","server","B_FP_ON_MQA_OFF","8","top_p","770","1.0"
"A&B","C:\Users\407407\Desktop\vllm\github\MQA_FastPath\A&B\server_B_FP_ON_MQA_OFF_k8.log","server","B_FP_ON_MQA_OFF","8","truncate_prompt_tokens","770","None"
"A&B","C:\Users\407407\Desktop\vllm\github\MQA_FastPath\A&B\server_B_FP_ON_MQA_OFF_k8.log","server","B_FP_ON_MQA_OFF","8","trust_remote_code","46","True"
"A&B","C:\Users\407407\Desktop\vllm\github\MQA_FastPath\A&B\server_B_FP_ON_MQA_OFF_k8.log","server","B_FP_ON_MQA_OFF","8","type","335","""text"""
"A&B","C:\Users\407407\Desktop\vllm\github\MQA_FastPath\A&B\server_B_FP_ON_MQA_OFF_k8.log","server","B_FP_ON_MQA_OFF","8","url","608","\'your-file-name.txt\'"
"A&B","C:\Users\407407\Desktop\vllm\github\MQA_FastPath\A&B\server_B_FP_ON_MQA_OFF_k8.log","server","B_FP_ON_MQA_OFF","8","use_async_output_proc","46","False"
"A&B","C:\Users\407407\Desktop\vllm\github\MQA_FastPath\A&B\server_B_FP_ON_MQA_OFF_k8.log","server","B_FP_ON_MQA_OFF","8","use_cached_outputs","46","True"
"A&B","C:\Users\407407\Desktop\vllm\github\MQA_FastPath\A&B\server_B_FP_ON_MQA_OFF_k8.log","server","B_FP_ON_MQA_OFF","8","value","335","""Download"">\n</form>\n```\nThis"
"A&B","C:\Users\407407\Desktop\vllm\github\MQA_FastPath\A&B\server_B_FP_ON_MQA_OFF_k8.log","server","B_FP_ON_MQA_OFF","8","variant","217","""primary"">Post</Button>\n"
"A&B","C:\Users\407407\Desktop\vllm\github\MQA_FastPath\A&B\server_B_FP_ON_MQA_OFF_k8.log","server","B_FP_ON_MQA_OFF","8","verification_time_ms","1006","4.48"
"A&B","C:\Users\407407\Desktop\vllm\github\MQA_FastPath\A&B\server_B_FP_ON_MQA_OFF_k8.log","server","B_FP_ON_MQA_OFF","8","view_channel","751","False)"
"A&B","C:\Users\407407\Desktop\vllm\github\MQA_FastPath\A&B\server_B_FP_ON_MQA_OFF_k8.log","server","B_FP_ON_MQA_OFF","8","vpcs","258","[]"
"A&B","C:\Users\407407\Desktop\vllm\github\MQA_FastPath\A&B\server_B_FP_ON_MQA_OFF_k8.log","server","B_FP_ON_MQA_OFF","8","W","631","X+Y'"
"A&B","C:\Users\407407\Desktop\vllm\github\MQA_FastPath\A&B\server_B_FP_ON_MQA_OFF_k8.log","server","B_FP_ON_MQA_OFF","8","waste","862","0.3958"
"A&B","C:\Users\407407\Desktop\vllm\github\MQA_FastPath\A&B\server_B_FP_ON_MQA_OFF_k8.log","server","B_FP_ON_MQA_OFF","8","waste_ratio","1015","0.2021"
"C&D","C:\Users\407407\Desktop\vllm\github\MQA_FastPath\C&D\bench_C_FP_OFF_MQA_ON_k2.log","bench","C_FP_OFF_MQA_ON","2","append_result","20","False"
"C&D","C:\Users\407407\Desktop\vllm\github\MQA_FastPath\C&D\bench_C_FP_OFF_MQA_ON_k2.log","bench","C_FP_OFF_MQA_ON","2","base_url","20","'http://127.0.0.1:8000'"
"C&D","C:\Users\407407\Desktop\vllm\github\MQA_FastPath\C&D\bench_C_FP_OFF_MQA_ON_k2.log","bench","C_FP_OFF_MQA_ON","2","bench_type","20","'serve'"
"C&D","C:\Users\407407\Desktop\vllm\github\MQA_FastPath\C&D\bench_C_FP_OFF_MQA_ON_k2.log","bench","C_FP_OFF_MQA_ON","2","burstiness","20","1.0"
"C&D","C:\Users\407407\Desktop\vllm\github\MQA_FastPath\C&D\bench_C_FP_OFF_MQA_ON_k2.log","bench","C_FP_OFF_MQA_ON","2","dataset_name","20","'sharegpt'"
"C&D","C:\Users\407407\Desktop\vllm\github\MQA_FastPath\C&D\bench_C_FP_OFF_MQA_ON_k2.log","bench","C_FP_OFF_MQA_ON","2","dataset_path","20","'/mnt/ky2307909/siyuan.tong/dataset/ShareGPT_V3_unfiltered_cleaned_split.json'"
"C&D","C:\Users\407407\Desktop\vllm\github\MQA_FastPath\C&D\bench_C_FP_OFF_MQA_ON_k2.log","bench","C_FP_OFF_MQA_ON","2","disable_tqdm","20","False"
"C&D","C:\Users\407407\Desktop\vllm\github\MQA_FastPath\C&D\bench_C_FP_OFF_MQA_ON_k2.log","bench","C_FP_OFF_MQA_ON","2","dispatch_function","20","<function BenchmarkServingSubcommand.cmd at 0xfffc1df4b490>"
"C&D","C:\Users\407407\Desktop\vllm\github\MQA_FastPath\C&D\bench_C_FP_OFF_MQA_ON_k2.log","bench","C_FP_OFF_MQA_ON","2","endpoint","20","'/v1/completions'"
"C&D","C:\Users\407407\Desktop\vllm\github\MQA_FastPath\C&D\bench_C_FP_OFF_MQA_ON_k2.log","bench","C_FP_OFF_MQA_ON","2","endpoint_type","20","'vllm'"
"C&D","C:\Users\407407\Desktop\vllm\github\MQA_FastPath\C&D\bench_C_FP_OFF_MQA_ON_k2.log","bench","C_FP_OFF_MQA_ON","2","goodput","20","None"
"C&D","C:\Users\407407\Desktop\vllm\github\MQA_FastPath\C&D\bench_C_FP_OFF_MQA_ON_k2.log","bench","C_FP_OFF_MQA_ON","2","hf_output_len","20","None"
"C&D","C:\Users\407407\Desktop\vllm\github\MQA_FastPath\C&D\bench_C_FP_OFF_MQA_ON_k2.log","bench","C_FP_OFF_MQA_ON","2","hf_split","20","None"
"C&D","C:\Users\407407\Desktop\vllm\github\MQA_FastPath\C&D\bench_C_FP_OFF_MQA_ON_k2.log","bench","C_FP_OFF_MQA_ON","2","hf_subset","20","None"
"C&D","C:\Users\407407\Desktop\vllm\github\MQA_FastPath\C&D\bench_C_FP_OFF_MQA_ON_k2.log","bench","C_FP_OFF_MQA_ON","2","host","20","'127.0.0.1'"
"C&D","C:\Users\407407\Desktop\vllm\github\MQA_FastPath\C&D\bench_C_FP_OFF_MQA_ON_k2.log","bench","C_FP_OFF_MQA_ON","2","ignore_eos","20","False"
"C&D","C:\Users\407407\Desktop\vllm\github\MQA_FastPath\C&D\bench_C_FP_OFF_MQA_ON_k2.log","bench","C_FP_OFF_MQA_ON","2","label","20","None"
"C&D","C:\Users\407407\Desktop\vllm\github\MQA_FastPath\C&D\bench_C_FP_OFF_MQA_ON_k2.log","bench","C_FP_OFF_MQA_ON","2","logprobs","20","None"
"C&D","C:\Users\407407\Desktop\vllm\github\MQA_FastPath\C&D\bench_C_FP_OFF_MQA_ON_k2.log","bench","C_FP_OFF_MQA_ON","2","lora_modules","20","None)"
"C&D","C:\Users\407407\Desktop\vllm\github\MQA_FastPath\C&D\bench_C_FP_OFF_MQA_ON_k2.log","bench","C_FP_OFF_MQA_ON","2","max_concurrency","20","None"
"C&D","C:\Users\407407\Desktop\vllm\github\MQA_FastPath\C&D\bench_C_FP_OFF_MQA_ON_k2.log","bench","C_FP_OFF_MQA_ON","2","metadata","20","None"
"C&D","C:\Users\407407\Desktop\vllm\github\MQA_FastPath\C&D\bench_C_FP_OFF_MQA_ON_k2.log","bench","C_FP_OFF_MQA_ON","2","metric_percentiles","20","'99'"
"C&D","C:\Users\407407\Desktop\vllm\github\MQA_FastPath\C&D\bench_C_FP_OFF_MQA_ON_k2.log","bench","C_FP_OFF_MQA_ON","2","min_p","20","None"
"C&D","C:\Users\407407\Desktop\vllm\github\MQA_FastPath\C&D\bench_C_FP_OFF_MQA_ON_k2.log","bench","C_FP_OFF_MQA_ON","2","model","20","'qwen3-8B'"
"C&D","C:\Users\407407\Desktop\vllm\github\MQA_FastPath\C&D\bench_C_FP_OFF_MQA_ON_k2.log","bench","C_FP_OFF_MQA_ON","2","num_prompts","20","200"
"C&D","C:\Users\407407\Desktop\vllm\github\MQA_FastPath\C&D\bench_C_FP_OFF_MQA_ON_k2.log","bench","C_FP_OFF_MQA_ON","2","percentile_metrics","20","'ttft,tpot,itl'"
"C&D","C:\Users\407407\Desktop\vllm\github\MQA_FastPath\C&D\bench_C_FP_OFF_MQA_ON_k2.log","bench","C_FP_OFF_MQA_ON","2","port","20","8000"
"C&D","C:\Users\407407\Desktop\vllm\github\MQA_FastPath\C&D\bench_C_FP_OFF_MQA_ON_k2.log","bench","C_FP_OFF_MQA_ON","2","profile","20","False"
"C&D","C:\Users\407407\Desktop\vllm\github\MQA_FastPath\C&D\bench_C_FP_OFF_MQA_ON_k2.log","bench","C_FP_OFF_MQA_ON","2","random_input_len","20","1024"
"C&D","C:\Users\407407\Desktop\vllm\github\MQA_FastPath\C&D\bench_C_FP_OFF_MQA_ON_k2.log","bench","C_FP_OFF_MQA_ON","2","random_output_len","20","128"
"C&D","C:\Users\407407\Desktop\vllm\github\MQA_FastPath\C&D\bench_C_FP_OFF_MQA_ON_k2.log","bench","C_FP_OFF_MQA_ON","2","random_prefix_len","20","0"
"C&D","C:\Users\407407\Desktop\vllm\github\MQA_FastPath\C&D\bench_C_FP_OFF_MQA_ON_k2.log","bench","C_FP_OFF_MQA_ON","2","random_range_ratio","20","0.0"
"C&D","C:\Users\407407\Desktop\vllm\github\MQA_FastPath\C&D\bench_C_FP_OFF_MQA_ON_k2.log","bench","C_FP_OFF_MQA_ON","2","request_rate","20","16.0"
"C&D","C:\Users\407407\Desktop\vllm\github\MQA_FastPath\C&D\bench_C_FP_OFF_MQA_ON_k2.log","bench","C_FP_OFF_MQA_ON","2","result_dir","20","None"
"C&D","C:\Users\407407\Desktop\vllm\github\MQA_FastPath\C&D\bench_C_FP_OFF_MQA_ON_k2.log","bench","C_FP_OFF_MQA_ON","2","result_filename","20","None"
"C&D","C:\Users\407407\Desktop\vllm\github\MQA_FastPath\C&D\bench_C_FP_OFF_MQA_ON_k2.log","bench","C_FP_OFF_MQA_ON","2","save_detailed","20","False"
"C&D","C:\Users\407407\Desktop\vllm\github\MQA_FastPath\C&D\bench_C_FP_OFF_MQA_ON_k2.log","bench","C_FP_OFF_MQA_ON","2","save_result","20","False"
"C&D","C:\Users\407407\Desktop\vllm\github\MQA_FastPath\C&D\bench_C_FP_OFF_MQA_ON_k2.log","bench","C_FP_OFF_MQA_ON","2","seed","20","0"
"C&D","C:\Users\407407\Desktop\vllm\github\MQA_FastPath\C&D\bench_C_FP_OFF_MQA_ON_k2.log","bench","C_FP_OFF_MQA_ON","2","served_model_name","20","None"
"C&D","C:\Users\407407\Desktop\vllm\github\MQA_FastPath\C&D\bench_C_FP_OFF_MQA_ON_k2.log","bench","C_FP_OFF_MQA_ON","2","sharegpt_output_len","20","None"
"C&D","C:\Users\407407\Desktop\vllm\github\MQA_FastPath\C&D\bench_C_FP_OFF_MQA_ON_k2.log","bench","C_FP_OFF_MQA_ON","2","sonnet_input_len","20","550"
"C&D","C:\Users\407407\Desktop\vllm\github\MQA_FastPath\C&D\bench_C_FP_OFF_MQA_ON_k2.log","bench","C_FP_OFF_MQA_ON","2","sonnet_output_len","20","150"
"C&D","C:\Users\407407\Desktop\vllm\github\MQA_FastPath\C&D\bench_C_FP_OFF_MQA_ON_k2.log","bench","C_FP_OFF_MQA_ON","2","sonnet_prefix_len","20","200"
"C&D","C:\Users\407407\Desktop\vllm\github\MQA_FastPath\C&D\bench_C_FP_OFF_MQA_ON_k2.log","bench","C_FP_OFF_MQA_ON","2","subparser","20","'bench'"
"C&D","C:\Users\407407\Desktop\vllm\github\MQA_FastPath\C&D\bench_C_FP_OFF_MQA_ON_k2.log","bench","C_FP_OFF_MQA_ON","2","temperature","20","None"
"C&D","C:\Users\407407\Desktop\vllm\github\MQA_FastPath\C&D\bench_C_FP_OFF_MQA_ON_k2.log","bench","C_FP_OFF_MQA_ON","2","tokenizer","20","'/mnt/ky2307909/siyuan.tong/Qwen3-8B'"
"C&D","C:\Users\407407\Desktop\vllm\github\MQA_FastPath\C&D\bench_C_FP_OFF_MQA_ON_k2.log","bench","C_FP_OFF_MQA_ON","2","tokenizer_mode","20","'auto'"
"C&D","C:\Users\407407\Desktop\vllm\github\MQA_FastPath\C&D\bench_C_FP_OFF_MQA_ON_k2.log","bench","C_FP_OFF_MQA_ON","2","top_k","20","None"
"C&D","C:\Users\407407\Desktop\vllm\github\MQA_FastPath\C&D\bench_C_FP_OFF_MQA_ON_k2.log","bench","C_FP_OFF_MQA_ON","2","top_p","20","None"
"C&D","C:\Users\407407\Desktop\vllm\github\MQA_FastPath\C&D\bench_C_FP_OFF_MQA_ON_k2.log","bench","C_FP_OFF_MQA_ON","2","trust_remote_code","20","True"
"C&D","C:\Users\407407\Desktop\vllm\github\MQA_FastPath\C&D\bench_C_FP_OFF_MQA_ON_k2.log","bench","C_FP_OFF_MQA_ON","2","use_beam_search","20","False"
"C&D","C:\Users\407407\Desktop\vllm\github\MQA_FastPath\C&D\bench_C_FP_OFF_MQA_ON_k4.log","bench","C_FP_OFF_MQA_ON","4","append_result","20","False"
"C&D","C:\Users\407407\Desktop\vllm\github\MQA_FastPath\C&D\bench_C_FP_OFF_MQA_ON_k4.log","bench","C_FP_OFF_MQA_ON","4","base_url","20","'http://127.0.0.1:8000'"
"C&D","C:\Users\407407\Desktop\vllm\github\MQA_FastPath\C&D\bench_C_FP_OFF_MQA_ON_k4.log","bench","C_FP_OFF_MQA_ON","4","bench_type","20","'serve'"
"C&D","C:\Users\407407\Desktop\vllm\github\MQA_FastPath\C&D\bench_C_FP_OFF_MQA_ON_k4.log","bench","C_FP_OFF_MQA_ON","4","burstiness","20","1.0"
"C&D","C:\Users\407407\Desktop\vllm\github\MQA_FastPath\C&D\bench_C_FP_OFF_MQA_ON_k4.log","bench","C_FP_OFF_MQA_ON","4","dataset_name","20","'sharegpt'"
"C&D","C:\Users\407407\Desktop\vllm\github\MQA_FastPath\C&D\bench_C_FP_OFF_MQA_ON_k4.log","bench","C_FP_OFF_MQA_ON","4","dataset_path","20","'/mnt/ky2307909/siyuan.tong/dataset/ShareGPT_V3_unfiltered_cleaned_split.json'"
"C&D","C:\Users\407407\Desktop\vllm\github\MQA_FastPath\C&D\bench_C_FP_OFF_MQA_ON_k4.log","bench","C_FP_OFF_MQA_ON","4","disable_tqdm","20","False"
"C&D","C:\Users\407407\Desktop\vllm\github\MQA_FastPath\C&D\bench_C_FP_OFF_MQA_ON_k4.log","bench","C_FP_OFF_MQA_ON","4","dispatch_function","20","<function BenchmarkServingSubcommand.cmd at 0xfffc0e61b490>"
"C&D","C:\Users\407407\Desktop\vllm\github\MQA_FastPath\C&D\bench_C_FP_OFF_MQA_ON_k4.log","bench","C_FP_OFF_MQA_ON","4","endpoint","20","'/v1/completions'"
"C&D","C:\Users\407407\Desktop\vllm\github\MQA_FastPath\C&D\bench_C_FP_OFF_MQA_ON_k4.log","bench","C_FP_OFF_MQA_ON","4","endpoint_type","20","'vllm'"
"C&D","C:\Users\407407\Desktop\vllm\github\MQA_FastPath\C&D\bench_C_FP_OFF_MQA_ON_k4.log","bench","C_FP_OFF_MQA_ON","4","goodput","20","None"
"C&D","C:\Users\407407\Desktop\vllm\github\MQA_FastPath\C&D\bench_C_FP_OFF_MQA_ON_k4.log","bench","C_FP_OFF_MQA_ON","4","hf_output_len","20","None"
"C&D","C:\Users\407407\Desktop\vllm\github\MQA_FastPath\C&D\bench_C_FP_OFF_MQA_ON_k4.log","bench","C_FP_OFF_MQA_ON","4","hf_split","20","None"
"C&D","C:\Users\407407\Desktop\vllm\github\MQA_FastPath\C&D\bench_C_FP_OFF_MQA_ON_k4.log","bench","C_FP_OFF_MQA_ON","4","hf_subset","20","None"
"C&D","C:\Users\407407\Desktop\vllm\github\MQA_FastPath\C&D\bench_C_FP_OFF_MQA_ON_k4.log","bench","C_FP_OFF_MQA_ON","4","host","20","'127.0.0.1'"
"C&D","C:\Users\407407\Desktop\vllm\github\MQA_FastPath\C&D\bench_C_FP_OFF_MQA_ON_k4.log","bench","C_FP_OFF_MQA_ON","4","ignore_eos","20","False"
"C&D","C:\Users\407407\Desktop\vllm\github\MQA_FastPath\C&D\bench_C_FP_OFF_MQA_ON_k4.log","bench","C_FP_OFF_MQA_ON","4","label","20","None"
"C&D","C:\Users\407407\Desktop\vllm\github\MQA_FastPath\C&D\bench_C_FP_OFF_MQA_ON_k4.log","bench","C_FP_OFF_MQA_ON","4","logprobs","20","None"
"C&D","C:\Users\407407\Desktop\vllm\github\MQA_FastPath\C&D\bench_C_FP_OFF_MQA_ON_k4.log","bench","C_FP_OFF_MQA_ON","4","lora_modules","20","None)"
"C&D","C:\Users\407407\Desktop\vllm\github\MQA_FastPath\C&D\bench_C_FP_OFF_MQA_ON_k4.log","bench","C_FP_OFF_MQA_ON","4","max_concurrency","20","None"
"C&D","C:\Users\407407\Desktop\vllm\github\MQA_FastPath\C&D\bench_C_FP_OFF_MQA_ON_k4.log","bench","C_FP_OFF_MQA_ON","4","metadata","20","None"
"C&D","C:\Users\407407\Desktop\vllm\github\MQA_FastPath\C&D\bench_C_FP_OFF_MQA_ON_k4.log","bench","C_FP_OFF_MQA_ON","4","metric_percentiles","20","'99'"
"C&D","C:\Users\407407\Desktop\vllm\github\MQA_FastPath\C&D\bench_C_FP_OFF_MQA_ON_k4.log","bench","C_FP_OFF_MQA_ON","4","min_p","20","None"
"C&D","C:\Users\407407\Desktop\vllm\github\MQA_FastPath\C&D\bench_C_FP_OFF_MQA_ON_k4.log","bench","C_FP_OFF_MQA_ON","4","model","20","'qwen3-8B'"
"C&D","C:\Users\407407\Desktop\vllm\github\MQA_FastPath\C&D\bench_C_FP_OFF_MQA_ON_k4.log","bench","C_FP_OFF_MQA_ON","4","num_prompts","20","200"
"C&D","C:\Users\407407\Desktop\vllm\github\MQA_FastPath\C&D\bench_C_FP_OFF_MQA_ON_k4.log","bench","C_FP_OFF_MQA_ON","4","percentile_metrics","20","'ttft,tpot,itl'"
"C&D","C:\Users\407407\Desktop\vllm\github\MQA_FastPath\C&D\bench_C_FP_OFF_MQA_ON_k4.log","bench","C_FP_OFF_MQA_ON","4","port","20","8000"
"C&D","C:\Users\407407\Desktop\vllm\github\MQA_FastPath\C&D\bench_C_FP_OFF_MQA_ON_k4.log","bench","C_FP_OFF_MQA_ON","4","profile","20","False"
"C&D","C:\Users\407407\Desktop\vllm\github\MQA_FastPath\C&D\bench_C_FP_OFF_MQA_ON_k4.log","bench","C_FP_OFF_MQA_ON","4","random_input_len","20","1024"
"C&D","C:\Users\407407\Desktop\vllm\github\MQA_FastPath\C&D\bench_C_FP_OFF_MQA_ON_k4.log","bench","C_FP_OFF_MQA_ON","4","random_output_len","20","128"
"C&D","C:\Users\407407\Desktop\vllm\github\MQA_FastPath\C&D\bench_C_FP_OFF_MQA_ON_k4.log","bench","C_FP_OFF_MQA_ON","4","random_prefix_len","20","0"
"C&D","C:\Users\407407\Desktop\vllm\github\MQA_FastPath\C&D\bench_C_FP_OFF_MQA_ON_k4.log","bench","C_FP_OFF_MQA_ON","4","random_range_ratio","20","0.0"
"C&D","C:\Users\407407\Desktop\vllm\github\MQA_FastPath\C&D\bench_C_FP_OFF_MQA_ON_k4.log","bench","C_FP_OFF_MQA_ON","4","request_rate","20","16.0"
"C&D","C:\Users\407407\Desktop\vllm\github\MQA_FastPath\C&D\bench_C_FP_OFF_MQA_ON_k4.log","bench","C_FP_OFF_MQA_ON","4","result_dir","20","None"
"C&D","C:\Users\407407\Desktop\vllm\github\MQA_FastPath\C&D\bench_C_FP_OFF_MQA_ON_k4.log","bench","C_FP_OFF_MQA_ON","4","result_filename","20","None"
"C&D","C:\Users\407407\Desktop\vllm\github\MQA_FastPath\C&D\bench_C_FP_OFF_MQA_ON_k4.log","bench","C_FP_OFF_MQA_ON","4","save_detailed","20","False"
"C&D","C:\Users\407407\Desktop\vllm\github\MQA_FastPath\C&D\bench_C_FP_OFF_MQA_ON_k4.log","bench","C_FP_OFF_MQA_ON","4","save_result","20","False"
"C&D","C:\Users\407407\Desktop\vllm\github\MQA_FastPath\C&D\bench_C_FP_OFF_MQA_ON_k4.log","bench","C_FP_OFF_MQA_ON","4","seed","20","0"
"C&D","C:\Users\407407\Desktop\vllm\github\MQA_FastPath\C&D\bench_C_FP_OFF_MQA_ON_k4.log","bench","C_FP_OFF_MQA_ON","4","served_model_name","20","None"
"C&D","C:\Users\407407\Desktop\vllm\github\MQA_FastPath\C&D\bench_C_FP_OFF_MQA_ON_k4.log","bench","C_FP_OFF_MQA_ON","4","sharegpt_output_len","20","None"
"C&D","C:\Users\407407\Desktop\vllm\github\MQA_FastPath\C&D\bench_C_FP_OFF_MQA_ON_k4.log","bench","C_FP_OFF_MQA_ON","4","sonnet_input_len","20","550"
"C&D","C:\Users\407407\Desktop\vllm\github\MQA_FastPath\C&D\bench_C_FP_OFF_MQA_ON_k4.log","bench","C_FP_OFF_MQA_ON","4","sonnet_output_len","20","150"
"C&D","C:\Users\407407\Desktop\vllm\github\MQA_FastPath\C&D\bench_C_FP_OFF_MQA_ON_k4.log","bench","C_FP_OFF_MQA_ON","4","sonnet_prefix_len","20","200"
"C&D","C:\Users\407407\Desktop\vllm\github\MQA_FastPath\C&D\bench_C_FP_OFF_MQA_ON_k4.log","bench","C_FP_OFF_MQA_ON","4","subparser","20","'bench'"
"C&D","C:\Users\407407\Desktop\vllm\github\MQA_FastPath\C&D\bench_C_FP_OFF_MQA_ON_k4.log","bench","C_FP_OFF_MQA_ON","4","temperature","20","None"
"C&D","C:\Users\407407\Desktop\vllm\github\MQA_FastPath\C&D\bench_C_FP_OFF_MQA_ON_k4.log","bench","C_FP_OFF_MQA_ON","4","tokenizer","20","'/mnt/ky2307909/siyuan.tong/Qwen3-8B'"
"C&D","C:\Users\407407\Desktop\vllm\github\MQA_FastPath\C&D\bench_C_FP_OFF_MQA_ON_k4.log","bench","C_FP_OFF_MQA_ON","4","tokenizer_mode","20","'auto'"
"C&D","C:\Users\407407\Desktop\vllm\github\MQA_FastPath\C&D\bench_C_FP_OFF_MQA_ON_k4.log","bench","C_FP_OFF_MQA_ON","4","top_k","20","None"
"C&D","C:\Users\407407\Desktop\vllm\github\MQA_FastPath\C&D\bench_C_FP_OFF_MQA_ON_k4.log","bench","C_FP_OFF_MQA_ON","4","top_p","20","None"
"C&D","C:\Users\407407\Desktop\vllm\github\MQA_FastPath\C&D\bench_C_FP_OFF_MQA_ON_k4.log","bench","C_FP_OFF_MQA_ON","4","trust_remote_code","20","True"
"C&D","C:\Users\407407\Desktop\vllm\github\MQA_FastPath\C&D\bench_C_FP_OFF_MQA_ON_k4.log","bench","C_FP_OFF_MQA_ON","4","use_beam_search","20","False"
"C&D","C:\Users\407407\Desktop\vllm\github\MQA_FastPath\C&D\bench_C_FP_OFF_MQA_ON_k8.log","bench","C_FP_OFF_MQA_ON","8","append_result","20","False"
"C&D","C:\Users\407407\Desktop\vllm\github\MQA_FastPath\C&D\bench_C_FP_OFF_MQA_ON_k8.log","bench","C_FP_OFF_MQA_ON","8","base_url","20","'http://127.0.0.1:8000'"
"C&D","C:\Users\407407\Desktop\vllm\github\MQA_FastPath\C&D\bench_C_FP_OFF_MQA_ON_k8.log","bench","C_FP_OFF_MQA_ON","8","bench_type","20","'serve'"
"C&D","C:\Users\407407\Desktop\vllm\github\MQA_FastPath\C&D\bench_C_FP_OFF_MQA_ON_k8.log","bench","C_FP_OFF_MQA_ON","8","burstiness","20","1.0"
"C&D","C:\Users\407407\Desktop\vllm\github\MQA_FastPath\C&D\bench_C_FP_OFF_MQA_ON_k8.log","bench","C_FP_OFF_MQA_ON","8","dataset_name","20","'sharegpt'"
"C&D","C:\Users\407407\Desktop\vllm\github\MQA_FastPath\C&D\bench_C_FP_OFF_MQA_ON_k8.log","bench","C_FP_OFF_MQA_ON","8","dataset_path","20","'/mnt/ky2307909/siyuan.tong/dataset/ShareGPT_V3_unfiltered_cleaned_split.json'"
"C&D","C:\Users\407407\Desktop\vllm\github\MQA_FastPath\C&D\bench_C_FP_OFF_MQA_ON_k8.log","bench","C_FP_OFF_MQA_ON","8","disable_tqdm","20","False"
"C&D","C:\Users\407407\Desktop\vllm\github\MQA_FastPath\C&D\bench_C_FP_OFF_MQA_ON_k8.log","bench","C_FP_OFF_MQA_ON","8","dispatch_function","20","<function BenchmarkServingSubcommand.cmd at 0xfffc1205f490>"
"C&D","C:\Users\407407\Desktop\vllm\github\MQA_FastPath\C&D\bench_C_FP_OFF_MQA_ON_k8.log","bench","C_FP_OFF_MQA_ON","8","endpoint","20","'/v1/completions'"
"C&D","C:\Users\407407\Desktop\vllm\github\MQA_FastPath\C&D\bench_C_FP_OFF_MQA_ON_k8.log","bench","C_FP_OFF_MQA_ON","8","endpoint_type","20","'vllm'"
"C&D","C:\Users\407407\Desktop\vllm\github\MQA_FastPath\C&D\bench_C_FP_OFF_MQA_ON_k8.log","bench","C_FP_OFF_MQA_ON","8","goodput","20","None"
"C&D","C:\Users\407407\Desktop\vllm\github\MQA_FastPath\C&D\bench_C_FP_OFF_MQA_ON_k8.log","bench","C_FP_OFF_MQA_ON","8","hf_output_len","20","None"
"C&D","C:\Users\407407\Desktop\vllm\github\MQA_FastPath\C&D\bench_C_FP_OFF_MQA_ON_k8.log","bench","C_FP_OFF_MQA_ON","8","hf_split","20","None"
"C&D","C:\Users\407407\Desktop\vllm\github\MQA_FastPath\C&D\bench_C_FP_OFF_MQA_ON_k8.log","bench","C_FP_OFF_MQA_ON","8","hf_subset","20","None"
"C&D","C:\Users\407407\Desktop\vllm\github\MQA_FastPath\C&D\bench_C_FP_OFF_MQA_ON_k8.log","bench","C_FP_OFF_MQA_ON","8","host","20","'127.0.0.1'"
"C&D","C:\Users\407407\Desktop\vllm\github\MQA_FastPath\C&D\bench_C_FP_OFF_MQA_ON_k8.log","bench","C_FP_OFF_MQA_ON","8","ignore_eos","20","False"
"C&D","C:\Users\407407\Desktop\vllm\github\MQA_FastPath\C&D\bench_C_FP_OFF_MQA_ON_k8.log","bench","C_FP_OFF_MQA_ON","8","label","20","None"
"C&D","C:\Users\407407\Desktop\vllm\github\MQA_FastPath\C&D\bench_C_FP_OFF_MQA_ON_k8.log","bench","C_FP_OFF_MQA_ON","8","logprobs","20","None"
"C&D","C:\Users\407407\Desktop\vllm\github\MQA_FastPath\C&D\bench_C_FP_OFF_MQA_ON_k8.log","bench","C_FP_OFF_MQA_ON","8","lora_modules","20","None)"
"C&D","C:\Users\407407\Desktop\vllm\github\MQA_FastPath\C&D\bench_C_FP_OFF_MQA_ON_k8.log","bench","C_FP_OFF_MQA_ON","8","max_concurrency","20","None"
"C&D","C:\Users\407407\Desktop\vllm\github\MQA_FastPath\C&D\bench_C_FP_OFF_MQA_ON_k8.log","bench","C_FP_OFF_MQA_ON","8","metadata","20","None"
"C&D","C:\Users\407407\Desktop\vllm\github\MQA_FastPath\C&D\bench_C_FP_OFF_MQA_ON_k8.log","bench","C_FP_OFF_MQA_ON","8","metric_percentiles","20","'99'"
"C&D","C:\Users\407407\Desktop\vllm\github\MQA_FastPath\C&D\bench_C_FP_OFF_MQA_ON_k8.log","bench","C_FP_OFF_MQA_ON","8","min_p","20","None"
"C&D","C:\Users\407407\Desktop\vllm\github\MQA_FastPath\C&D\bench_C_FP_OFF_MQA_ON_k8.log","bench","C_FP_OFF_MQA_ON","8","model","20","'qwen3-8B'"
"C&D","C:\Users\407407\Desktop\vllm\github\MQA_FastPath\C&D\bench_C_FP_OFF_MQA_ON_k8.log","bench","C_FP_OFF_MQA_ON","8","num_prompts","20","200"
"C&D","C:\Users\407407\Desktop\vllm\github\MQA_FastPath\C&D\bench_C_FP_OFF_MQA_ON_k8.log","bench","C_FP_OFF_MQA_ON","8","percentile_metrics","20","'ttft,tpot,itl'"
"C&D","C:\Users\407407\Desktop\vllm\github\MQA_FastPath\C&D\bench_C_FP_OFF_MQA_ON_k8.log","bench","C_FP_OFF_MQA_ON","8","port","20","8000"
"C&D","C:\Users\407407\Desktop\vllm\github\MQA_FastPath\C&D\bench_C_FP_OFF_MQA_ON_k8.log","bench","C_FP_OFF_MQA_ON","8","profile","20","False"
"C&D","C:\Users\407407\Desktop\vllm\github\MQA_FastPath\C&D\bench_C_FP_OFF_MQA_ON_k8.log","bench","C_FP_OFF_MQA_ON","8","random_input_len","20","1024"
"C&D","C:\Users\407407\Desktop\vllm\github\MQA_FastPath\C&D\bench_C_FP_OFF_MQA_ON_k8.log","bench","C_FP_OFF_MQA_ON","8","random_output_len","20","128"
"C&D","C:\Users\407407\Desktop\vllm\github\MQA_FastPath\C&D\bench_C_FP_OFF_MQA_ON_k8.log","bench","C_FP_OFF_MQA_ON","8","random_prefix_len","20","0"
"C&D","C:\Users\407407\Desktop\vllm\github\MQA_FastPath\C&D\bench_C_FP_OFF_MQA_ON_k8.log","bench","C_FP_OFF_MQA_ON","8","random_range_ratio","20","0.0"
"C&D","C:\Users\407407\Desktop\vllm\github\MQA_FastPath\C&D\bench_C_FP_OFF_MQA_ON_k8.log","bench","C_FP_OFF_MQA_ON","8","request_rate","20","16.0"
"C&D","C:\Users\407407\Desktop\vllm\github\MQA_FastPath\C&D\bench_C_FP_OFF_MQA_ON_k8.log","bench","C_FP_OFF_MQA_ON","8","result_dir","20","None"
"C&D","C:\Users\407407\Desktop\vllm\github\MQA_FastPath\C&D\bench_C_FP_OFF_MQA_ON_k8.log","bench","C_FP_OFF_MQA_ON","8","result_filename","20","None"
"C&D","C:\Users\407407\Desktop\vllm\github\MQA_FastPath\C&D\bench_C_FP_OFF_MQA_ON_k8.log","bench","C_FP_OFF_MQA_ON","8","save_detailed","20","False"
"C&D","C:\Users\407407\Desktop\vllm\github\MQA_FastPath\C&D\bench_C_FP_OFF_MQA_ON_k8.log","bench","C_FP_OFF_MQA_ON","8","save_result","20","False"
"C&D","C:\Users\407407\Desktop\vllm\github\MQA_FastPath\C&D\bench_C_FP_OFF_MQA_ON_k8.log","bench","C_FP_OFF_MQA_ON","8","seed","20","0"
"C&D","C:\Users\407407\Desktop\vllm\github\MQA_FastPath\C&D\bench_C_FP_OFF_MQA_ON_k8.log","bench","C_FP_OFF_MQA_ON","8","served_model_name","20","None"
"C&D","C:\Users\407407\Desktop\vllm\github\MQA_FastPath\C&D\bench_C_FP_OFF_MQA_ON_k8.log","bench","C_FP_OFF_MQA_ON","8","sharegpt_output_len","20","None"
"C&D","C:\Users\407407\Desktop\vllm\github\MQA_FastPath\C&D\bench_C_FP_OFF_MQA_ON_k8.log","bench","C_FP_OFF_MQA_ON","8","sonnet_input_len","20","550"
"C&D","C:\Users\407407\Desktop\vllm\github\MQA_FastPath\C&D\bench_C_FP_OFF_MQA_ON_k8.log","bench","C_FP_OFF_MQA_ON","8","sonnet_output_len","20","150"
"C&D","C:\Users\407407\Desktop\vllm\github\MQA_FastPath\C&D\bench_C_FP_OFF_MQA_ON_k8.log","bench","C_FP_OFF_MQA_ON","8","sonnet_prefix_len","20","200"
"C&D","C:\Users\407407\Desktop\vllm\github\MQA_FastPath\C&D\bench_C_FP_OFF_MQA_ON_k8.log","bench","C_FP_OFF_MQA_ON","8","subparser","20","'bench'"
"C&D","C:\Users\407407\Desktop\vllm\github\MQA_FastPath\C&D\bench_C_FP_OFF_MQA_ON_k8.log","bench","C_FP_OFF_MQA_ON","8","temperature","20","None"
"C&D","C:\Users\407407\Desktop\vllm\github\MQA_FastPath\C&D\bench_C_FP_OFF_MQA_ON_k8.log","bench","C_FP_OFF_MQA_ON","8","tokenizer","20","'/mnt/ky2307909/siyuan.tong/Qwen3-8B'"
"C&D","C:\Users\407407\Desktop\vllm\github\MQA_FastPath\C&D\bench_C_FP_OFF_MQA_ON_k8.log","bench","C_FP_OFF_MQA_ON","8","tokenizer_mode","20","'auto'"
"C&D","C:\Users\407407\Desktop\vllm\github\MQA_FastPath\C&D\bench_C_FP_OFF_MQA_ON_k8.log","bench","C_FP_OFF_MQA_ON","8","top_k","20","None"
"C&D","C:\Users\407407\Desktop\vllm\github\MQA_FastPath\C&D\bench_C_FP_OFF_MQA_ON_k8.log","bench","C_FP_OFF_MQA_ON","8","top_p","20","None"
"C&D","C:\Users\407407\Desktop\vllm\github\MQA_FastPath\C&D\bench_C_FP_OFF_MQA_ON_k8.log","bench","C_FP_OFF_MQA_ON","8","trust_remote_code","20","True"
"C&D","C:\Users\407407\Desktop\vllm\github\MQA_FastPath\C&D\bench_C_FP_OFF_MQA_ON_k8.log","bench","C_FP_OFF_MQA_ON","8","use_beam_search","20","False"
"C&D","C:\Users\407407\Desktop\vllm\github\MQA_FastPath\C&D\bench_D_FP_OFF_MQA_OFF_k2.log","bench","D_FP_OFF_MQA_OFF","2","append_result","20","False"
"C&D","C:\Users\407407\Desktop\vllm\github\MQA_FastPath\C&D\bench_D_FP_OFF_MQA_OFF_k2.log","bench","D_FP_OFF_MQA_OFF","2","base_url","20","'http://127.0.0.1:8000'"
"C&D","C:\Users\407407\Desktop\vllm\github\MQA_FastPath\C&D\bench_D_FP_OFF_MQA_OFF_k2.log","bench","D_FP_OFF_MQA_OFF","2","bench_type","20","'serve'"
"C&D","C:\Users\407407\Desktop\vllm\github\MQA_FastPath\C&D\bench_D_FP_OFF_MQA_OFF_k2.log","bench","D_FP_OFF_MQA_OFF","2","burstiness","20","1.0"
"C&D","C:\Users\407407\Desktop\vllm\github\MQA_FastPath\C&D\bench_D_FP_OFF_MQA_OFF_k2.log","bench","D_FP_OFF_MQA_OFF","2","dataset_name","20","'sharegpt'"
"C&D","C:\Users\407407\Desktop\vllm\github\MQA_FastPath\C&D\bench_D_FP_OFF_MQA_OFF_k2.log","bench","D_FP_OFF_MQA_OFF","2","dataset_path","20","'/mnt/ky2307909/siyuan.tong/dataset/ShareGPT_V3_unfiltered_cleaned_split.json'"
"C&D","C:\Users\407407\Desktop\vllm\github\MQA_FastPath\C&D\bench_D_FP_OFF_MQA_OFF_k2.log","bench","D_FP_OFF_MQA_OFF","2","disable_tqdm","20","False"
"C&D","C:\Users\407407\Desktop\vllm\github\MQA_FastPath\C&D\bench_D_FP_OFF_MQA_OFF_k2.log","bench","D_FP_OFF_MQA_OFF","2","dispatch_function","20","<function BenchmarkServingSubcommand.cmd at 0xfffc1ff1b490>"
"C&D","C:\Users\407407\Desktop\vllm\github\MQA_FastPath\C&D\bench_D_FP_OFF_MQA_OFF_k2.log","bench","D_FP_OFF_MQA_OFF","2","endpoint","20","'/v1/completions'"
"C&D","C:\Users\407407\Desktop\vllm\github\MQA_FastPath\C&D\bench_D_FP_OFF_MQA_OFF_k2.log","bench","D_FP_OFF_MQA_OFF","2","endpoint_type","20","'vllm'"
"C&D","C:\Users\407407\Desktop\vllm\github\MQA_FastPath\C&D\bench_D_FP_OFF_MQA_OFF_k2.log","bench","D_FP_OFF_MQA_OFF","2","goodput","20","None"
"C&D","C:\Users\407407\Desktop\vllm\github\MQA_FastPath\C&D\bench_D_FP_OFF_MQA_OFF_k2.log","bench","D_FP_OFF_MQA_OFF","2","hf_output_len","20","None"
"C&D","C:\Users\407407\Desktop\vllm\github\MQA_FastPath\C&D\bench_D_FP_OFF_MQA_OFF_k2.log","bench","D_FP_OFF_MQA_OFF","2","hf_split","20","None"
"C&D","C:\Users\407407\Desktop\vllm\github\MQA_FastPath\C&D\bench_D_FP_OFF_MQA_OFF_k2.log","bench","D_FP_OFF_MQA_OFF","2","hf_subset","20","None"
"C&D","C:\Users\407407\Desktop\vllm\github\MQA_FastPath\C&D\bench_D_FP_OFF_MQA_OFF_k2.log","bench","D_FP_OFF_MQA_OFF","2","host","20","'127.0.0.1'"
"C&D","C:\Users\407407\Desktop\vllm\github\MQA_FastPath\C&D\bench_D_FP_OFF_MQA_OFF_k2.log","bench","D_FP_OFF_MQA_OFF","2","ignore_eos","20","False"
"C&D","C:\Users\407407\Desktop\vllm\github\MQA_FastPath\C&D\bench_D_FP_OFF_MQA_OFF_k2.log","bench","D_FP_OFF_MQA_OFF","2","label","20","None"
"C&D","C:\Users\407407\Desktop\vllm\github\MQA_FastPath\C&D\bench_D_FP_OFF_MQA_OFF_k2.log","bench","D_FP_OFF_MQA_OFF","2","logprobs","20","None"
"C&D","C:\Users\407407\Desktop\vllm\github\MQA_FastPath\C&D\bench_D_FP_OFF_MQA_OFF_k2.log","bench","D_FP_OFF_MQA_OFF","2","lora_modules","20","None)"
"C&D","C:\Users\407407\Desktop\vllm\github\MQA_FastPath\C&D\bench_D_FP_OFF_MQA_OFF_k2.log","bench","D_FP_OFF_MQA_OFF","2","max_concurrency","20","None"
"C&D","C:\Users\407407\Desktop\vllm\github\MQA_FastPath\C&D\bench_D_FP_OFF_MQA_OFF_k2.log","bench","D_FP_OFF_MQA_OFF","2","metadata","20","None"
"C&D","C:\Users\407407\Desktop\vllm\github\MQA_FastPath\C&D\bench_D_FP_OFF_MQA_OFF_k2.log","bench","D_FP_OFF_MQA_OFF","2","metric_percentiles","20","'99'"
"C&D","C:\Users\407407\Desktop\vllm\github\MQA_FastPath\C&D\bench_D_FP_OFF_MQA_OFF_k2.log","bench","D_FP_OFF_MQA_OFF","2","min_p","20","None"
"C&D","C:\Users\407407\Desktop\vllm\github\MQA_FastPath\C&D\bench_D_FP_OFF_MQA_OFF_k2.log","bench","D_FP_OFF_MQA_OFF","2","model","20","'qwen3-8B'"
"C&D","C:\Users\407407\Desktop\vllm\github\MQA_FastPath\C&D\bench_D_FP_OFF_MQA_OFF_k2.log","bench","D_FP_OFF_MQA_OFF","2","num_prompts","20","200"
"C&D","C:\Users\407407\Desktop\vllm\github\MQA_FastPath\C&D\bench_D_FP_OFF_MQA_OFF_k2.log","bench","D_FP_OFF_MQA_OFF","2","percentile_metrics","20","'ttft,tpot,itl'"
"C&D","C:\Users\407407\Desktop\vllm\github\MQA_FastPath\C&D\bench_D_FP_OFF_MQA_OFF_k2.log","bench","D_FP_OFF_MQA_OFF","2","port","20","8000"
"C&D","C:\Users\407407\Desktop\vllm\github\MQA_FastPath\C&D\bench_D_FP_OFF_MQA_OFF_k2.log","bench","D_FP_OFF_MQA_OFF","2","profile","20","False"
"C&D","C:\Users\407407\Desktop\vllm\github\MQA_FastPath\C&D\bench_D_FP_OFF_MQA_OFF_k2.log","bench","D_FP_OFF_MQA_OFF","2","random_input_len","20","1024"
"C&D","C:\Users\407407\Desktop\vllm\github\MQA_FastPath\C&D\bench_D_FP_OFF_MQA_OFF_k2.log","bench","D_FP_OFF_MQA_OFF","2","random_output_len","20","128"
"C&D","C:\Users\407407\Desktop\vllm\github\MQA_FastPath\C&D\bench_D_FP_OFF_MQA_OFF_k2.log","bench","D_FP_OFF_MQA_OFF","2","random_prefix_len","20","0"
"C&D","C:\Users\407407\Desktop\vllm\github\MQA_FastPath\C&D\bench_D_FP_OFF_MQA_OFF_k2.log","bench","D_FP_OFF_MQA_OFF","2","random_range_ratio","20","0.0"
"C&D","C:\Users\407407\Desktop\vllm\github\MQA_FastPath\C&D\bench_D_FP_OFF_MQA_OFF_k2.log","bench","D_FP_OFF_MQA_OFF","2","request_rate","20","16.0"
"C&D","C:\Users\407407\Desktop\vllm\github\MQA_FastPath\C&D\bench_D_FP_OFF_MQA_OFF_k2.log","bench","D_FP_OFF_MQA_OFF","2","result_dir","20","None"
"C&D","C:\Users\407407\Desktop\vllm\github\MQA_FastPath\C&D\bench_D_FP_OFF_MQA_OFF_k2.log","bench","D_FP_OFF_MQA_OFF","2","result_filename","20","None"
"C&D","C:\Users\407407\Desktop\vllm\github\MQA_FastPath\C&D\bench_D_FP_OFF_MQA_OFF_k2.log","bench","D_FP_OFF_MQA_OFF","2","save_detailed","20","False"
"C&D","C:\Users\407407\Desktop\vllm\github\MQA_FastPath\C&D\bench_D_FP_OFF_MQA_OFF_k2.log","bench","D_FP_OFF_MQA_OFF","2","save_result","20","False"
"C&D","C:\Users\407407\Desktop\vllm\github\MQA_FastPath\C&D\bench_D_FP_OFF_MQA_OFF_k2.log","bench","D_FP_OFF_MQA_OFF","2","seed","20","0"
"C&D","C:\Users\407407\Desktop\vllm\github\MQA_FastPath\C&D\bench_D_FP_OFF_MQA_OFF_k2.log","bench","D_FP_OFF_MQA_OFF","2","served_model_name","20","None"
"C&D","C:\Users\407407\Desktop\vllm\github\MQA_FastPath\C&D\bench_D_FP_OFF_MQA_OFF_k2.log","bench","D_FP_OFF_MQA_OFF","2","sharegpt_output_len","20","None"
"C&D","C:\Users\407407\Desktop\vllm\github\MQA_FastPath\C&D\bench_D_FP_OFF_MQA_OFF_k2.log","bench","D_FP_OFF_MQA_OFF","2","sonnet_input_len","20","550"
"C&D","C:\Users\407407\Desktop\vllm\github\MQA_FastPath\C&D\bench_D_FP_OFF_MQA_OFF_k2.log","bench","D_FP_OFF_MQA_OFF","2","sonnet_output_len","20","150"
"C&D","C:\Users\407407\Desktop\vllm\github\MQA_FastPath\C&D\bench_D_FP_OFF_MQA_OFF_k2.log","bench","D_FP_OFF_MQA_OFF","2","sonnet_prefix_len","20","200"
"C&D","C:\Users\407407\Desktop\vllm\github\MQA_FastPath\C&D\bench_D_FP_OFF_MQA_OFF_k2.log","bench","D_FP_OFF_MQA_OFF","2","subparser","20","'bench'"
"C&D","C:\Users\407407\Desktop\vllm\github\MQA_FastPath\C&D\bench_D_FP_OFF_MQA_OFF_k2.log","bench","D_FP_OFF_MQA_OFF","2","temperature","20","None"
"C&D","C:\Users\407407\Desktop\vllm\github\MQA_FastPath\C&D\bench_D_FP_OFF_MQA_OFF_k2.log","bench","D_FP_OFF_MQA_OFF","2","tokenizer","20","'/mnt/ky2307909/siyuan.tong/Qwen3-8B'"
"C&D","C:\Users\407407\Desktop\vllm\github\MQA_FastPath\C&D\bench_D_FP_OFF_MQA_OFF_k2.log","bench","D_FP_OFF_MQA_OFF","2","tokenizer_mode","20","'auto'"
"C&D","C:\Users\407407\Desktop\vllm\github\MQA_FastPath\C&D\bench_D_FP_OFF_MQA_OFF_k2.log","bench","D_FP_OFF_MQA_OFF","2","top_k","20","None"
"C&D","C:\Users\407407\Desktop\vllm\github\MQA_FastPath\C&D\bench_D_FP_OFF_MQA_OFF_k2.log","bench","D_FP_OFF_MQA_OFF","2","top_p","20","None"
"C&D","C:\Users\407407\Desktop\vllm\github\MQA_FastPath\C&D\bench_D_FP_OFF_MQA_OFF_k2.log","bench","D_FP_OFF_MQA_OFF","2","trust_remote_code","20","True"
"C&D","C:\Users\407407\Desktop\vllm\github\MQA_FastPath\C&D\bench_D_FP_OFF_MQA_OFF_k2.log","bench","D_FP_OFF_MQA_OFF","2","use_beam_search","20","False"
"C&D","C:\Users\407407\Desktop\vllm\github\MQA_FastPath\C&D\bench_D_FP_OFF_MQA_OFF_k4.log","bench","D_FP_OFF_MQA_OFF","4","append_result","20","False"
"C&D","C:\Users\407407\Desktop\vllm\github\MQA_FastPath\C&D\bench_D_FP_OFF_MQA_OFF_k4.log","bench","D_FP_OFF_MQA_OFF","4","base_url","20","'http://127.0.0.1:8000'"
"C&D","C:\Users\407407\Desktop\vllm\github\MQA_FastPath\C&D\bench_D_FP_OFF_MQA_OFF_k4.log","bench","D_FP_OFF_MQA_OFF","4","bench_type","20","'serve'"
"C&D","C:\Users\407407\Desktop\vllm\github\MQA_FastPath\C&D\bench_D_FP_OFF_MQA_OFF_k4.log","bench","D_FP_OFF_MQA_OFF","4","burstiness","20","1.0"
"C&D","C:\Users\407407\Desktop\vllm\github\MQA_FastPath\C&D\bench_D_FP_OFF_MQA_OFF_k4.log","bench","D_FP_OFF_MQA_OFF","4","dataset_name","20","'sharegpt'"
"C&D","C:\Users\407407\Desktop\vllm\github\MQA_FastPath\C&D\bench_D_FP_OFF_MQA_OFF_k4.log","bench","D_FP_OFF_MQA_OFF","4","dataset_path","20","'/mnt/ky2307909/siyuan.tong/dataset/ShareGPT_V3_unfiltered_cleaned_split.json'"
"C&D","C:\Users\407407\Desktop\vllm\github\MQA_FastPath\C&D\bench_D_FP_OFF_MQA_OFF_k4.log","bench","D_FP_OFF_MQA_OFF","4","disable_tqdm","20","False"
"C&D","C:\Users\407407\Desktop\vllm\github\MQA_FastPath\C&D\bench_D_FP_OFF_MQA_OFF_k4.log","bench","D_FP_OFF_MQA_OFF","4","dispatch_function","20","<function BenchmarkServingSubcommand.cmd at 0xfffc1f333490>"
"C&D","C:\Users\407407\Desktop\vllm\github\MQA_FastPath\C&D\bench_D_FP_OFF_MQA_OFF_k4.log","bench","D_FP_OFF_MQA_OFF","4","endpoint","20","'/v1/completions'"
"C&D","C:\Users\407407\Desktop\vllm\github\MQA_FastPath\C&D\bench_D_FP_OFF_MQA_OFF_k4.log","bench","D_FP_OFF_MQA_OFF","4","endpoint_type","20","'vllm'"
"C&D","C:\Users\407407\Desktop\vllm\github\MQA_FastPath\C&D\bench_D_FP_OFF_MQA_OFF_k4.log","bench","D_FP_OFF_MQA_OFF","4","goodput","20","None"
"C&D","C:\Users\407407\Desktop\vllm\github\MQA_FastPath\C&D\bench_D_FP_OFF_MQA_OFF_k4.log","bench","D_FP_OFF_MQA_OFF","4","hf_output_len","20","None"
"C&D","C:\Users\407407\Desktop\vllm\github\MQA_FastPath\C&D\bench_D_FP_OFF_MQA_OFF_k4.log","bench","D_FP_OFF_MQA_OFF","4","hf_split","20","None"
"C&D","C:\Users\407407\Desktop\vllm\github\MQA_FastPath\C&D\bench_D_FP_OFF_MQA_OFF_k4.log","bench","D_FP_OFF_MQA_OFF","4","hf_subset","20","None"
"C&D","C:\Users\407407\Desktop\vllm\github\MQA_FastPath\C&D\bench_D_FP_OFF_MQA_OFF_k4.log","bench","D_FP_OFF_MQA_OFF","4","host","20","'127.0.0.1'"
"C&D","C:\Users\407407\Desktop\vllm\github\MQA_FastPath\C&D\bench_D_FP_OFF_MQA_OFF_k4.log","bench","D_FP_OFF_MQA_OFF","4","ignore_eos","20","False"
"C&D","C:\Users\407407\Desktop\vllm\github\MQA_FastPath\C&D\bench_D_FP_OFF_MQA_OFF_k4.log","bench","D_FP_OFF_MQA_OFF","4","label","20","None"
"C&D","C:\Users\407407\Desktop\vllm\github\MQA_FastPath\C&D\bench_D_FP_OFF_MQA_OFF_k4.log","bench","D_FP_OFF_MQA_OFF","4","logprobs","20","None"
"C&D","C:\Users\407407\Desktop\vllm\github\MQA_FastPath\C&D\bench_D_FP_OFF_MQA_OFF_k4.log","bench","D_FP_OFF_MQA_OFF","4","lora_modules","20","None)"
"C&D","C:\Users\407407\Desktop\vllm\github\MQA_FastPath\C&D\bench_D_FP_OFF_MQA_OFF_k4.log","bench","D_FP_OFF_MQA_OFF","4","max_concurrency","20","None"
"C&D","C:\Users\407407\Desktop\vllm\github\MQA_FastPath\C&D\bench_D_FP_OFF_MQA_OFF_k4.log","bench","D_FP_OFF_MQA_OFF","4","metadata","20","None"
"C&D","C:\Users\407407\Desktop\vllm\github\MQA_FastPath\C&D\bench_D_FP_OFF_MQA_OFF_k4.log","bench","D_FP_OFF_MQA_OFF","4","metric_percentiles","20","'99'"
"C&D","C:\Users\407407\Desktop\vllm\github\MQA_FastPath\C&D\bench_D_FP_OFF_MQA_OFF_k4.log","bench","D_FP_OFF_MQA_OFF","4","min_p","20","None"
"C&D","C:\Users\407407\Desktop\vllm\github\MQA_FastPath\C&D\bench_D_FP_OFF_MQA_OFF_k4.log","bench","D_FP_OFF_MQA_OFF","4","model","20","'qwen3-8B'"
"C&D","C:\Users\407407\Desktop\vllm\github\MQA_FastPath\C&D\bench_D_FP_OFF_MQA_OFF_k4.log","bench","D_FP_OFF_MQA_OFF","4","num_prompts","20","200"
"C&D","C:\Users\407407\Desktop\vllm\github\MQA_FastPath\C&D\bench_D_FP_OFF_MQA_OFF_k4.log","bench","D_FP_OFF_MQA_OFF","4","percentile_metrics","20","'ttft,tpot,itl'"
"C&D","C:\Users\407407\Desktop\vllm\github\MQA_FastPath\C&D\bench_D_FP_OFF_MQA_OFF_k4.log","bench","D_FP_OFF_MQA_OFF","4","port","20","8000"
"C&D","C:\Users\407407\Desktop\vllm\github\MQA_FastPath\C&D\bench_D_FP_OFF_MQA_OFF_k4.log","bench","D_FP_OFF_MQA_OFF","4","profile","20","False"
"C&D","C:\Users\407407\Desktop\vllm\github\MQA_FastPath\C&D\bench_D_FP_OFF_MQA_OFF_k4.log","bench","D_FP_OFF_MQA_OFF","4","random_input_len","20","1024"
"C&D","C:\Users\407407\Desktop\vllm\github\MQA_FastPath\C&D\bench_D_FP_OFF_MQA_OFF_k4.log","bench","D_FP_OFF_MQA_OFF","4","random_output_len","20","128"
"C&D","C:\Users\407407\Desktop\vllm\github\MQA_FastPath\C&D\bench_D_FP_OFF_MQA_OFF_k4.log","bench","D_FP_OFF_MQA_OFF","4","random_prefix_len","20","0"
"C&D","C:\Users\407407\Desktop\vllm\github\MQA_FastPath\C&D\bench_D_FP_OFF_MQA_OFF_k4.log","bench","D_FP_OFF_MQA_OFF","4","random_range_ratio","20","0.0"
"C&D","C:\Users\407407\Desktop\vllm\github\MQA_FastPath\C&D\bench_D_FP_OFF_MQA_OFF_k4.log","bench","D_FP_OFF_MQA_OFF","4","request_rate","20","16.0"
"C&D","C:\Users\407407\Desktop\vllm\github\MQA_FastPath\C&D\bench_D_FP_OFF_MQA_OFF_k4.log","bench","D_FP_OFF_MQA_OFF","4","result_dir","20","None"
"C&D","C:\Users\407407\Desktop\vllm\github\MQA_FastPath\C&D\bench_D_FP_OFF_MQA_OFF_k4.log","bench","D_FP_OFF_MQA_OFF","4","result_filename","20","None"
"C&D","C:\Users\407407\Desktop\vllm\github\MQA_FastPath\C&D\bench_D_FP_OFF_MQA_OFF_k4.log","bench","D_FP_OFF_MQA_OFF","4","save_detailed","20","False"
"C&D","C:\Users\407407\Desktop\vllm\github\MQA_FastPath\C&D\bench_D_FP_OFF_MQA_OFF_k4.log","bench","D_FP_OFF_MQA_OFF","4","save_result","20","False"
"C&D","C:\Users\407407\Desktop\vllm\github\MQA_FastPath\C&D\bench_D_FP_OFF_MQA_OFF_k4.log","bench","D_FP_OFF_MQA_OFF","4","seed","20","0"
"C&D","C:\Users\407407\Desktop\vllm\github\MQA_FastPath\C&D\bench_D_FP_OFF_MQA_OFF_k4.log","bench","D_FP_OFF_MQA_OFF","4","served_model_name","20","None"
"C&D","C:\Users\407407\Desktop\vllm\github\MQA_FastPath\C&D\bench_D_FP_OFF_MQA_OFF_k4.log","bench","D_FP_OFF_MQA_OFF","4","sharegpt_output_len","20","None"
"C&D","C:\Users\407407\Desktop\vllm\github\MQA_FastPath\C&D\bench_D_FP_OFF_MQA_OFF_k4.log","bench","D_FP_OFF_MQA_OFF","4","sonnet_input_len","20","550"
"C&D","C:\Users\407407\Desktop\vllm\github\MQA_FastPath\C&D\bench_D_FP_OFF_MQA_OFF_k4.log","bench","D_FP_OFF_MQA_OFF","4","sonnet_output_len","20","150"
"C&D","C:\Users\407407\Desktop\vllm\github\MQA_FastPath\C&D\bench_D_FP_OFF_MQA_OFF_k4.log","bench","D_FP_OFF_MQA_OFF","4","sonnet_prefix_len","20","200"
"C&D","C:\Users\407407\Desktop\vllm\github\MQA_FastPath\C&D\bench_D_FP_OFF_MQA_OFF_k4.log","bench","D_FP_OFF_MQA_OFF","4","subparser","20","'bench'"
"C&D","C:\Users\407407\Desktop\vllm\github\MQA_FastPath\C&D\bench_D_FP_OFF_MQA_OFF_k4.log","bench","D_FP_OFF_MQA_OFF","4","temperature","20","None"
"C&D","C:\Users\407407\Desktop\vllm\github\MQA_FastPath\C&D\bench_D_FP_OFF_MQA_OFF_k4.log","bench","D_FP_OFF_MQA_OFF","4","tokenizer","20","'/mnt/ky2307909/siyuan.tong/Qwen3-8B'"
"C&D","C:\Users\407407\Desktop\vllm\github\MQA_FastPath\C&D\bench_D_FP_OFF_MQA_OFF_k4.log","bench","D_FP_OFF_MQA_OFF","4","tokenizer_mode","20","'auto'"
"C&D","C:\Users\407407\Desktop\vllm\github\MQA_FastPath\C&D\bench_D_FP_OFF_MQA_OFF_k4.log","bench","D_FP_OFF_MQA_OFF","4","top_k","20","None"
"C&D","C:\Users\407407\Desktop\vllm\github\MQA_FastPath\C&D\bench_D_FP_OFF_MQA_OFF_k4.log","bench","D_FP_OFF_MQA_OFF","4","top_p","20","None"
"C&D","C:\Users\407407\Desktop\vllm\github\MQA_FastPath\C&D\bench_D_FP_OFF_MQA_OFF_k4.log","bench","D_FP_OFF_MQA_OFF","4","trust_remote_code","20","True"
"C&D","C:\Users\407407\Desktop\vllm\github\MQA_FastPath\C&D\bench_D_FP_OFF_MQA_OFF_k4.log","bench","D_FP_OFF_MQA_OFF","4","use_beam_search","20","False"
"C&D","C:\Users\407407\Desktop\vllm\github\MQA_FastPath\C&D\bench_D_FP_OFF_MQA_OFF_k8.log","bench","D_FP_OFF_MQA_OFF","8","append_result","20","False"
"C&D","C:\Users\407407\Desktop\vllm\github\MQA_FastPath\C&D\bench_D_FP_OFF_MQA_OFF_k8.log","bench","D_FP_OFF_MQA_OFF","8","base_url","20","'http://127.0.0.1:8000'"
"C&D","C:\Users\407407\Desktop\vllm\github\MQA_FastPath\C&D\bench_D_FP_OFF_MQA_OFF_k8.log","bench","D_FP_OFF_MQA_OFF","8","bench_type","20","'serve'"
"C&D","C:\Users\407407\Desktop\vllm\github\MQA_FastPath\C&D\bench_D_FP_OFF_MQA_OFF_k8.log","bench","D_FP_OFF_MQA_OFF","8","burstiness","20","1.0"
"C&D","C:\Users\407407\Desktop\vllm\github\MQA_FastPath\C&D\bench_D_FP_OFF_MQA_OFF_k8.log","bench","D_FP_OFF_MQA_OFF","8","dataset_name","20","'sharegpt'"
"C&D","C:\Users\407407\Desktop\vllm\github\MQA_FastPath\C&D\bench_D_FP_OFF_MQA_OFF_k8.log","bench","D_FP_OFF_MQA_OFF","8","dataset_path","20","'/mnt/ky2307909/siyuan.tong/dataset/ShareGPT_V3_unfiltered_cleaned_split.json'"
"C&D","C:\Users\407407\Desktop\vllm\github\MQA_FastPath\C&D\bench_D_FP_OFF_MQA_OFF_k8.log","bench","D_FP_OFF_MQA_OFF","8","disable_tqdm","20","False"
"C&D","C:\Users\407407\Desktop\vllm\github\MQA_FastPath\C&D\bench_D_FP_OFF_MQA_OFF_k8.log","bench","D_FP_OFF_MQA_OFF","8","dispatch_function","20","<function BenchmarkServingSubcommand.cmd at 0xfffc027ab640>"
"C&D","C:\Users\407407\Desktop\vllm\github\MQA_FastPath\C&D\bench_D_FP_OFF_MQA_OFF_k8.log","bench","D_FP_OFF_MQA_OFF","8","endpoint","20","'/v1/completions'"
"C&D","C:\Users\407407\Desktop\vllm\github\MQA_FastPath\C&D\bench_D_FP_OFF_MQA_OFF_k8.log","bench","D_FP_OFF_MQA_OFF","8","endpoint_type","20","'vllm'"
"C&D","C:\Users\407407\Desktop\vllm\github\MQA_FastPath\C&D\bench_D_FP_OFF_MQA_OFF_k8.log","bench","D_FP_OFF_MQA_OFF","8","goodput","20","None"
"C&D","C:\Users\407407\Desktop\vllm\github\MQA_FastPath\C&D\bench_D_FP_OFF_MQA_OFF_k8.log","bench","D_FP_OFF_MQA_OFF","8","hf_output_len","20","None"
"C&D","C:\Users\407407\Desktop\vllm\github\MQA_FastPath\C&D\bench_D_FP_OFF_MQA_OFF_k8.log","bench","D_FP_OFF_MQA_OFF","8","hf_split","20","None"
"C&D","C:\Users\407407\Desktop\vllm\github\MQA_FastPath\C&D\bench_D_FP_OFF_MQA_OFF_k8.log","bench","D_FP_OFF_MQA_OFF","8","hf_subset","20","None"
"C&D","C:\Users\407407\Desktop\vllm\github\MQA_FastPath\C&D\bench_D_FP_OFF_MQA_OFF_k8.log","bench","D_FP_OFF_MQA_OFF","8","host","20","'127.0.0.1'"
"C&D","C:\Users\407407\Desktop\vllm\github\MQA_FastPath\C&D\bench_D_FP_OFF_MQA_OFF_k8.log","bench","D_FP_OFF_MQA_OFF","8","ignore_eos","20","False"
"C&D","C:\Users\407407\Desktop\vllm\github\MQA_FastPath\C&D\bench_D_FP_OFF_MQA_OFF_k8.log","bench","D_FP_OFF_MQA_OFF","8","label","20","None"
"C&D","C:\Users\407407\Desktop\vllm\github\MQA_FastPath\C&D\bench_D_FP_OFF_MQA_OFF_k8.log","bench","D_FP_OFF_MQA_OFF","8","logprobs","20","None"
"C&D","C:\Users\407407\Desktop\vllm\github\MQA_FastPath\C&D\bench_D_FP_OFF_MQA_OFF_k8.log","bench","D_FP_OFF_MQA_OFF","8","lora_modules","20","None)"
"C&D","C:\Users\407407\Desktop\vllm\github\MQA_FastPath\C&D\bench_D_FP_OFF_MQA_OFF_k8.log","bench","D_FP_OFF_MQA_OFF","8","max_concurrency","20","None"
"C&D","C:\Users\407407\Desktop\vllm\github\MQA_FastPath\C&D\bench_D_FP_OFF_MQA_OFF_k8.log","bench","D_FP_OFF_MQA_OFF","8","metadata","20","None"
"C&D","C:\Users\407407\Desktop\vllm\github\MQA_FastPath\C&D\bench_D_FP_OFF_MQA_OFF_k8.log","bench","D_FP_OFF_MQA_OFF","8","metric_percentiles","20","'99'"
"C&D","C:\Users\407407\Desktop\vllm\github\MQA_FastPath\C&D\bench_D_FP_OFF_MQA_OFF_k8.log","bench","D_FP_OFF_MQA_OFF","8","min_p","20","None"
"C&D","C:\Users\407407\Desktop\vllm\github\MQA_FastPath\C&D\bench_D_FP_OFF_MQA_OFF_k8.log","bench","D_FP_OFF_MQA_OFF","8","model","20","'qwen3-8B'"
"C&D","C:\Users\407407\Desktop\vllm\github\MQA_FastPath\C&D\bench_D_FP_OFF_MQA_OFF_k8.log","bench","D_FP_OFF_MQA_OFF","8","num_prompts","20","200"
"C&D","C:\Users\407407\Desktop\vllm\github\MQA_FastPath\C&D\bench_D_FP_OFF_MQA_OFF_k8.log","bench","D_FP_OFF_MQA_OFF","8","percentile_metrics","20","'ttft,tpot,itl'"
"C&D","C:\Users\407407\Desktop\vllm\github\MQA_FastPath\C&D\bench_D_FP_OFF_MQA_OFF_k8.log","bench","D_FP_OFF_MQA_OFF","8","port","20","8000"
"C&D","C:\Users\407407\Desktop\vllm\github\MQA_FastPath\C&D\bench_D_FP_OFF_MQA_OFF_k8.log","bench","D_FP_OFF_MQA_OFF","8","profile","20","False"
"C&D","C:\Users\407407\Desktop\vllm\github\MQA_FastPath\C&D\bench_D_FP_OFF_MQA_OFF_k8.log","bench","D_FP_OFF_MQA_OFF","8","random_input_len","20","1024"
"C&D","C:\Users\407407\Desktop\vllm\github\MQA_FastPath\C&D\bench_D_FP_OFF_MQA_OFF_k8.log","bench","D_FP_OFF_MQA_OFF","8","random_output_len","20","128"
"C&D","C:\Users\407407\Desktop\vllm\github\MQA_FastPath\C&D\bench_D_FP_OFF_MQA_OFF_k8.log","bench","D_FP_OFF_MQA_OFF","8","random_prefix_len","20","0"
"C&D","C:\Users\407407\Desktop\vllm\github\MQA_FastPath\C&D\bench_D_FP_OFF_MQA_OFF_k8.log","bench","D_FP_OFF_MQA_OFF","8","random_range_ratio","20","0.0"
"C&D","C:\Users\407407\Desktop\vllm\github\MQA_FastPath\C&D\bench_D_FP_OFF_MQA_OFF_k8.log","bench","D_FP_OFF_MQA_OFF","8","request_rate","20","16.0"
"C&D","C:\Users\407407\Desktop\vllm\github\MQA_FastPath\C&D\bench_D_FP_OFF_MQA_OFF_k8.log","bench","D_FP_OFF_MQA_OFF","8","result_dir","20","None"
"C&D","C:\Users\407407\Desktop\vllm\github\MQA_FastPath\C&D\bench_D_FP_OFF_MQA_OFF_k8.log","bench","D_FP_OFF_MQA_OFF","8","result_filename","20","None"
"C&D","C:\Users\407407\Desktop\vllm\github\MQA_FastPath\C&D\bench_D_FP_OFF_MQA_OFF_k8.log","bench","D_FP_OFF_MQA_OFF","8","save_detailed","20","False"
"C&D","C:\Users\407407\Desktop\vllm\github\MQA_FastPath\C&D\bench_D_FP_OFF_MQA_OFF_k8.log","bench","D_FP_OFF_MQA_OFF","8","save_result","20","False"
"C&D","C:\Users\407407\Desktop\vllm\github\MQA_FastPath\C&D\bench_D_FP_OFF_MQA_OFF_k8.log","bench","D_FP_OFF_MQA_OFF","8","seed","20","0"
"C&D","C:\Users\407407\Desktop\vllm\github\MQA_FastPath\C&D\bench_D_FP_OFF_MQA_OFF_k8.log","bench","D_FP_OFF_MQA_OFF","8","served_model_name","20","None"
"C&D","C:\Users\407407\Desktop\vllm\github\MQA_FastPath\C&D\bench_D_FP_OFF_MQA_OFF_k8.log","bench","D_FP_OFF_MQA_OFF","8","sharegpt_output_len","20","None"
"C&D","C:\Users\407407\Desktop\vllm\github\MQA_FastPath\C&D\bench_D_FP_OFF_MQA_OFF_k8.log","bench","D_FP_OFF_MQA_OFF","8","sonnet_input_len","20","550"
"C&D","C:\Users\407407\Desktop\vllm\github\MQA_FastPath\C&D\bench_D_FP_OFF_MQA_OFF_k8.log","bench","D_FP_OFF_MQA_OFF","8","sonnet_output_len","20","150"
"C&D","C:\Users\407407\Desktop\vllm\github\MQA_FastPath\C&D\bench_D_FP_OFF_MQA_OFF_k8.log","bench","D_FP_OFF_MQA_OFF","8","sonnet_prefix_len","20","200"
"C&D","C:\Users\407407\Desktop\vllm\github\MQA_FastPath\C&D\bench_D_FP_OFF_MQA_OFF_k8.log","bench","D_FP_OFF_MQA_OFF","8","subparser","20","'bench'"
"C&D","C:\Users\407407\Desktop\vllm\github\MQA_FastPath\C&D\bench_D_FP_OFF_MQA_OFF_k8.log","bench","D_FP_OFF_MQA_OFF","8","temperature","20","None"
"C&D","C:\Users\407407\Desktop\vllm\github\MQA_FastPath\C&D\bench_D_FP_OFF_MQA_OFF_k8.log","bench","D_FP_OFF_MQA_OFF","8","tokenizer","20","'/mnt/ky2307909/siyuan.tong/Qwen3-8B'"
"C&D","C:\Users\407407\Desktop\vllm\github\MQA_FastPath\C&D\bench_D_FP_OFF_MQA_OFF_k8.log","bench","D_FP_OFF_MQA_OFF","8","tokenizer_mode","20","'auto'"
"C&D","C:\Users\407407\Desktop\vllm\github\MQA_FastPath\C&D\bench_D_FP_OFF_MQA_OFF_k8.log","bench","D_FP_OFF_MQA_OFF","8","top_k","20","None"
"C&D","C:\Users\407407\Desktop\vllm\github\MQA_FastPath\C&D\bench_D_FP_OFF_MQA_OFF_k8.log","bench","D_FP_OFF_MQA_OFF","8","top_p","20","None"
"C&D","C:\Users\407407\Desktop\vllm\github\MQA_FastPath\C&D\bench_D_FP_OFF_MQA_OFF_k8.log","bench","D_FP_OFF_MQA_OFF","8","trust_remote_code","20","True"
"C&D","C:\Users\407407\Desktop\vllm\github\MQA_FastPath\C&D\bench_D_FP_OFF_MQA_OFF_k8.log","bench","D_FP_OFF_MQA_OFF","8","use_beam_search","20","False"
"C&D","C:\Users\407407\Desktop\vllm\github\MQA_FastPath\C&D\key_C_FP_OFF_MQA_ON_k2.log","key","C_FP_OFF_MQA_ON","2","accept","133","0.8268"
"C&D","C:\Users\407407\Desktop\vllm\github\MQA_FastPath\C&D\key_C_FP_OFF_MQA_ON_k2.log","key","C_FP_OFF_MQA_ON","2","accept_no_hs","133","0.8268"
"C&D","C:\Users\407407\Desktop\vllm\github\MQA_FastPath\C&D\key_C_FP_OFF_MQA_ON_k2.log","key","C_FP_OFF_MQA_ON","2","accept_with_hs","133","0.0000"
"C&D","C:\Users\407407\Desktop\vllm\github\MQA_FastPath\C&D\key_C_FP_OFF_MQA_ON_k2.log","key","C_FP_OFF_MQA_ON","2","average_time_per_proposal_tok_ms","135","68.99"
"C&D","C:\Users\407407\Desktop\vllm\github\MQA_FastPath\C&D\key_C_FP_OFF_MQA_ON_k2.log","key","C_FP_OFF_MQA_ON","2","avg_execute_total_ms","124","67.64"
"C&D","C:\Users\407407\Desktop\vllm\github\MQA_FastPath\C&D\key_C_FP_OFF_MQA_ON_k2.log","key","C_FP_OFF_MQA_ON","2","avg_forward_ms","124","63.36"
"C&D","C:\Users\407407\Desktop\vllm\github\MQA_FastPath\C&D\key_C_FP_OFF_MQA_ON_k2.log","key","C_FP_OFF_MQA_ON","2","avg_logits_ms","124","1.21"
"C&D","C:\Users\407407\Desktop\vllm\github\MQA_FastPath\C&D\key_C_FP_OFF_MQA_ON_k2.log","key","C_FP_OFF_MQA_ON","2","avg_sampler_ms","124","3.02"
"C&D","C:\Users\407407\Desktop\vllm\github\MQA_FastPath\C&D\key_C_FP_OFF_MQA_ON_k2.log","key","C_FP_OFF_MQA_ON","2","backend","2","ASCEND"
"C&D","C:\Users\407407\Desktop\vllm\github\MQA_FastPath\C&D\key_C_FP_OFF_MQA_ON_k2.log","key","C_FP_OFF_MQA_ON","2","bad_words","29","[]"
"C&D","C:\Users\407407\Desktop\vllm\github\MQA_FastPath\C&D\key_C_FP_OFF_MQA_ON_k2.log","key","C_FP_OFF_MQA_ON","2","capability","2","ASCEND,FLASH_ATTN)."
"C&D","C:\Users\407407\Desktop\vllm\github\MQA_FastPath\C&D\key_C_FP_OFF_MQA_ON_k2.log","key","C_FP_OFF_MQA_ON","2","count","124","450"
"C&D","C:\Users\407407\Desktop\vllm\github\MQA_FastPath\C&D\key_C_FP_OFF_MQA_ON_k2.log","key","C_FP_OFF_MQA_ON","2","draft_tp","1","1"
"C&D","C:\Users\407407\Desktop\vllm\github\MQA_FastPath\C&D\key_C_FP_OFF_MQA_ON_k2.log","key","C_FP_OFF_MQA_ON","2","extra_args","29","None)"
"C&D","C:\Users\407407\Desktop\vllm\github\MQA_FastPath\C&D\key_C_FP_OFF_MQA_ON_k2.log","key","C_FP_OFF_MQA_ON","2","fail_adapter","5","0"
"C&D","C:\Users\407407\Desktop\vllm\github\MQA_FastPath\C&D\key_C_FP_OFF_MQA_ON_k2.log","key","C_FP_OFF_MQA_ON","2","fail_backend","5","1"
"C&D","C:\Users\407407\Desktop\vllm\github\MQA_FastPath\C&D\key_C_FP_OFF_MQA_ON_k2.log","key","C_FP_OFF_MQA_ON","2","fail_disabled","5","0"
"C&D","C:\Users\407407\Desktop\vllm\github\MQA_FastPath\C&D\key_C_FP_OFF_MQA_ON_k2.log","key","C_FP_OFF_MQA_ON","2","fail_lora","5","0"
"C&D","C:\Users\407407\Desktop\vllm\github\MQA_FastPath\C&D\key_C_FP_OFF_MQA_ON_k2.log","key","C_FP_OFF_MQA_ON","2","fail_prompt","5","0"
"C&D","C:\Users\407407\Desktop\vllm\github\MQA_FastPath\C&D\key_C_FP_OFF_MQA_ON_k2.log","key","C_FP_OFF_MQA_ON","2","frequency_penalty","29","0.0"
"C&D","C:\Users\407407\Desktop\vllm\github\MQA_FastPath\C&D\key_C_FP_OFF_MQA_ON_k2.log","key","C_FP_OFF_MQA_ON","2","guided_decoding","29","None"
"C&D","C:\Users\407407\Desktop\vllm\github\MQA_FastPath\C&D\key_C_FP_OFF_MQA_ON_k2.log","key","C_FP_OFF_MQA_ON","2","hs_ratio","133","0.0000"
"C&D","C:\Users\407407\Desktop\vllm\github\MQA_FastPath\C&D\key_C_FP_OFF_MQA_ON_k2.log","key","C_FP_OFF_MQA_ON","2","ignore_eos","29","False"
"C&D","C:\Users\407407\Desktop\vllm\github\MQA_FastPath\C&D\key_C_FP_OFF_MQA_ON_k2.log","key","C_FP_OFF_MQA_ON","2","include_stop_str_in_output","29","False"
"C&D","C:\Users\407407\Desktop\vllm\github\MQA_FastPath\C&D\key_C_FP_OFF_MQA_ON_k2.log","key","C_FP_OFF_MQA_ON","2","is_tp1_runner","4","True"
"C&D","C:\Users\407407\Desktop\vllm\github\MQA_FastPath\C&D\key_C_FP_OFF_MQA_ON_k2.log","key","C_FP_OFF_MQA_ON","2","iter_p95","133","279.785"
"C&D","C:\Users\407407\Desktop\vllm\github\MQA_FastPath\C&D\key_C_FP_OFF_MQA_ON_k2.log","key","C_FP_OFF_MQA_ON","2","k","134","2"
"C&D","C:\Users\407407\Desktop\vllm\github\MQA_FastPath\C&D\key_C_FP_OFF_MQA_ON_k2.log","key","C_FP_OFF_MQA_ON","2","logprobs","29","None"
"C&D","C:\Users\407407\Desktop\vllm\github\MQA_FastPath\C&D\key_C_FP_OFF_MQA_ON_k2.log","key","C_FP_OFF_MQA_ON","2","max_tokens","29","340"
"C&D","C:\Users\407407\Desktop\vllm\github\MQA_FastPath\C&D\key_C_FP_OFF_MQA_ON_k2.log","key","C_FP_OFF_MQA_ON","2","min_p","29","0.0"
"C&D","C:\Users\407407\Desktop\vllm\github\MQA_FastPath\C&D\key_C_FP_OFF_MQA_ON_k2.log","key","C_FP_OFF_MQA_ON","2","min_tokens","29","0"
"C&D","C:\Users\407407\Desktop\vllm\github\MQA_FastPath\C&D\key_C_FP_OFF_MQA_ON_k2.log","key","C_FP_OFF_MQA_ON","2","model_runner","4","<class 'vllm_ascend.worker.draft_model_runner.TP1DraftModelRunner'>"
"C&D","C:\Users\407407\Desktop\vllm\github\MQA_FastPath\C&D\key_C_FP_OFF_MQA_ON_k2.log","key","C_FP_OFF_MQA_ON","2","model_type","1","qwen3)"
"C&D","C:\Users\407407\Desktop\vllm\github\MQA_FastPath\C&D\key_C_FP_OFF_MQA_ON_k2.log","key","C_FP_OFF_MQA_ON","2","ms_hit","5","0"
"C&D","C:\Users\407407\Desktop\vllm\github\MQA_FastPath\C&D\key_C_FP_OFF_MQA_ON_k2.log","key","C_FP_OFF_MQA_ON","2","ms_total","5","1"
"C&D","C:\Users\407407\Desktop\vllm\github\MQA_FastPath\C&D\key_C_FP_OFF_MQA_ON_k2.log","key","C_FP_OFF_MQA_ON","2","n","29","1"
"C&D","C:\Users\407407\Desktop\vllm\github\MQA_FastPath\C&D\key_C_FP_OFF_MQA_ON_k2.log","key","C_FP_OFF_MQA_ON","2","presence_penalty","29","0.0"
"C&D","C:\Users\407407\Desktop\vllm\github\MQA_FastPath\C&D\key_C_FP_OFF_MQA_ON_k2.log","key","C_FP_OFF_MQA_ON","2","prompt_logprobs","29","None"
"C&D","C:\Users\407407\Desktop\vllm\github\MQA_FastPath\C&D\key_C_FP_OFF_MQA_ON_k2.log","key","C_FP_OFF_MQA_ON","2","repetition_penalty","29","1.0"
"C&D","C:\Users\407407\Desktop\vllm\github\MQA_FastPath\C&D\key_C_FP_OFF_MQA_ON_k2.log","key","C_FP_OFF_MQA_ON","2","runner_cls","1","<class 'vllm_ascend.worker.draft_model_runner.TP1DraftModelRunner'>"
"C&D","C:\Users\407407\Desktop\vllm\github\MQA_FastPath\C&D\key_C_FP_OFF_MQA_ON_k2.log","key","C_FP_OFF_MQA_ON","2","sample_len","4","2"
"C&D","C:\Users\407407\Desktop\vllm\github\MQA_FastPath\C&D\key_C_FP_OFF_MQA_ON_k2.log","key","C_FP_OFF_MQA_ON","2","scoring_time_ms","135","54.69"
"C&D","C:\Users\407407\Desktop\vllm\github\MQA_FastPath\C&D\key_C_FP_OFF_MQA_ON_k2.log","key","C_FP_OFF_MQA_ON","2","seed","29","None"
"C&D","C:\Users\407407\Desktop\vllm\github\MQA_FastPath\C&D\key_C_FP_OFF_MQA_ON_k2.log","key","C_FP_OFF_MQA_ON","2","skip_special_tokens","29","True"
"C&D","C:\Users\407407\Desktop\vllm\github\MQA_FastPath\C&D\key_C_FP_OFF_MQA_ON_k2.log","key","C_FP_OFF_MQA_ON","2","spaces_between_special_tokens","29","True"
"C&D","C:\Users\407407\Desktop\vllm\github\MQA_FastPath\C&D\key_C_FP_OFF_MQA_ON_k2.log","key","C_FP_OFF_MQA_ON","2","step_accept","134","[1.0, 0.7507]"
"C&D","C:\Users\407407\Desktop\vllm\github\MQA_FastPath\C&D\key_C_FP_OFF_MQA_ON_k2.log","key","C_FP_OFF_MQA_ON","2","stop","29","[]"
"C&D","C:\Users\407407\Desktop\vllm\github\MQA_FastPath\C&D\key_C_FP_OFF_MQA_ON_k2.log","key","C_FP_OFF_MQA_ON","2","stop_token_ids","29","[]"
"C&D","C:\Users\407407\Desktop\vllm\github\MQA_FastPath\C&D\key_C_FP_OFF_MQA_ON_k2.log","key","C_FP_OFF_MQA_ON","2","supports_gpu_multi_step","6","False."
"C&D","C:\Users\407407\Desktop\vllm\github\MQA_FastPath\C&D\key_C_FP_OFF_MQA_ON_k2.log","key","C_FP_OFF_MQA_ON","2","target_tp","1","1"
"C&D","C:\Users\407407\Desktop\vllm\github\MQA_FastPath\C&D\key_C_FP_OFF_MQA_ON_k2.log","key","C_FP_OFF_MQA_ON","2","temperature","29","0.0"
"C&D","C:\Users\407407\Desktop\vllm\github\MQA_FastPath\C&D\key_C_FP_OFF_MQA_ON_k2.log","key","C_FP_OFF_MQA_ON","2","throughput_tps","133","217.773"
"C&D","C:\Users\407407\Desktop\vllm\github\MQA_FastPath\C&D\key_C_FP_OFF_MQA_ON_k2.log","key","C_FP_OFF_MQA_ON","2","top_k","29","0"
"C&D","C:\Users\407407\Desktop\vllm\github\MQA_FastPath\C&D\key_C_FP_OFF_MQA_ON_k2.log","key","C_FP_OFF_MQA_ON","2","top_p","29","1.0"
"C&D","C:\Users\407407\Desktop\vllm\github\MQA_FastPath\C&D\key_C_FP_OFF_MQA_ON_k2.log","key","C_FP_OFF_MQA_ON","2","truncate_prompt_tokens","29","None"
"C&D","C:\Users\407407\Desktop\vllm\github\MQA_FastPath\C&D\key_C_FP_OFF_MQA_ON_k2.log","key","C_FP_OFF_MQA_ON","2","verification_time_ms","135","3.57"
"C&D","C:\Users\407407\Desktop\vllm\github\MQA_FastPath\C&D\key_C_FP_OFF_MQA_ON_k2.log","key","C_FP_OFF_MQA_ON","2","waste_ratio","134","0.1246"
"C&D","C:\Users\407407\Desktop\vllm\github\MQA_FastPath\C&D\key_C_FP_OFF_MQA_ON_k4.log","key","C_FP_OFF_MQA_ON","4","accept","104","0.7805"
"C&D","C:\Users\407407\Desktop\vllm\github\MQA_FastPath\C&D\key_C_FP_OFF_MQA_ON_k4.log","key","C_FP_OFF_MQA_ON","4","accept_no_hs","104","0.7805"
"C&D","C:\Users\407407\Desktop\vllm\github\MQA_FastPath\C&D\key_C_FP_OFF_MQA_ON_k4.log","key","C_FP_OFF_MQA_ON","4","accept_with_hs","104","0.0000"
"C&D","C:\Users\407407\Desktop\vllm\github\MQA_FastPath\C&D\key_C_FP_OFF_MQA_ON_k4.log","key","C_FP_OFF_MQA_ON","4","average_time_per_proposal_tok_ms","99","46.87"
"C&D","C:\Users\407407\Desktop\vllm\github\MQA_FastPath\C&D\key_C_FP_OFF_MQA_ON_k4.log","key","C_FP_OFF_MQA_ON","4","avg_execute_total_ms","91","70.94"
"C&D","C:\Users\407407\Desktop\vllm\github\MQA_FastPath\C&D\key_C_FP_OFF_MQA_ON_k4.log","key","C_FP_OFF_MQA_ON","4","avg_forward_ms","91","64.18"
"C&D","C:\Users\407407\Desktop\vllm\github\MQA_FastPath\C&D\key_C_FP_OFF_MQA_ON_k4.log","key","C_FP_OFF_MQA_ON","4","avg_logits_ms","91","1.70"
"C&D","C:\Users\407407\Desktop\vllm\github\MQA_FastPath\C&D\key_C_FP_OFF_MQA_ON_k4.log","key","C_FP_OFF_MQA_ON","4","avg_sampler_ms","91","5.02"
"C&D","C:\Users\407407\Desktop\vllm\github\MQA_FastPath\C&D\key_C_FP_OFF_MQA_ON_k4.log","key","C_FP_OFF_MQA_ON","4","backend","2","ASCEND"
"C&D","C:\Users\407407\Desktop\vllm\github\MQA_FastPath\C&D\key_C_FP_OFF_MQA_ON_k4.log","key","C_FP_OFF_MQA_ON","4","bad_words","18","[]"
"C&D","C:\Users\407407\Desktop\vllm\github\MQA_FastPath\C&D\key_C_FP_OFF_MQA_ON_k4.log","key","C_FP_OFF_MQA_ON","4","capability","2","ASCEND,FLASH_ATTN)."
"C&D","C:\Users\407407\Desktop\vllm\github\MQA_FastPath\C&D\key_C_FP_OFF_MQA_ON_k4.log","key","C_FP_OFF_MQA_ON","4","count","91","350"
"C&D","C:\Users\407407\Desktop\vllm\github\MQA_FastPath\C&D\key_C_FP_OFF_MQA_ON_k4.log","key","C_FP_OFF_MQA_ON","4","draft_tp","1","1"
"C&D","C:\Users\407407\Desktop\vllm\github\MQA_FastPath\C&D\key_C_FP_OFF_MQA_ON_k4.log","key","C_FP_OFF_MQA_ON","4","extra_args","18","None)"
"C&D","C:\Users\407407\Desktop\vllm\github\MQA_FastPath\C&D\key_C_FP_OFF_MQA_ON_k4.log","key","C_FP_OFF_MQA_ON","4","fail_adapter","5","0"
"C&D","C:\Users\407407\Desktop\vllm\github\MQA_FastPath\C&D\key_C_FP_OFF_MQA_ON_k4.log","key","C_FP_OFF_MQA_ON","4","fail_backend","5","1"
"C&D","C:\Users\407407\Desktop\vllm\github\MQA_FastPath\C&D\key_C_FP_OFF_MQA_ON_k4.log","key","C_FP_OFF_MQA_ON","4","fail_disabled","5","0"
"C&D","C:\Users\407407\Desktop\vllm\github\MQA_FastPath\C&D\key_C_FP_OFF_MQA_ON_k4.log","key","C_FP_OFF_MQA_ON","4","fail_lora","5","0"
"C&D","C:\Users\407407\Desktop\vllm\github\MQA_FastPath\C&D\key_C_FP_OFF_MQA_ON_k4.log","key","C_FP_OFF_MQA_ON","4","fail_prompt","5","0"
"C&D","C:\Users\407407\Desktop\vllm\github\MQA_FastPath\C&D\key_C_FP_OFF_MQA_ON_k4.log","key","C_FP_OFF_MQA_ON","4","frequency_penalty","18","0.0"
"C&D","C:\Users\407407\Desktop\vllm\github\MQA_FastPath\C&D\key_C_FP_OFF_MQA_ON_k4.log","key","C_FP_OFF_MQA_ON","4","guided_decoding","18","None"
"C&D","C:\Users\407407\Desktop\vllm\github\MQA_FastPath\C&D\key_C_FP_OFF_MQA_ON_k4.log","key","C_FP_OFF_MQA_ON","4","hs_ratio","104","0.0000"
"C&D","C:\Users\407407\Desktop\vllm\github\MQA_FastPath\C&D\key_C_FP_OFF_MQA_ON_k4.log","key","C_FP_OFF_MQA_ON","4","ignore_eos","18","False"
"C&D","C:\Users\407407\Desktop\vllm\github\MQA_FastPath\C&D\key_C_FP_OFF_MQA_ON_k4.log","key","C_FP_OFF_MQA_ON","4","include_stop_str_in_output","18","False"
"C&D","C:\Users\407407\Desktop\vllm\github\MQA_FastPath\C&D\key_C_FP_OFF_MQA_ON_k4.log","key","C_FP_OFF_MQA_ON","4","is_tp1_runner","4","True"
"C&D","C:\Users\407407\Desktop\vllm\github\MQA_FastPath\C&D\key_C_FP_OFF_MQA_ON_k4.log","key","C_FP_OFF_MQA_ON","4","iter_p95","104","358.703"
"C&D","C:\Users\407407\Desktop\vllm\github\MQA_FastPath\C&D\key_C_FP_OFF_MQA_ON_k4.log","key","C_FP_OFF_MQA_ON","4","k","103","2"
"C&D","C:\Users\407407\Desktop\vllm\github\MQA_FastPath\C&D\key_C_FP_OFF_MQA_ON_k4.log","key","C_FP_OFF_MQA_ON","4","logprobs","18","None"
"C&D","C:\Users\407407\Desktop\vllm\github\MQA_FastPath\C&D\key_C_FP_OFF_MQA_ON_k4.log","key","C_FP_OFF_MQA_ON","4","max_tokens","18","340"
"C&D","C:\Users\407407\Desktop\vllm\github\MQA_FastPath\C&D\key_C_FP_OFF_MQA_ON_k4.log","key","C_FP_OFF_MQA_ON","4","min_p","18","0.0"
"C&D","C:\Users\407407\Desktop\vllm\github\MQA_FastPath\C&D\key_C_FP_OFF_MQA_ON_k4.log","key","C_FP_OFF_MQA_ON","4","min_tokens","18","0"
"C&D","C:\Users\407407\Desktop\vllm\github\MQA_FastPath\C&D\key_C_FP_OFF_MQA_ON_k4.log","key","C_FP_OFF_MQA_ON","4","model_runner","4","<class 'vllm_ascend.worker.draft_model_runner.TP1DraftModelRunner'>"
"C&D","C:\Users\407407\Desktop\vllm\github\MQA_FastPath\C&D\key_C_FP_OFF_MQA_ON_k4.log","key","C_FP_OFF_MQA_ON","4","model_type","1","qwen3)"
"C&D","C:\Users\407407\Desktop\vllm\github\MQA_FastPath\C&D\key_C_FP_OFF_MQA_ON_k4.log","key","C_FP_OFF_MQA_ON","4","ms_hit","5","0"
"C&D","C:\Users\407407\Desktop\vllm\github\MQA_FastPath\C&D\key_C_FP_OFF_MQA_ON_k4.log","key","C_FP_OFF_MQA_ON","4","ms_total","5","1"
"C&D","C:\Users\407407\Desktop\vllm\github\MQA_FastPath\C&D\key_C_FP_OFF_MQA_ON_k4.log","key","C_FP_OFF_MQA_ON","4","n","18","1"
"C&D","C:\Users\407407\Desktop\vllm\github\MQA_FastPath\C&D\key_C_FP_OFF_MQA_ON_k4.log","key","C_FP_OFF_MQA_ON","4","presence_penalty","18","0.0"
"C&D","C:\Users\407407\Desktop\vllm\github\MQA_FastPath\C&D\key_C_FP_OFF_MQA_ON_k4.log","key","C_FP_OFF_MQA_ON","4","prompt_logprobs","18","None"
"C&D","C:\Users\407407\Desktop\vllm\github\MQA_FastPath\C&D\key_C_FP_OFF_MQA_ON_k4.log","key","C_FP_OFF_MQA_ON","4","repetition_penalty","18","1.0"
"C&D","C:\Users\407407\Desktop\vllm\github\MQA_FastPath\C&D\key_C_FP_OFF_MQA_ON_k4.log","key","C_FP_OFF_MQA_ON","4","runner_cls","1","<class 'vllm_ascend.worker.draft_model_runner.TP1DraftModelRunner'>"
"C&D","C:\Users\407407\Desktop\vllm\github\MQA_FastPath\C&D\key_C_FP_OFF_MQA_ON_k4.log","key","C_FP_OFF_MQA_ON","4","sample_len","4","4"
"C&D","C:\Users\407407\Desktop\vllm\github\MQA_FastPath\C&D\key_C_FP_OFF_MQA_ON_k4.log","key","C_FP_OFF_MQA_ON","4","scoring_time_ms","99","84.44"
"C&D","C:\Users\407407\Desktop\vllm\github\MQA_FastPath\C&D\key_C_FP_OFF_MQA_ON_k4.log","key","C_FP_OFF_MQA_ON","4","seed","18","None"
"C&D","C:\Users\407407\Desktop\vllm\github\MQA_FastPath\C&D\key_C_FP_OFF_MQA_ON_k4.log","key","C_FP_OFF_MQA_ON","4","skip_special_tokens","18","True"
"C&D","C:\Users\407407\Desktop\vllm\github\MQA_FastPath\C&D\key_C_FP_OFF_MQA_ON_k4.log","key","C_FP_OFF_MQA_ON","4","spaces_between_special_tokens","18","True"
"C&D","C:\Users\407407\Desktop\vllm\github\MQA_FastPath\C&D\key_C_FP_OFF_MQA_ON_k4.log","key","C_FP_OFF_MQA_ON","4","step_accept","103","[1.0, 0.9918]"
"C&D","C:\Users\407407\Desktop\vllm\github\MQA_FastPath\C&D\key_C_FP_OFF_MQA_ON_k4.log","key","C_FP_OFF_MQA_ON","4","stop","18","[]"
"C&D","C:\Users\407407\Desktop\vllm\github\MQA_FastPath\C&D\key_C_FP_OFF_MQA_ON_k4.log","key","C_FP_OFF_MQA_ON","4","stop_token_ids","18","[]"
"C&D","C:\Users\407407\Desktop\vllm\github\MQA_FastPath\C&D\key_C_FP_OFF_MQA_ON_k4.log","key","C_FP_OFF_MQA_ON","4","supports_gpu_multi_step","6","False."
"C&D","C:\Users\407407\Desktop\vllm\github\MQA_FastPath\C&D\key_C_FP_OFF_MQA_ON_k4.log","key","C_FP_OFF_MQA_ON","4","target_tp","1","1"
"C&D","C:\Users\407407\Desktop\vllm\github\MQA_FastPath\C&D\key_C_FP_OFF_MQA_ON_k4.log","key","C_FP_OFF_MQA_ON","4","temperature","18","0.0"
"C&D","C:\Users\407407\Desktop\vllm\github\MQA_FastPath\C&D\key_C_FP_OFF_MQA_ON_k4.log","key","C_FP_OFF_MQA_ON","4","throughput_tps","104","252.322"
"C&D","C:\Users\407407\Desktop\vllm\github\MQA_FastPath\C&D\key_C_FP_OFF_MQA_ON_k4.log","key","C_FP_OFF_MQA_ON","4","top_k","18","0"
"C&D","C:\Users\407407\Desktop\vllm\github\MQA_FastPath\C&D\key_C_FP_OFF_MQA_ON_k4.log","key","C_FP_OFF_MQA_ON","4","top_p","18","1.0"
"C&D","C:\Users\407407\Desktop\vllm\github\MQA_FastPath\C&D\key_C_FP_OFF_MQA_ON_k4.log","key","C_FP_OFF_MQA_ON","4","truncate_prompt_tokens","18","None"
"C&D","C:\Users\407407\Desktop\vllm\github\MQA_FastPath\C&D\key_C_FP_OFF_MQA_ON_k4.log","key","C_FP_OFF_MQA_ON","4","verification_time_ms","99","5.14"
"C&D","C:\Users\407407\Desktop\vllm\github\MQA_FastPath\C&D\key_C_FP_OFF_MQA_ON_k4.log","key","C_FP_OFF_MQA_ON","4","waste_ratio","103","0.0041"
"C&D","C:\Users\407407\Desktop\vllm\github\MQA_FastPath\C&D\key_C_FP_OFF_MQA_ON_k8.log","key","C_FP_OFF_MQA_ON","8","accept","98","0.8160"
"C&D","C:\Users\407407\Desktop\vllm\github\MQA_FastPath\C&D\key_C_FP_OFF_MQA_ON_k8.log","key","C_FP_OFF_MQA_ON","8","accept_no_hs","98","0.8160"
"C&D","C:\Users\407407\Desktop\vllm\github\MQA_FastPath\C&D\key_C_FP_OFF_MQA_ON_k8.log","key","C_FP_OFF_MQA_ON","8","accept_with_hs","98","0.0000"
"C&D","C:\Users\407407\Desktop\vllm\github\MQA_FastPath\C&D\key_C_FP_OFF_MQA_ON_k8.log","key","C_FP_OFF_MQA_ON","8","average_time_per_proposal_tok_ms","99","66.19"
"C&D","C:\Users\407407\Desktop\vllm\github\MQA_FastPath\C&D\key_C_FP_OFF_MQA_ON_k8.log","key","C_FP_OFF_MQA_ON","8","avg_execute_total_ms","92","70.13"
"C&D","C:\Users\407407\Desktop\vllm\github\MQA_FastPath\C&D\key_C_FP_OFF_MQA_ON_k8.log","key","C_FP_OFF_MQA_ON","8","avg_forward_ms","92","63.34"
"C&D","C:\Users\407407\Desktop\vllm\github\MQA_FastPath\C&D\key_C_FP_OFF_MQA_ON_k8.log","key","C_FP_OFF_MQA_ON","8","avg_logits_ms","92","1.55"
"C&D","C:\Users\407407\Desktop\vllm\github\MQA_FastPath\C&D\key_C_FP_OFF_MQA_ON_k8.log","key","C_FP_OFF_MQA_ON","8","avg_sampler_ms","92","5.19"
"C&D","C:\Users\407407\Desktop\vllm\github\MQA_FastPath\C&D\key_C_FP_OFF_MQA_ON_k8.log","key","C_FP_OFF_MQA_ON","8","backend","2","ASCEND"
"C&D","C:\Users\407407\Desktop\vllm\github\MQA_FastPath\C&D\key_C_FP_OFF_MQA_ON_k8.log","key","C_FP_OFF_MQA_ON","8","bad_words","18","[]"
"C&D","C:\Users\407407\Desktop\vllm\github\MQA_FastPath\C&D\key_C_FP_OFF_MQA_ON_k8.log","key","C_FP_OFF_MQA_ON","8","capability","2","ASCEND,FLASH_ATTN)."
"C&D","C:\Users\407407\Desktop\vllm\github\MQA_FastPath\C&D\key_C_FP_OFF_MQA_ON_k8.log","key","C_FP_OFF_MQA_ON","8","count","92","350"
"C&D","C:\Users\407407\Desktop\vllm\github\MQA_FastPath\C&D\key_C_FP_OFF_MQA_ON_k8.log","key","C_FP_OFF_MQA_ON","8","draft_tp","1","1"
"C&D","C:\Users\407407\Desktop\vllm\github\MQA_FastPath\C&D\key_C_FP_OFF_MQA_ON_k8.log","key","C_FP_OFF_MQA_ON","8","extra_args","18","None)"
"C&D","C:\Users\407407\Desktop\vllm\github\MQA_FastPath\C&D\key_C_FP_OFF_MQA_ON_k8.log","key","C_FP_OFF_MQA_ON","8","fail_adapter","5","0"
"C&D","C:\Users\407407\Desktop\vllm\github\MQA_FastPath\C&D\key_C_FP_OFF_MQA_ON_k8.log","key","C_FP_OFF_MQA_ON","8","fail_backend","5","1"
"C&D","C:\Users\407407\Desktop\vllm\github\MQA_FastPath\C&D\key_C_FP_OFF_MQA_ON_k8.log","key","C_FP_OFF_MQA_ON","8","fail_disabled","5","0"
"C&D","C:\Users\407407\Desktop\vllm\github\MQA_FastPath\C&D\key_C_FP_OFF_MQA_ON_k8.log","key","C_FP_OFF_MQA_ON","8","fail_lora","5","0"
"C&D","C:\Users\407407\Desktop\vllm\github\MQA_FastPath\C&D\key_C_FP_OFF_MQA_ON_k8.log","key","C_FP_OFF_MQA_ON","8","fail_prompt","5","0"
"C&D","C:\Users\407407\Desktop\vllm\github\MQA_FastPath\C&D\key_C_FP_OFF_MQA_ON_k8.log","key","C_FP_OFF_MQA_ON","8","frequency_penalty","18","0.0"
"C&D","C:\Users\407407\Desktop\vllm\github\MQA_FastPath\C&D\key_C_FP_OFF_MQA_ON_k8.log","key","C_FP_OFF_MQA_ON","8","guided_decoding","18","None"
"C&D","C:\Users\407407\Desktop\vllm\github\MQA_FastPath\C&D\key_C_FP_OFF_MQA_ON_k8.log","key","C_FP_OFF_MQA_ON","8","hs_ratio","98","0.0000"
"C&D","C:\Users\407407\Desktop\vllm\github\MQA_FastPath\C&D\key_C_FP_OFF_MQA_ON_k8.log","key","C_FP_OFF_MQA_ON","8","ignore_eos","18","False"
"C&D","C:\Users\407407\Desktop\vllm\github\MQA_FastPath\C&D\key_C_FP_OFF_MQA_ON_k8.log","key","C_FP_OFF_MQA_ON","8","include_stop_str_in_output","18","False"
"C&D","C:\Users\407407\Desktop\vllm\github\MQA_FastPath\C&D\key_C_FP_OFF_MQA_ON_k8.log","key","C_FP_OFF_MQA_ON","8","is_tp1_runner","4","True"
"C&D","C:\Users\407407\Desktop\vllm\github\MQA_FastPath\C&D\key_C_FP_OFF_MQA_ON_k8.log","key","C_FP_OFF_MQA_ON","8","iter_p95","98","333.035"
"C&D","C:\Users\407407\Desktop\vllm\github\MQA_FastPath\C&D\key_C_FP_OFF_MQA_ON_k8.log","key","C_FP_OFF_MQA_ON","8","k","100","2"
"C&D","C:\Users\407407\Desktop\vllm\github\MQA_FastPath\C&D\key_C_FP_OFF_MQA_ON_k8.log","key","C_FP_OFF_MQA_ON","8","logprobs","18","None"
"C&D","C:\Users\407407\Desktop\vllm\github\MQA_FastPath\C&D\key_C_FP_OFF_MQA_ON_k8.log","key","C_FP_OFF_MQA_ON","8","max_tokens","18","340"
"C&D","C:\Users\407407\Desktop\vllm\github\MQA_FastPath\C&D\key_C_FP_OFF_MQA_ON_k8.log","key","C_FP_OFF_MQA_ON","8","min_p","18","0.0"
"C&D","C:\Users\407407\Desktop\vllm\github\MQA_FastPath\C&D\key_C_FP_OFF_MQA_ON_k8.log","key","C_FP_OFF_MQA_ON","8","min_tokens","18","0"
"C&D","C:\Users\407407\Desktop\vllm\github\MQA_FastPath\C&D\key_C_FP_OFF_MQA_ON_k8.log","key","C_FP_OFF_MQA_ON","8","model_runner","4","<class 'vllm_ascend.worker.draft_model_runner.TP1DraftModelRunner'>"
"C&D","C:\Users\407407\Desktop\vllm\github\MQA_FastPath\C&D\key_C_FP_OFF_MQA_ON_k8.log","key","C_FP_OFF_MQA_ON","8","model_type","1","qwen3)"
"C&D","C:\Users\407407\Desktop\vllm\github\MQA_FastPath\C&D\key_C_FP_OFF_MQA_ON_k8.log","key","C_FP_OFF_MQA_ON","8","ms_hit","5","0"
"C&D","C:\Users\407407\Desktop\vllm\github\MQA_FastPath\C&D\key_C_FP_OFF_MQA_ON_k8.log","key","C_FP_OFF_MQA_ON","8","ms_total","5","1"
"C&D","C:\Users\407407\Desktop\vllm\github\MQA_FastPath\C&D\key_C_FP_OFF_MQA_ON_k8.log","key","C_FP_OFF_MQA_ON","8","n","18","1"
"C&D","C:\Users\407407\Desktop\vllm\github\MQA_FastPath\C&D\key_C_FP_OFF_MQA_ON_k8.log","key","C_FP_OFF_MQA_ON","8","presence_penalty","18","0.0"
"C&D","C:\Users\407407\Desktop\vllm\github\MQA_FastPath\C&D\key_C_FP_OFF_MQA_ON_k8.log","key","C_FP_OFF_MQA_ON","8","prompt_logprobs","18","None"
"C&D","C:\Users\407407\Desktop\vllm\github\MQA_FastPath\C&D\key_C_FP_OFF_MQA_ON_k8.log","key","C_FP_OFF_MQA_ON","8","repetition_penalty","18","1.0"
"C&D","C:\Users\407407\Desktop\vllm\github\MQA_FastPath\C&D\key_C_FP_OFF_MQA_ON_k8.log","key","C_FP_OFF_MQA_ON","8","runner_cls","1","<class 'vllm_ascend.worker.draft_model_runner.TP1DraftModelRunner'>"
"C&D","C:\Users\407407\Desktop\vllm\github\MQA_FastPath\C&D\key_C_FP_OFF_MQA_ON_k8.log","key","C_FP_OFF_MQA_ON","8","sample_len","4","4"
"C&D","C:\Users\407407\Desktop\vllm\github\MQA_FastPath\C&D\key_C_FP_OFF_MQA_ON_k8.log","key","C_FP_OFF_MQA_ON","8","scoring_time_ms","99","58.80"
"C&D","C:\Users\407407\Desktop\vllm\github\MQA_FastPath\C&D\key_C_FP_OFF_MQA_ON_k8.log","key","C_FP_OFF_MQA_ON","8","seed","18","None"
"C&D","C:\Users\407407\Desktop\vllm\github\MQA_FastPath\C&D\key_C_FP_OFF_MQA_ON_k8.log","key","C_FP_OFF_MQA_ON","8","skip_special_tokens","18","True"
"C&D","C:\Users\407407\Desktop\vllm\github\MQA_FastPath\C&D\key_C_FP_OFF_MQA_ON_k8.log","key","C_FP_OFF_MQA_ON","8","spaces_between_special_tokens","18","True"
"C&D","C:\Users\407407\Desktop\vllm\github\MQA_FastPath\C&D\key_C_FP_OFF_MQA_ON_k8.log","key","C_FP_OFF_MQA_ON","8","step_accept","100","[1.0, 0.9388]"
"C&D","C:\Users\407407\Desktop\vllm\github\MQA_FastPath\C&D\key_C_FP_OFF_MQA_ON_k8.log","key","C_FP_OFF_MQA_ON","8","stop","18","[]"
"C&D","C:\Users\407407\Desktop\vllm\github\MQA_FastPath\C&D\key_C_FP_OFF_MQA_ON_k8.log","key","C_FP_OFF_MQA_ON","8","stop_token_ids","18","[]"
"C&D","C:\Users\407407\Desktop\vllm\github\MQA_FastPath\C&D\key_C_FP_OFF_MQA_ON_k8.log","key","C_FP_OFF_MQA_ON","8","supports_gpu_multi_step","6","False."
"C&D","C:\Users\407407\Desktop\vllm\github\MQA_FastPath\C&D\key_C_FP_OFF_MQA_ON_k8.log","key","C_FP_OFF_MQA_ON","8","target_tp","1","1"
"C&D","C:\Users\407407\Desktop\vllm\github\MQA_FastPath\C&D\key_C_FP_OFF_MQA_ON_k8.log","key","C_FP_OFF_MQA_ON","8","temperature","18","0.0"
"C&D","C:\Users\407407\Desktop\vllm\github\MQA_FastPath\C&D\key_C_FP_OFF_MQA_ON_k8.log","key","C_FP_OFF_MQA_ON","8","throughput_tps","98","254.679"
"C&D","C:\Users\407407\Desktop\vllm\github\MQA_FastPath\C&D\key_C_FP_OFF_MQA_ON_k8.log","key","C_FP_OFF_MQA_ON","8","top_k","18","0"
"C&D","C:\Users\407407\Desktop\vllm\github\MQA_FastPath\C&D\key_C_FP_OFF_MQA_ON_k8.log","key","C_FP_OFF_MQA_ON","8","top_p","18","1.0"
"C&D","C:\Users\407407\Desktop\vllm\github\MQA_FastPath\C&D\key_C_FP_OFF_MQA_ON_k8.log","key","C_FP_OFF_MQA_ON","8","truncate_prompt_tokens","18","None"
"C&D","C:\Users\407407\Desktop\vllm\github\MQA_FastPath\C&D\key_C_FP_OFF_MQA_ON_k8.log","key","C_FP_OFF_MQA_ON","8","verification_time_ms","99","4.96"
"C&D","C:\Users\407407\Desktop\vllm\github\MQA_FastPath\C&D\key_C_FP_OFF_MQA_ON_k8.log","key","C_FP_OFF_MQA_ON","8","waste_ratio","100","0.0306"
"C&D","C:\Users\407407\Desktop\vllm\github\MQA_FastPath\C&D\key_D_FP_OFF_MQA_OFF_k2.log","key","D_FP_OFF_MQA_OFF","2","accept","142","0.8913"
"C&D","C:\Users\407407\Desktop\vllm\github\MQA_FastPath\C&D\key_D_FP_OFF_MQA_OFF_k2.log","key","D_FP_OFF_MQA_OFF","2","accept_no_hs","142","0.8913"
"C&D","C:\Users\407407\Desktop\vllm\github\MQA_FastPath\C&D\key_D_FP_OFF_MQA_OFF_k2.log","key","D_FP_OFF_MQA_OFF","2","accept_with_hs","142","0.0000"
"C&D","C:\Users\407407\Desktop\vllm\github\MQA_FastPath\C&D\key_D_FP_OFF_MQA_OFF_k2.log","key","D_FP_OFF_MQA_OFF","2","average_time_per_proposal_tok_ms","141","69.65"
"C&D","C:\Users\407407\Desktop\vllm\github\MQA_FastPath\C&D\key_D_FP_OFF_MQA_OFF_k2.log","key","D_FP_OFF_MQA_OFF","2","avg_execute_total_ms","144","68.63"
"C&D","C:\Users\407407\Desktop\vllm\github\MQA_FastPath\C&D\key_D_FP_OFF_MQA_OFF_k2.log","key","D_FP_OFF_MQA_OFF","2","avg_forward_ms","144","64.11"
"C&D","C:\Users\407407\Desktop\vllm\github\MQA_FastPath\C&D\key_D_FP_OFF_MQA_OFF_k2.log","key","D_FP_OFF_MQA_OFF","2","avg_logits_ms","144","1.26"
"C&D","C:\Users\407407\Desktop\vllm\github\MQA_FastPath\C&D\key_D_FP_OFF_MQA_OFF_k2.log","key","D_FP_OFF_MQA_OFF","2","avg_sampler_ms","144","3.21"
"C&D","C:\Users\407407\Desktop\vllm\github\MQA_FastPath\C&D\key_D_FP_OFF_MQA_OFF_k2.log","key","D_FP_OFF_MQA_OFF","2","backend","2","ASCEND"
"C&D","C:\Users\407407\Desktop\vllm\github\MQA_FastPath\C&D\key_D_FP_OFF_MQA_OFF_k2.log","key","D_FP_OFF_MQA_OFF","2","bad_words","25","[]"
"C&D","C:\Users\407407\Desktop\vllm\github\MQA_FastPath\C&D\key_D_FP_OFF_MQA_OFF_k2.log","key","D_FP_OFF_MQA_OFF","2","capability","2","FLASH_ATTN)."
"C&D","C:\Users\407407\Desktop\vllm\github\MQA_FastPath\C&D\key_D_FP_OFF_MQA_OFF_k2.log","key","D_FP_OFF_MQA_OFF","2","count","144","500"
"C&D","C:\Users\407407\Desktop\vllm\github\MQA_FastPath\C&D\key_D_FP_OFF_MQA_OFF_k2.log","key","D_FP_OFF_MQA_OFF","2","draft_tp","1","1"
"C&D","C:\Users\407407\Desktop\vllm\github\MQA_FastPath\C&D\key_D_FP_OFF_MQA_OFF_k2.log","key","D_FP_OFF_MQA_OFF","2","extra_args","25","None)"
"C&D","C:\Users\407407\Desktop\vllm\github\MQA_FastPath\C&D\key_D_FP_OFF_MQA_OFF_k2.log","key","D_FP_OFF_MQA_OFF","2","fail_adapter","5","0"
"C&D","C:\Users\407407\Desktop\vllm\github\MQA_FastPath\C&D\key_D_FP_OFF_MQA_OFF_k2.log","key","D_FP_OFF_MQA_OFF","2","fail_backend","5","1"
"C&D","C:\Users\407407\Desktop\vllm\github\MQA_FastPath\C&D\key_D_FP_OFF_MQA_OFF_k2.log","key","D_FP_OFF_MQA_OFF","2","fail_disabled","5","0"
"C&D","C:\Users\407407\Desktop\vllm\github\MQA_FastPath\C&D\key_D_FP_OFF_MQA_OFF_k2.log","key","D_FP_OFF_MQA_OFF","2","fail_lora","5","0"
"C&D","C:\Users\407407\Desktop\vllm\github\MQA_FastPath\C&D\key_D_FP_OFF_MQA_OFF_k2.log","key","D_FP_OFF_MQA_OFF","2","fail_prompt","5","0"
"C&D","C:\Users\407407\Desktop\vllm\github\MQA_FastPath\C&D\key_D_FP_OFF_MQA_OFF_k2.log","key","D_FP_OFF_MQA_OFF","2","frequency_penalty","25","0.0"
"C&D","C:\Users\407407\Desktop\vllm\github\MQA_FastPath\C&D\key_D_FP_OFF_MQA_OFF_k2.log","key","D_FP_OFF_MQA_OFF","2","guided_decoding","25","None"
"C&D","C:\Users\407407\Desktop\vllm\github\MQA_FastPath\C&D\key_D_FP_OFF_MQA_OFF_k2.log","key","D_FP_OFF_MQA_OFF","2","hs_ratio","142","0.0000"
"C&D","C:\Users\407407\Desktop\vllm\github\MQA_FastPath\C&D\key_D_FP_OFF_MQA_OFF_k2.log","key","D_FP_OFF_MQA_OFF","2","ignore_eos","25","False"
"C&D","C:\Users\407407\Desktop\vllm\github\MQA_FastPath\C&D\key_D_FP_OFF_MQA_OFF_k2.log","key","D_FP_OFF_MQA_OFF","2","include_stop_str_in_output","25","False"
"C&D","C:\Users\407407\Desktop\vllm\github\MQA_FastPath\C&D\key_D_FP_OFF_MQA_OFF_k2.log","key","D_FP_OFF_MQA_OFF","2","is_tp1_runner","4","True"
"C&D","C:\Users\407407\Desktop\vllm\github\MQA_FastPath\C&D\key_D_FP_OFF_MQA_OFF_k2.log","key","D_FP_OFF_MQA_OFF","2","iter_p95","142","305.150"
"C&D","C:\Users\407407\Desktop\vllm\github\MQA_FastPath\C&D\key_D_FP_OFF_MQA_OFF_k2.log","key","D_FP_OFF_MQA_OFF","2","k","143","2"
"C&D","C:\Users\407407\Desktop\vllm\github\MQA_FastPath\C&D\key_D_FP_OFF_MQA_OFF_k2.log","key","D_FP_OFF_MQA_OFF","2","logprobs","25","None"
"C&D","C:\Users\407407\Desktop\vllm\github\MQA_FastPath\C&D\key_D_FP_OFF_MQA_OFF_k2.log","key","D_FP_OFF_MQA_OFF","2","max_tokens","25","340"
"C&D","C:\Users\407407\Desktop\vllm\github\MQA_FastPath\C&D\key_D_FP_OFF_MQA_OFF_k2.log","key","D_FP_OFF_MQA_OFF","2","min_p","25","0.0"
"C&D","C:\Users\407407\Desktop\vllm\github\MQA_FastPath\C&D\key_D_FP_OFF_MQA_OFF_k2.log","key","D_FP_OFF_MQA_OFF","2","min_tokens","25","0"
"C&D","C:\Users\407407\Desktop\vllm\github\MQA_FastPath\C&D\key_D_FP_OFF_MQA_OFF_k2.log","key","D_FP_OFF_MQA_OFF","2","model_runner","4","<class 'vllm_ascend.worker.draft_model_runner.TP1DraftModelRunner'>"
"C&D","C:\Users\407407\Desktop\vllm\github\MQA_FastPath\C&D\key_D_FP_OFF_MQA_OFF_k2.log","key","D_FP_OFF_MQA_OFF","2","model_type","1","qwen3)"
"C&D","C:\Users\407407\Desktop\vllm\github\MQA_FastPath\C&D\key_D_FP_OFF_MQA_OFF_k2.log","key","D_FP_OFF_MQA_OFF","2","ms_hit","5","0"
"C&D","C:\Users\407407\Desktop\vllm\github\MQA_FastPath\C&D\key_D_FP_OFF_MQA_OFF_k2.log","key","D_FP_OFF_MQA_OFF","2","ms_total","5","1"
"C&D","C:\Users\407407\Desktop\vllm\github\MQA_FastPath\C&D\key_D_FP_OFF_MQA_OFF_k2.log","key","D_FP_OFF_MQA_OFF","2","n","25","1"
"C&D","C:\Users\407407\Desktop\vllm\github\MQA_FastPath\C&D\key_D_FP_OFF_MQA_OFF_k2.log","key","D_FP_OFF_MQA_OFF","2","presence_penalty","25","0.0"
"C&D","C:\Users\407407\Desktop\vllm\github\MQA_FastPath\C&D\key_D_FP_OFF_MQA_OFF_k2.log","key","D_FP_OFF_MQA_OFF","2","prompt_logprobs","25","None"
"C&D","C:\Users\407407\Desktop\vllm\github\MQA_FastPath\C&D\key_D_FP_OFF_MQA_OFF_k2.log","key","D_FP_OFF_MQA_OFF","2","repetition_penalty","25","1.0"
"C&D","C:\Users\407407\Desktop\vllm\github\MQA_FastPath\C&D\key_D_FP_OFF_MQA_OFF_k2.log","key","D_FP_OFF_MQA_OFF","2","runner_cls","1","<class 'vllm_ascend.worker.draft_model_runner.TP1DraftModelRunner'>"
"C&D","C:\Users\407407\Desktop\vllm\github\MQA_FastPath\C&D\key_D_FP_OFF_MQA_OFF_k2.log","key","D_FP_OFF_MQA_OFF","2","sample_len","4","2"
"C&D","C:\Users\407407\Desktop\vllm\github\MQA_FastPath\C&D\key_D_FP_OFF_MQA_OFF_k2.log","key","D_FP_OFF_MQA_OFF","2","scoring_time_ms","141","60.01"
"C&D","C:\Users\407407\Desktop\vllm\github\MQA_FastPath\C&D\key_D_FP_OFF_MQA_OFF_k2.log","key","D_FP_OFF_MQA_OFF","2","seed","25","None"
"C&D","C:\Users\407407\Desktop\vllm\github\MQA_FastPath\C&D\key_D_FP_OFF_MQA_OFF_k2.log","key","D_FP_OFF_MQA_OFF","2","skip_special_tokens","25","True"
"C&D","C:\Users\407407\Desktop\vllm\github\MQA_FastPath\C&D\key_D_FP_OFF_MQA_OFF_k2.log","key","D_FP_OFF_MQA_OFF","2","spaces_between_special_tokens","25","True"
"C&D","C:\Users\407407\Desktop\vllm\github\MQA_FastPath\C&D\key_D_FP_OFF_MQA_OFF_k2.log","key","D_FP_OFF_MQA_OFF","2","step_accept","143","[1.0, 0.7463]"
"C&D","C:\Users\407407\Desktop\vllm\github\MQA_FastPath\C&D\key_D_FP_OFF_MQA_OFF_k2.log","key","D_FP_OFF_MQA_OFF","2","stop","25","[]"
"C&D","C:\Users\407407\Desktop\vllm\github\MQA_FastPath\C&D\key_D_FP_OFF_MQA_OFF_k2.log","key","D_FP_OFF_MQA_OFF","2","stop_token_ids","25","[]"
"C&D","C:\Users\407407\Desktop\vllm\github\MQA_FastPath\C&D\key_D_FP_OFF_MQA_OFF_k2.log","key","D_FP_OFF_MQA_OFF","2","supports_gpu_multi_step","6","False."
"C&D","C:\Users\407407\Desktop\vllm\github\MQA_FastPath\C&D\key_D_FP_OFF_MQA_OFF_k2.log","key","D_FP_OFF_MQA_OFF","2","target_tp","1","1"
"C&D","C:\Users\407407\Desktop\vllm\github\MQA_FastPath\C&D\key_D_FP_OFF_MQA_OFF_k2.log","key","D_FP_OFF_MQA_OFF","2","temperature","25","0.0"
"C&D","C:\Users\407407\Desktop\vllm\github\MQA_FastPath\C&D\key_D_FP_OFF_MQA_OFF_k2.log","key","D_FP_OFF_MQA_OFF","2","throughput_tps","142","202.385"
"C&D","C:\Users\407407\Desktop\vllm\github\MQA_FastPath\C&D\key_D_FP_OFF_MQA_OFF_k2.log","key","D_FP_OFF_MQA_OFF","2","top_k","25","0"
"C&D","C:\Users\407407\Desktop\vllm\github\MQA_FastPath\C&D\key_D_FP_OFF_MQA_OFF_k2.log","key","D_FP_OFF_MQA_OFF","2","top_p","25","1.0"
"C&D","C:\Users\407407\Desktop\vllm\github\MQA_FastPath\C&D\key_D_FP_OFF_MQA_OFF_k2.log","key","D_FP_OFF_MQA_OFF","2","truncate_prompt_tokens","25","None"
"C&D","C:\Users\407407\Desktop\vllm\github\MQA_FastPath\C&D\key_D_FP_OFF_MQA_OFF_k2.log","key","D_FP_OFF_MQA_OFF","2","verification_time_ms","141","5.35"
"C&D","C:\Users\407407\Desktop\vllm\github\MQA_FastPath\C&D\key_D_FP_OFF_MQA_OFF_k2.log","key","D_FP_OFF_MQA_OFF","2","waste_ratio","143","0.1269"
"C&D","C:\Users\407407\Desktop\vllm\github\MQA_FastPath\C&D\key_D_FP_OFF_MQA_OFF_k4.log","key","D_FP_OFF_MQA_OFF","4","accept","131","0.8506"
"C&D","C:\Users\407407\Desktop\vllm\github\MQA_FastPath\C&D\key_D_FP_OFF_MQA_OFF_k4.log","key","D_FP_OFF_MQA_OFF","4","accept_no_hs","131","0.8506"
"C&D","C:\Users\407407\Desktop\vllm\github\MQA_FastPath\C&D\key_D_FP_OFF_MQA_OFF_k4.log","key","D_FP_OFF_MQA_OFF","4","accept_with_hs","131","0.0000"
"C&D","C:\Users\407407\Desktop\vllm\github\MQA_FastPath\C&D\key_D_FP_OFF_MQA_OFF_k4.log","key","D_FP_OFF_MQA_OFF","4","average_time_per_proposal_tok_ms","127","71.24"
"C&D","C:\Users\407407\Desktop\vllm\github\MQA_FastPath\C&D\key_D_FP_OFF_MQA_OFF_k4.log","key","D_FP_OFF_MQA_OFF","4","avg_execute_total_ms","124","71.42"
"C&D","C:\Users\407407\Desktop\vllm\github\MQA_FastPath\C&D\key_D_FP_OFF_MQA_OFF_k4.log","key","D_FP_OFF_MQA_OFF","4","avg_forward_ms","124","64.28"
"C&D","C:\Users\407407\Desktop\vllm\github\MQA_FastPath\C&D\key_D_FP_OFF_MQA_OFF_k4.log","key","D_FP_OFF_MQA_OFF","4","avg_logits_ms","124","1.39"
"C&D","C:\Users\407407\Desktop\vllm\github\MQA_FastPath\C&D\key_D_FP_OFF_MQA_OFF_k4.log","key","D_FP_OFF_MQA_OFF","4","avg_sampler_ms","124","5.70"
"C&D","C:\Users\407407\Desktop\vllm\github\MQA_FastPath\C&D\key_D_FP_OFF_MQA_OFF_k4.log","key","D_FP_OFF_MQA_OFF","4","backend","2","ASCEND"
"C&D","C:\Users\407407\Desktop\vllm\github\MQA_FastPath\C&D\key_D_FP_OFF_MQA_OFF_k4.log","key","D_FP_OFF_MQA_OFF","4","bad_words","22","[]"
"C&D","C:\Users\407407\Desktop\vllm\github\MQA_FastPath\C&D\key_D_FP_OFF_MQA_OFF_k4.log","key","D_FP_OFF_MQA_OFF","4","capability","2","FLASH_ATTN)."
"C&D","C:\Users\407407\Desktop\vllm\github\MQA_FastPath\C&D\key_D_FP_OFF_MQA_OFF_k4.log","key","D_FP_OFF_MQA_OFF","4","count","124","450"
"C&D","C:\Users\407407\Desktop\vllm\github\MQA_FastPath\C&D\key_D_FP_OFF_MQA_OFF_k4.log","key","D_FP_OFF_MQA_OFF","4","draft_tp","1","1"
"C&D","C:\Users\407407\Desktop\vllm\github\MQA_FastPath\C&D\key_D_FP_OFF_MQA_OFF_k4.log","key","D_FP_OFF_MQA_OFF","4","extra_args","22","None)"
"C&D","C:\Users\407407\Desktop\vllm\github\MQA_FastPath\C&D\key_D_FP_OFF_MQA_OFF_k4.log","key","D_FP_OFF_MQA_OFF","4","fail_adapter","5","0"
"C&D","C:\Users\407407\Desktop\vllm\github\MQA_FastPath\C&D\key_D_FP_OFF_MQA_OFF_k4.log","key","D_FP_OFF_MQA_OFF","4","fail_backend","5","1"
"C&D","C:\Users\407407\Desktop\vllm\github\MQA_FastPath\C&D\key_D_FP_OFF_MQA_OFF_k4.log","key","D_FP_OFF_MQA_OFF","4","fail_disabled","5","0"
"C&D","C:\Users\407407\Desktop\vllm\github\MQA_FastPath\C&D\key_D_FP_OFF_MQA_OFF_k4.log","key","D_FP_OFF_MQA_OFF","4","fail_lora","5","0"
"C&D","C:\Users\407407\Desktop\vllm\github\MQA_FastPath\C&D\key_D_FP_OFF_MQA_OFF_k4.log","key","D_FP_OFF_MQA_OFF","4","fail_prompt","5","0"
"C&D","C:\Users\407407\Desktop\vllm\github\MQA_FastPath\C&D\key_D_FP_OFF_MQA_OFF_k4.log","key","D_FP_OFF_MQA_OFF","4","frequency_penalty","22","0.0"
"C&D","C:\Users\407407\Desktop\vllm\github\MQA_FastPath\C&D\key_D_FP_OFF_MQA_OFF_k4.log","key","D_FP_OFF_MQA_OFF","4","guided_decoding","22","None"
"C&D","C:\Users\407407\Desktop\vllm\github\MQA_FastPath\C&D\key_D_FP_OFF_MQA_OFF_k4.log","key","D_FP_OFF_MQA_OFF","4","hs_ratio","131","0.0000"
"C&D","C:\Users\407407\Desktop\vllm\github\MQA_FastPath\C&D\key_D_FP_OFF_MQA_OFF_k4.log","key","D_FP_OFF_MQA_OFF","4","ignore_eos","22","False"
"C&D","C:\Users\407407\Desktop\vllm\github\MQA_FastPath\C&D\key_D_FP_OFF_MQA_OFF_k4.log","key","D_FP_OFF_MQA_OFF","4","include_stop_str_in_output","22","False"
"C&D","C:\Users\407407\Desktop\vllm\github\MQA_FastPath\C&D\key_D_FP_OFF_MQA_OFF_k4.log","key","D_FP_OFF_MQA_OFF","4","is_tp1_runner","4","True"
"C&D","C:\Users\407407\Desktop\vllm\github\MQA_FastPath\C&D\key_D_FP_OFF_MQA_OFF_k4.log","key","D_FP_OFF_MQA_OFF","4","iter_p95","131","367.593"
"C&D","C:\Users\407407\Desktop\vllm\github\MQA_FastPath\C&D\key_D_FP_OFF_MQA_OFF_k4.log","key","D_FP_OFF_MQA_OFF","4","k","132","2"
"C&D","C:\Users\407407\Desktop\vllm\github\MQA_FastPath\C&D\key_D_FP_OFF_MQA_OFF_k4.log","key","D_FP_OFF_MQA_OFF","4","logprobs","22","None"
"C&D","C:\Users\407407\Desktop\vllm\github\MQA_FastPath\C&D\key_D_FP_OFF_MQA_OFF_k4.log","key","D_FP_OFF_MQA_OFF","4","max_tokens","22","340"
"C&D","C:\Users\407407\Desktop\vllm\github\MQA_FastPath\C&D\key_D_FP_OFF_MQA_OFF_k4.log","key","D_FP_OFF_MQA_OFF","4","min_p","22","0.0"
"C&D","C:\Users\407407\Desktop\vllm\github\MQA_FastPath\C&D\key_D_FP_OFF_MQA_OFF_k4.log","key","D_FP_OFF_MQA_OFF","4","min_tokens","22","0"
"C&D","C:\Users\407407\Desktop\vllm\github\MQA_FastPath\C&D\key_D_FP_OFF_MQA_OFF_k4.log","key","D_FP_OFF_MQA_OFF","4","model_runner","4","<class 'vllm_ascend.worker.draft_model_runner.TP1DraftModelRunner'>"
"C&D","C:\Users\407407\Desktop\vllm\github\MQA_FastPath\C&D\key_D_FP_OFF_MQA_OFF_k4.log","key","D_FP_OFF_MQA_OFF","4","model_type","1","qwen3)"
"C&D","C:\Users\407407\Desktop\vllm\github\MQA_FastPath\C&D\key_D_FP_OFF_MQA_OFF_k4.log","key","D_FP_OFF_MQA_OFF","4","ms_hit","5","0"
"C&D","C:\Users\407407\Desktop\vllm\github\MQA_FastPath\C&D\key_D_FP_OFF_MQA_OFF_k4.log","key","D_FP_OFF_MQA_OFF","4","ms_total","5","1"
"C&D","C:\Users\407407\Desktop\vllm\github\MQA_FastPath\C&D\key_D_FP_OFF_MQA_OFF_k4.log","key","D_FP_OFF_MQA_OFF","4","n","22","1"
"C&D","C:\Users\407407\Desktop\vllm\github\MQA_FastPath\C&D\key_D_FP_OFF_MQA_OFF_k4.log","key","D_FP_OFF_MQA_OFF","4","presence_penalty","22","0.0"
"C&D","C:\Users\407407\Desktop\vllm\github\MQA_FastPath\C&D\key_D_FP_OFF_MQA_OFF_k4.log","key","D_FP_OFF_MQA_OFF","4","prompt_logprobs","22","None"
"C&D","C:\Users\407407\Desktop\vllm\github\MQA_FastPath\C&D\key_D_FP_OFF_MQA_OFF_k4.log","key","D_FP_OFF_MQA_OFF","4","repetition_penalty","22","1.0"
"C&D","C:\Users\407407\Desktop\vllm\github\MQA_FastPath\C&D\key_D_FP_OFF_MQA_OFF_k4.log","key","D_FP_OFF_MQA_OFF","4","runner_cls","1","<class 'vllm_ascend.worker.draft_model_runner.TP1DraftModelRunner'>"
"C&D","C:\Users\407407\Desktop\vllm\github\MQA_FastPath\C&D\key_D_FP_OFF_MQA_OFF_k4.log","key","D_FP_OFF_MQA_OFF","4","sample_len","4","4"
"C&D","C:\Users\407407\Desktop\vllm\github\MQA_FastPath\C&D\key_D_FP_OFF_MQA_OFF_k4.log","key","D_FP_OFF_MQA_OFF","4","scoring_time_ms","127","59.73"
"C&D","C:\Users\407407\Desktop\vllm\github\MQA_FastPath\C&D\key_D_FP_OFF_MQA_OFF_k4.log","key","D_FP_OFF_MQA_OFF","4","seed","22","None"
"C&D","C:\Users\407407\Desktop\vllm\github\MQA_FastPath\C&D\key_D_FP_OFF_MQA_OFF_k4.log","key","D_FP_OFF_MQA_OFF","4","skip_special_tokens","22","True"
"C&D","C:\Users\407407\Desktop\vllm\github\MQA_FastPath\C&D\key_D_FP_OFF_MQA_OFF_k4.log","key","D_FP_OFF_MQA_OFF","4","spaces_between_special_tokens","22","True"
"C&D","C:\Users\407407\Desktop\vllm\github\MQA_FastPath\C&D\key_D_FP_OFF_MQA_OFF_k4.log","key","D_FP_OFF_MQA_OFF","4","step_accept","132","[1.0, 0.7689]"
"C&D","C:\Users\407407\Desktop\vllm\github\MQA_FastPath\C&D\key_D_FP_OFF_MQA_OFF_k4.log","key","D_FP_OFF_MQA_OFF","4","stop","22","[]"
"C&D","C:\Users\407407\Desktop\vllm\github\MQA_FastPath\C&D\key_D_FP_OFF_MQA_OFF_k4.log","key","D_FP_OFF_MQA_OFF","4","stop_token_ids","22","[]"
"C&D","C:\Users\407407\Desktop\vllm\github\MQA_FastPath\C&D\key_D_FP_OFF_MQA_OFF_k4.log","key","D_FP_OFF_MQA_OFF","4","supports_gpu_multi_step","6","False."
"C&D","C:\Users\407407\Desktop\vllm\github\MQA_FastPath\C&D\key_D_FP_OFF_MQA_OFF_k4.log","key","D_FP_OFF_MQA_OFF","4","target_tp","1","1"
"C&D","C:\Users\407407\Desktop\vllm\github\MQA_FastPath\C&D\key_D_FP_OFF_MQA_OFF_k4.log","key","D_FP_OFF_MQA_OFF","4","temperature","22","0.0"
"C&D","C:\Users\407407\Desktop\vllm\github\MQA_FastPath\C&D\key_D_FP_OFF_MQA_OFF_k4.log","key","D_FP_OFF_MQA_OFF","4","throughput_tps","131","211.906"
"C&D","C:\Users\407407\Desktop\vllm\github\MQA_FastPath\C&D\key_D_FP_OFF_MQA_OFF_k4.log","key","D_FP_OFF_MQA_OFF","4","top_k","22","0"
"C&D","C:\Users\407407\Desktop\vllm\github\MQA_FastPath\C&D\key_D_FP_OFF_MQA_OFF_k4.log","key","D_FP_OFF_MQA_OFF","4","top_p","22","1.0"
"C&D","C:\Users\407407\Desktop\vllm\github\MQA_FastPath\C&D\key_D_FP_OFF_MQA_OFF_k4.log","key","D_FP_OFF_MQA_OFF","4","truncate_prompt_tokens","22","None"
"C&D","C:\Users\407407\Desktop\vllm\github\MQA_FastPath\C&D\key_D_FP_OFF_MQA_OFF_k4.log","key","D_FP_OFF_MQA_OFF","4","verification_time_ms","127","5.15"
"C&D","C:\Users\407407\Desktop\vllm\github\MQA_FastPath\C&D\key_D_FP_OFF_MQA_OFF_k4.log","key","D_FP_OFF_MQA_OFF","4","waste_ratio","132","0.1155"
"C&D","C:\Users\407407\Desktop\vllm\github\MQA_FastPath\C&D\key_D_FP_OFF_MQA_OFF_k8.log","key","D_FP_OFF_MQA_OFF","8","accept","130","0.8281"
"C&D","C:\Users\407407\Desktop\vllm\github\MQA_FastPath\C&D\key_D_FP_OFF_MQA_OFF_k8.log","key","D_FP_OFF_MQA_OFF","8","accept_no_hs","130","0.8281"
"C&D","C:\Users\407407\Desktop\vllm\github\MQA_FastPath\C&D\key_D_FP_OFF_MQA_OFF_k8.log","key","D_FP_OFF_MQA_OFF","8","accept_with_hs","130","0.0000"
"C&D","C:\Users\407407\Desktop\vllm\github\MQA_FastPath\C&D\key_D_FP_OFF_MQA_OFF_k8.log","key","D_FP_OFF_MQA_OFF","8","average_time_per_proposal_tok_ms","124","68.29"
"C&D","C:\Users\407407\Desktop\vllm\github\MQA_FastPath\C&D\key_D_FP_OFF_MQA_OFF_k8.log","key","D_FP_OFF_MQA_OFF","8","avg_execute_total_ms","122","70.21"
"C&D","C:\Users\407407\Desktop\vllm\github\MQA_FastPath\C&D\key_D_FP_OFF_MQA_OFF_k8.log","key","D_FP_OFF_MQA_OFF","8","avg_forward_ms","122","63.43"
"C&D","C:\Users\407407\Desktop\vllm\github\MQA_FastPath\C&D\key_D_FP_OFF_MQA_OFF_k8.log","key","D_FP_OFF_MQA_OFF","8","avg_logits_ms","122","1.39"
"C&D","C:\Users\407407\Desktop\vllm\github\MQA_FastPath\C&D\key_D_FP_OFF_MQA_OFF_k8.log","key","D_FP_OFF_MQA_OFF","8","avg_sampler_ms","122","5.34"
"C&D","C:\Users\407407\Desktop\vllm\github\MQA_FastPath\C&D\key_D_FP_OFF_MQA_OFF_k8.log","key","D_FP_OFF_MQA_OFF","8","backend","2","ASCEND"
"C&D","C:\Users\407407\Desktop\vllm\github\MQA_FastPath\C&D\key_D_FP_OFF_MQA_OFF_k8.log","key","D_FP_OFF_MQA_OFF","8","bad_words","22","[]"
"C&D","C:\Users\407407\Desktop\vllm\github\MQA_FastPath\C&D\key_D_FP_OFF_MQA_OFF_k8.log","key","D_FP_OFF_MQA_OFF","8","capability","2","FLASH_ATTN)."
"C&D","C:\Users\407407\Desktop\vllm\github\MQA_FastPath\C&D\key_D_FP_OFF_MQA_OFF_k8.log","key","D_FP_OFF_MQA_OFF","8","count","122","450"
"C&D","C:\Users\407407\Desktop\vllm\github\MQA_FastPath\C&D\key_D_FP_OFF_MQA_OFF_k8.log","key","D_FP_OFF_MQA_OFF","8","draft_tp","1","1"
"C&D","C:\Users\407407\Desktop\vllm\github\MQA_FastPath\C&D\key_D_FP_OFF_MQA_OFF_k8.log","key","D_FP_OFF_MQA_OFF","8","extra_args","22","None)"
"C&D","C:\Users\407407\Desktop\vllm\github\MQA_FastPath\C&D\key_D_FP_OFF_MQA_OFF_k8.log","key","D_FP_OFF_MQA_OFF","8","fail_adapter","5","0"
"C&D","C:\Users\407407\Desktop\vllm\github\MQA_FastPath\C&D\key_D_FP_OFF_MQA_OFF_k8.log","key","D_FP_OFF_MQA_OFF","8","fail_backend","5","1"
"C&D","C:\Users\407407\Desktop\vllm\github\MQA_FastPath\C&D\key_D_FP_OFF_MQA_OFF_k8.log","key","D_FP_OFF_MQA_OFF","8","fail_disabled","5","0"
"C&D","C:\Users\407407\Desktop\vllm\github\MQA_FastPath\C&D\key_D_FP_OFF_MQA_OFF_k8.log","key","D_FP_OFF_MQA_OFF","8","fail_lora","5","0"
"C&D","C:\Users\407407\Desktop\vllm\github\MQA_FastPath\C&D\key_D_FP_OFF_MQA_OFF_k8.log","key","D_FP_OFF_MQA_OFF","8","fail_prompt","5","0"
"C&D","C:\Users\407407\Desktop\vllm\github\MQA_FastPath\C&D\key_D_FP_OFF_MQA_OFF_k8.log","key","D_FP_OFF_MQA_OFF","8","frequency_penalty","22","0.0"
"C&D","C:\Users\407407\Desktop\vllm\github\MQA_FastPath\C&D\key_D_FP_OFF_MQA_OFF_k8.log","key","D_FP_OFF_MQA_OFF","8","guided_decoding","22","None"
"C&D","C:\Users\407407\Desktop\vllm\github\MQA_FastPath\C&D\key_D_FP_OFF_MQA_OFF_k8.log","key","D_FP_OFF_MQA_OFF","8","hs_ratio","130","0.0000"
"C&D","C:\Users\407407\Desktop\vllm\github\MQA_FastPath\C&D\key_D_FP_OFF_MQA_OFF_k8.log","key","D_FP_OFF_MQA_OFF","8","ignore_eos","22","False"
"C&D","C:\Users\407407\Desktop\vllm\github\MQA_FastPath\C&D\key_D_FP_OFF_MQA_OFF_k8.log","key","D_FP_OFF_MQA_OFF","8","include_stop_str_in_output","22","False"
"C&D","C:\Users\407407\Desktop\vllm\github\MQA_FastPath\C&D\key_D_FP_OFF_MQA_OFF_k8.log","key","D_FP_OFF_MQA_OFF","8","is_tp1_runner","4","True"
"C&D","C:\Users\407407\Desktop\vllm\github\MQA_FastPath\C&D\key_D_FP_OFF_MQA_OFF_k8.log","key","D_FP_OFF_MQA_OFF","8","iter_p95","130","386.836"
"C&D","C:\Users\407407\Desktop\vllm\github\MQA_FastPath\C&D\key_D_FP_OFF_MQA_OFF_k8.log","key","D_FP_OFF_MQA_OFF","8","k","128","2"
"C&D","C:\Users\407407\Desktop\vllm\github\MQA_FastPath\C&D\key_D_FP_OFF_MQA_OFF_k8.log","key","D_FP_OFF_MQA_OFF","8","logprobs","22","None"
"C&D","C:\Users\407407\Desktop\vllm\github\MQA_FastPath\C&D\key_D_FP_OFF_MQA_OFF_k8.log","key","D_FP_OFF_MQA_OFF","8","max_tokens","22","340"
"C&D","C:\Users\407407\Desktop\vllm\github\MQA_FastPath\C&D\key_D_FP_OFF_MQA_OFF_k8.log","key","D_FP_OFF_MQA_OFF","8","min_p","22","0.0"
"C&D","C:\Users\407407\Desktop\vllm\github\MQA_FastPath\C&D\key_D_FP_OFF_MQA_OFF_k8.log","key","D_FP_OFF_MQA_OFF","8","min_tokens","22","0"
"C&D","C:\Users\407407\Desktop\vllm\github\MQA_FastPath\C&D\key_D_FP_OFF_MQA_OFF_k8.log","key","D_FP_OFF_MQA_OFF","8","model_runner","4","<class 'vllm_ascend.worker.draft_model_runner.TP1DraftModelRunner'>"
"C&D","C:\Users\407407\Desktop\vllm\github\MQA_FastPath\C&D\key_D_FP_OFF_MQA_OFF_k8.log","key","D_FP_OFF_MQA_OFF","8","model_type","1","qwen3)"
"C&D","C:\Users\407407\Desktop\vllm\github\MQA_FastPath\C&D\key_D_FP_OFF_MQA_OFF_k8.log","key","D_FP_OFF_MQA_OFF","8","ms_hit","5","0"
"C&D","C:\Users\407407\Desktop\vllm\github\MQA_FastPath\C&D\key_D_FP_OFF_MQA_OFF_k8.log","key","D_FP_OFF_MQA_OFF","8","ms_total","5","1"
"C&D","C:\Users\407407\Desktop\vllm\github\MQA_FastPath\C&D\key_D_FP_OFF_MQA_OFF_k8.log","key","D_FP_OFF_MQA_OFF","8","n","22","1"
"C&D","C:\Users\407407\Desktop\vllm\github\MQA_FastPath\C&D\key_D_FP_OFF_MQA_OFF_k8.log","key","D_FP_OFF_MQA_OFF","8","presence_penalty","22","0.0"
"C&D","C:\Users\407407\Desktop\vllm\github\MQA_FastPath\C&D\key_D_FP_OFF_MQA_OFF_k8.log","key","D_FP_OFF_MQA_OFF","8","prompt_logprobs","22","None"
"C&D","C:\Users\407407\Desktop\vllm\github\MQA_FastPath\C&D\key_D_FP_OFF_MQA_OFF_k8.log","key","D_FP_OFF_MQA_OFF","8","repetition_penalty","22","1.0"
"C&D","C:\Users\407407\Desktop\vllm\github\MQA_FastPath\C&D\key_D_FP_OFF_MQA_OFF_k8.log","key","D_FP_OFF_MQA_OFF","8","runner_cls","1","<class 'vllm_ascend.worker.draft_model_runner.TP1DraftModelRunner'>"
"C&D","C:\Users\407407\Desktop\vllm\github\MQA_FastPath\C&D\key_D_FP_OFF_MQA_OFF_k8.log","key","D_FP_OFF_MQA_OFF","8","sample_len","4","4"
"C&D","C:\Users\407407\Desktop\vllm\github\MQA_FastPath\C&D\key_D_FP_OFF_MQA_OFF_k8.log","key","D_FP_OFF_MQA_OFF","8","scoring_time_ms","124","54.21"
"C&D","C:\Users\407407\Desktop\vllm\github\MQA_FastPath\C&D\key_D_FP_OFF_MQA_OFF_k8.log","key","D_FP_OFF_MQA_OFF","8","seed","22","None"
"C&D","C:\Users\407407\Desktop\vllm\github\MQA_FastPath\C&D\key_D_FP_OFF_MQA_OFF_k8.log","key","D_FP_OFF_MQA_OFF","8","skip_special_tokens","22","True"
"C&D","C:\Users\407407\Desktop\vllm\github\MQA_FastPath\C&D\key_D_FP_OFF_MQA_OFF_k8.log","key","D_FP_OFF_MQA_OFF","8","spaces_between_special_tokens","22","True"
"C&D","C:\Users\407407\Desktop\vllm\github\MQA_FastPath\C&D\key_D_FP_OFF_MQA_OFF_k8.log","key","D_FP_OFF_MQA_OFF","8","step_accept","128","[1.0, 0.6735]"
"C&D","C:\Users\407407\Desktop\vllm\github\MQA_FastPath\C&D\key_D_FP_OFF_MQA_OFF_k8.log","key","D_FP_OFF_MQA_OFF","8","stop","22","[]"
"C&D","C:\Users\407407\Desktop\vllm\github\MQA_FastPath\C&D\key_D_FP_OFF_MQA_OFF_k8.log","key","D_FP_OFF_MQA_OFF","8","stop_token_ids","22","[]"
"C&D","C:\Users\407407\Desktop\vllm\github\MQA_FastPath\C&D\key_D_FP_OFF_MQA_OFF_k8.log","key","D_FP_OFF_MQA_OFF","8","supports_gpu_multi_step","6","False."
"C&D","C:\Users\407407\Desktop\vllm\github\MQA_FastPath\C&D\key_D_FP_OFF_MQA_OFF_k8.log","key","D_FP_OFF_MQA_OFF","8","target_tp","1","1"
"C&D","C:\Users\407407\Desktop\vllm\github\MQA_FastPath\C&D\key_D_FP_OFF_MQA_OFF_k8.log","key","D_FP_OFF_MQA_OFF","8","temperature","22","0.0"
"C&D","C:\Users\407407\Desktop\vllm\github\MQA_FastPath\C&D\key_D_FP_OFF_MQA_OFF_k8.log","key","D_FP_OFF_MQA_OFF","8","throughput_tps","130","210.458"
"C&D","C:\Users\407407\Desktop\vllm\github\MQA_FastPath\C&D\key_D_FP_OFF_MQA_OFF_k8.log","key","D_FP_OFF_MQA_OFF","8","top_k","22","0"
"C&D","C:\Users\407407\Desktop\vllm\github\MQA_FastPath\C&D\key_D_FP_OFF_MQA_OFF_k8.log","key","D_FP_OFF_MQA_OFF","8","top_p","22","1.0"
"C&D","C:\Users\407407\Desktop\vllm\github\MQA_FastPath\C&D\key_D_FP_OFF_MQA_OFF_k8.log","key","D_FP_OFF_MQA_OFF","8","truncate_prompt_tokens","22","None"
"C&D","C:\Users\407407\Desktop\vllm\github\MQA_FastPath\C&D\key_D_FP_OFF_MQA_OFF_k8.log","key","D_FP_OFF_MQA_OFF","8","verification_time_ms","124","4.84"
"C&D","C:\Users\407407\Desktop\vllm\github\MQA_FastPath\C&D\key_D_FP_OFF_MQA_OFF_k8.log","key","D_FP_OFF_MQA_OFF","8","waste_ratio","128","0.1633"
"C&D","C:\Users\407407\Desktop\vllm\github\MQA_FastPath\C&D\meta_C_FP_OFF_MQA_ON_k2.log","meta","C_FP_OFF_MQA_ON","2","bench_cmd","16","vllm"
"C&D","C:\Users\407407\Desktop\vllm\github\MQA_FastPath\C&D\meta_C_FP_OFF_MQA_ON_k2.log","meta","C_FP_OFF_MQA_ON","2","DATASET_PATH","6","/mnt/ky2307909/siyuan.tong/dataset/ShareGPT_V3_unfiltered_cleaned_split.json"
"C&D","C:\Users\407407\Desktop\vllm\github\MQA_FastPath\C&D\meta_C_FP_OFF_MQA_ON_k2.log","meta","C_FP_OFF_MQA_ON","2","date","1","2026-03-11"
"C&D","C:\Users\407407\Desktop\vllm\github\MQA_FastPath\C&D\meta_C_FP_OFF_MQA_ON_k2.log","meta","C_FP_OFF_MQA_ON","2","DRAFT_MODEL_PATH","5","/mnt/ky2307909/siyuan.tong/Qwen3-0-6B"
"C&D","C:\Users\407407\Desktop\vllm\github\MQA_FastPath\C&D\meta_C_FP_OFF_MQA_ON_k2.log","meta","C_FP_OFF_MQA_ON","2","HOST","7","127.0.0.1"
"C&D","C:\Users\407407\Desktop\vllm\github\MQA_FastPath\C&D\meta_C_FP_OFF_MQA_ON_k2.log","meta","C_FP_OFF_MQA_ON","2","k","3","2"
"C&D","C:\Users\407407\Desktop\vllm\github\MQA_FastPath\C&D\meta_C_FP_OFF_MQA_ON_k2.log","meta","C_FP_OFF_MQA_ON","2","MODEL_PATH","4","/mnt/ky2307909/siyuan.tong/Qwen3-8B"
"C&D","C:\Users\407407\Desktop\vllm\github\MQA_FastPath\C&D\meta_C_FP_OFF_MQA_ON_k2.log","meta","C_FP_OFF_MQA_ON","2","NUM_PROMPTS","8","200"
"C&D","C:\Users\407407\Desktop\vllm\github\MQA_FastPath\C&D\meta_C_FP_OFF_MQA_ON_k2.log","meta","C_FP_OFF_MQA_ON","2","PORT","7","8000"
"C&D","C:\Users\407407\Desktop\vllm\github\MQA_FastPath\C&D\meta_C_FP_OFF_MQA_ON_k2.log","meta","C_FP_OFF_MQA_ON","2","REQUEST_RATE","8","16"
"C&D","C:\Users\407407\Desktop\vllm\github\MQA_FastPath\C&D\meta_C_FP_OFF_MQA_ON_k2.log","meta","C_FP_OFF_MQA_ON","2","serve_cmd","15","vllm"
"C&D","C:\Users\407407\Desktop\vllm\github\MQA_FastPath\C&D\meta_C_FP_OFF_MQA_ON_k2.log","meta","C_FP_OFF_MQA_ON","2","suite","2","C_FP_OFF_MQA_ON"
"C&D","C:\Users\407407\Desktop\vllm\github\MQA_FastPath\C&D\meta_C_FP_OFF_MQA_ON_k2.log","meta","C_FP_OFF_MQA_ON","2","VLLM_ASCEND_BASE_STAGE_LOG_ENABLE","11","1"
"C&D","C:\Users\407407\Desktop\vllm\github\MQA_FastPath\C&D\meta_C_FP_OFF_MQA_ON_k2.log","meta","C_FP_OFF_MQA_ON","2","VLLM_ASCEND_BASE_STAGE_LOG_INTERVAL","12","50"
"C&D","C:\Users\407407\Desktop\vllm\github\MQA_FastPath\C&D\meta_C_FP_OFF_MQA_ON_k2.log","meta","C_FP_OFF_MQA_ON","2","VLLM_ASCEND_RUNNER_STAGE_LOG_ENABLE","13","1"
"C&D","C:\Users\407407\Desktop\vllm\github\MQA_FastPath\C&D\meta_C_FP_OFF_MQA_ON_k2.log","meta","C_FP_OFF_MQA_ON","2","VLLM_ASCEND_RUNNER_STAGE_LOG_INTERVAL","14","50"
"C&D","C:\Users\407407\Desktop\vllm\github\MQA_FastPath\C&D\meta_C_FP_OFF_MQA_ON_k2.log","meta","C_FP_OFF_MQA_ON","2","VLLM_ASCEND_SPEC_GPU_MULTI_STEP_BACKENDS","9","FLASH_ATTN"
"C&D","C:\Users\407407\Desktop\vllm\github\MQA_FastPath\C&D\meta_C_FP_OFF_MQA_ON_k2.log","meta","C_FP_OFF_MQA_ON","2","VLLM_ASCEND_SPEC_MQA_BACKENDS","10","FLASH_ATTN,ASCEND"
"C&D","C:\Users\407407\Desktop\vllm\github\MQA_FastPath\C&D\meta_C_FP_OFF_MQA_ON_k4.log","meta","C_FP_OFF_MQA_ON","4","bench_cmd","16","vllm"
"C&D","C:\Users\407407\Desktop\vllm\github\MQA_FastPath\C&D\meta_C_FP_OFF_MQA_ON_k4.log","meta","C_FP_OFF_MQA_ON","4","DATASET_PATH","6","/mnt/ky2307909/siyuan.tong/dataset/ShareGPT_V3_unfiltered_cleaned_split.json"
"C&D","C:\Users\407407\Desktop\vllm\github\MQA_FastPath\C&D\meta_C_FP_OFF_MQA_ON_k4.log","meta","C_FP_OFF_MQA_ON","4","date","1","2026-03-11"
"C&D","C:\Users\407407\Desktop\vllm\github\MQA_FastPath\C&D\meta_C_FP_OFF_MQA_ON_k4.log","meta","C_FP_OFF_MQA_ON","4","DRAFT_MODEL_PATH","5","/mnt/ky2307909/siyuan.tong/Qwen3-0-6B"
"C&D","C:\Users\407407\Desktop\vllm\github\MQA_FastPath\C&D\meta_C_FP_OFF_MQA_ON_k4.log","meta","C_FP_OFF_MQA_ON","4","HOST","7","127.0.0.1"
"C&D","C:\Users\407407\Desktop\vllm\github\MQA_FastPath\C&D\meta_C_FP_OFF_MQA_ON_k4.log","meta","C_FP_OFF_MQA_ON","4","k","3","4"
"C&D","C:\Users\407407\Desktop\vllm\github\MQA_FastPath\C&D\meta_C_FP_OFF_MQA_ON_k4.log","meta","C_FP_OFF_MQA_ON","4","MODEL_PATH","4","/mnt/ky2307909/siyuan.tong/Qwen3-8B"
"C&D","C:\Users\407407\Desktop\vllm\github\MQA_FastPath\C&D\meta_C_FP_OFF_MQA_ON_k4.log","meta","C_FP_OFF_MQA_ON","4","NUM_PROMPTS","8","200"
"C&D","C:\Users\407407\Desktop\vllm\github\MQA_FastPath\C&D\meta_C_FP_OFF_MQA_ON_k4.log","meta","C_FP_OFF_MQA_ON","4","PORT","7","8000"
"C&D","C:\Users\407407\Desktop\vllm\github\MQA_FastPath\C&D\meta_C_FP_OFF_MQA_ON_k4.log","meta","C_FP_OFF_MQA_ON","4","REQUEST_RATE","8","16"
"C&D","C:\Users\407407\Desktop\vllm\github\MQA_FastPath\C&D\meta_C_FP_OFF_MQA_ON_k4.log","meta","C_FP_OFF_MQA_ON","4","serve_cmd","15","vllm"
"C&D","C:\Users\407407\Desktop\vllm\github\MQA_FastPath\C&D\meta_C_FP_OFF_MQA_ON_k4.log","meta","C_FP_OFF_MQA_ON","4","suite","2","C_FP_OFF_MQA_ON"
"C&D","C:\Users\407407\Desktop\vllm\github\MQA_FastPath\C&D\meta_C_FP_OFF_MQA_ON_k4.log","meta","C_FP_OFF_MQA_ON","4","VLLM_ASCEND_BASE_STAGE_LOG_ENABLE","11","1"
"C&D","C:\Users\407407\Desktop\vllm\github\MQA_FastPath\C&D\meta_C_FP_OFF_MQA_ON_k4.log","meta","C_FP_OFF_MQA_ON","4","VLLM_ASCEND_BASE_STAGE_LOG_INTERVAL","12","50"
"C&D","C:\Users\407407\Desktop\vllm\github\MQA_FastPath\C&D\meta_C_FP_OFF_MQA_ON_k4.log","meta","C_FP_OFF_MQA_ON","4","VLLM_ASCEND_RUNNER_STAGE_LOG_ENABLE","13","1"
"C&D","C:\Users\407407\Desktop\vllm\github\MQA_FastPath\C&D\meta_C_FP_OFF_MQA_ON_k4.log","meta","C_FP_OFF_MQA_ON","4","VLLM_ASCEND_RUNNER_STAGE_LOG_INTERVAL","14","50"
"C&D","C:\Users\407407\Desktop\vllm\github\MQA_FastPath\C&D\meta_C_FP_OFF_MQA_ON_k4.log","meta","C_FP_OFF_MQA_ON","4","VLLM_ASCEND_SPEC_GPU_MULTI_STEP_BACKENDS","9","FLASH_ATTN"
"C&D","C:\Users\407407\Desktop\vllm\github\MQA_FastPath\C&D\meta_C_FP_OFF_MQA_ON_k4.log","meta","C_FP_OFF_MQA_ON","4","VLLM_ASCEND_SPEC_MQA_BACKENDS","10","FLASH_ATTN,ASCEND"
"C&D","C:\Users\407407\Desktop\vllm\github\MQA_FastPath\C&D\meta_C_FP_OFF_MQA_ON_k8.log","meta","C_FP_OFF_MQA_ON","8","bench_cmd","16","vllm"
"C&D","C:\Users\407407\Desktop\vllm\github\MQA_FastPath\C&D\meta_C_FP_OFF_MQA_ON_k8.log","meta","C_FP_OFF_MQA_ON","8","DATASET_PATH","6","/mnt/ky2307909/siyuan.tong/dataset/ShareGPT_V3_unfiltered_cleaned_split.json"
"C&D","C:\Users\407407\Desktop\vllm\github\MQA_FastPath\C&D\meta_C_FP_OFF_MQA_ON_k8.log","meta","C_FP_OFF_MQA_ON","8","date","1","2026-03-11"
"C&D","C:\Users\407407\Desktop\vllm\github\MQA_FastPath\C&D\meta_C_FP_OFF_MQA_ON_k8.log","meta","C_FP_OFF_MQA_ON","8","DRAFT_MODEL_PATH","5","/mnt/ky2307909/siyuan.tong/Qwen3-0-6B"
"C&D","C:\Users\407407\Desktop\vllm\github\MQA_FastPath\C&D\meta_C_FP_OFF_MQA_ON_k8.log","meta","C_FP_OFF_MQA_ON","8","HOST","7","127.0.0.1"
"C&D","C:\Users\407407\Desktop\vllm\github\MQA_FastPath\C&D\meta_C_FP_OFF_MQA_ON_k8.log","meta","C_FP_OFF_MQA_ON","8","k","3","8"
"C&D","C:\Users\407407\Desktop\vllm\github\MQA_FastPath\C&D\meta_C_FP_OFF_MQA_ON_k8.log","meta","C_FP_OFF_MQA_ON","8","MODEL_PATH","4","/mnt/ky2307909/siyuan.tong/Qwen3-8B"
"C&D","C:\Users\407407\Desktop\vllm\github\MQA_FastPath\C&D\meta_C_FP_OFF_MQA_ON_k8.log","meta","C_FP_OFF_MQA_ON","8","NUM_PROMPTS","8","200"
"C&D","C:\Users\407407\Desktop\vllm\github\MQA_FastPath\C&D\meta_C_FP_OFF_MQA_ON_k8.log","meta","C_FP_OFF_MQA_ON","8","PORT","7","8000"
"C&D","C:\Users\407407\Desktop\vllm\github\MQA_FastPath\C&D\meta_C_FP_OFF_MQA_ON_k8.log","meta","C_FP_OFF_MQA_ON","8","REQUEST_RATE","8","16"
"C&D","C:\Users\407407\Desktop\vllm\github\MQA_FastPath\C&D\meta_C_FP_OFF_MQA_ON_k8.log","meta","C_FP_OFF_MQA_ON","8","serve_cmd","15","vllm"
"C&D","C:\Users\407407\Desktop\vllm\github\MQA_FastPath\C&D\meta_C_FP_OFF_MQA_ON_k8.log","meta","C_FP_OFF_MQA_ON","8","suite","2","C_FP_OFF_MQA_ON"
"C&D","C:\Users\407407\Desktop\vllm\github\MQA_FastPath\C&D\meta_C_FP_OFF_MQA_ON_k8.log","meta","C_FP_OFF_MQA_ON","8","VLLM_ASCEND_BASE_STAGE_LOG_ENABLE","11","1"
"C&D","C:\Users\407407\Desktop\vllm\github\MQA_FastPath\C&D\meta_C_FP_OFF_MQA_ON_k8.log","meta","C_FP_OFF_MQA_ON","8","VLLM_ASCEND_BASE_STAGE_LOG_INTERVAL","12","50"
"C&D","C:\Users\407407\Desktop\vllm\github\MQA_FastPath\C&D\meta_C_FP_OFF_MQA_ON_k8.log","meta","C_FP_OFF_MQA_ON","8","VLLM_ASCEND_RUNNER_STAGE_LOG_ENABLE","13","1"
"C&D","C:\Users\407407\Desktop\vllm\github\MQA_FastPath\C&D\meta_C_FP_OFF_MQA_ON_k8.log","meta","C_FP_OFF_MQA_ON","8","VLLM_ASCEND_RUNNER_STAGE_LOG_INTERVAL","14","50"
"C&D","C:\Users\407407\Desktop\vllm\github\MQA_FastPath\C&D\meta_C_FP_OFF_MQA_ON_k8.log","meta","C_FP_OFF_MQA_ON","8","VLLM_ASCEND_SPEC_GPU_MULTI_STEP_BACKENDS","9","FLASH_ATTN"
"C&D","C:\Users\407407\Desktop\vllm\github\MQA_FastPath\C&D\meta_C_FP_OFF_MQA_ON_k8.log","meta","C_FP_OFF_MQA_ON","8","VLLM_ASCEND_SPEC_MQA_BACKENDS","10","FLASH_ATTN,ASCEND"
"C&D","C:\Users\407407\Desktop\vllm\github\MQA_FastPath\C&D\meta_D_FP_OFF_MQA_OFF_k2.log","meta","D_FP_OFF_MQA_OFF","2","bench_cmd","16","vllm"
"C&D","C:\Users\407407\Desktop\vllm\github\MQA_FastPath\C&D\meta_D_FP_OFF_MQA_OFF_k2.log","meta","D_FP_OFF_MQA_OFF","2","DATASET_PATH","6","/mnt/ky2307909/siyuan.tong/dataset/ShareGPT_V3_unfiltered_cleaned_split.json"
"C&D","C:\Users\407407\Desktop\vllm\github\MQA_FastPath\C&D\meta_D_FP_OFF_MQA_OFF_k2.log","meta","D_FP_OFF_MQA_OFF","2","date","1","2026-03-11"
"C&D","C:\Users\407407\Desktop\vllm\github\MQA_FastPath\C&D\meta_D_FP_OFF_MQA_OFF_k2.log","meta","D_FP_OFF_MQA_OFF","2","DRAFT_MODEL_PATH","5","/mnt/ky2307909/siyuan.tong/Qwen3-0-6B"
"C&D","C:\Users\407407\Desktop\vllm\github\MQA_FastPath\C&D\meta_D_FP_OFF_MQA_OFF_k2.log","meta","D_FP_OFF_MQA_OFF","2","HOST","7","127.0.0.1"
"C&D","C:\Users\407407\Desktop\vllm\github\MQA_FastPath\C&D\meta_D_FP_OFF_MQA_OFF_k2.log","meta","D_FP_OFF_MQA_OFF","2","k","3","2"
"C&D","C:\Users\407407\Desktop\vllm\github\MQA_FastPath\C&D\meta_D_FP_OFF_MQA_OFF_k2.log","meta","D_FP_OFF_MQA_OFF","2","MODEL_PATH","4","/mnt/ky2307909/siyuan.tong/Qwen3-8B"
"C&D","C:\Users\407407\Desktop\vllm\github\MQA_FastPath\C&D\meta_D_FP_OFF_MQA_OFF_k2.log","meta","D_FP_OFF_MQA_OFF","2","NUM_PROMPTS","8","200"
"C&D","C:\Users\407407\Desktop\vllm\github\MQA_FastPath\C&D\meta_D_FP_OFF_MQA_OFF_k2.log","meta","D_FP_OFF_MQA_OFF","2","PORT","7","8000"
"C&D","C:\Users\407407\Desktop\vllm\github\MQA_FastPath\C&D\meta_D_FP_OFF_MQA_OFF_k2.log","meta","D_FP_OFF_MQA_OFF","2","REQUEST_RATE","8","16"
"C&D","C:\Users\407407\Desktop\vllm\github\MQA_FastPath\C&D\meta_D_FP_OFF_MQA_OFF_k2.log","meta","D_FP_OFF_MQA_OFF","2","serve_cmd","15","vllm"
"C&D","C:\Users\407407\Desktop\vllm\github\MQA_FastPath\C&D\meta_D_FP_OFF_MQA_OFF_k2.log","meta","D_FP_OFF_MQA_OFF","2","suite","2","D_FP_OFF_MQA_OFF"
"C&D","C:\Users\407407\Desktop\vllm\github\MQA_FastPath\C&D\meta_D_FP_OFF_MQA_OFF_k2.log","meta","D_FP_OFF_MQA_OFF","2","VLLM_ASCEND_BASE_STAGE_LOG_ENABLE","11","1"
"C&D","C:\Users\407407\Desktop\vllm\github\MQA_FastPath\C&D\meta_D_FP_OFF_MQA_OFF_k2.log","meta","D_FP_OFF_MQA_OFF","2","VLLM_ASCEND_BASE_STAGE_LOG_INTERVAL","12","50"
"C&D","C:\Users\407407\Desktop\vllm\github\MQA_FastPath\C&D\meta_D_FP_OFF_MQA_OFF_k2.log","meta","D_FP_OFF_MQA_OFF","2","VLLM_ASCEND_RUNNER_STAGE_LOG_ENABLE","13","1"
"C&D","C:\Users\407407\Desktop\vllm\github\MQA_FastPath\C&D\meta_D_FP_OFF_MQA_OFF_k2.log","meta","D_FP_OFF_MQA_OFF","2","VLLM_ASCEND_RUNNER_STAGE_LOG_INTERVAL","14","50"
"C&D","C:\Users\407407\Desktop\vllm\github\MQA_FastPath\C&D\meta_D_FP_OFF_MQA_OFF_k2.log","meta","D_FP_OFF_MQA_OFF","2","VLLM_ASCEND_SPEC_GPU_MULTI_STEP_BACKENDS","9","FLASH_ATTN"
"C&D","C:\Users\407407\Desktop\vllm\github\MQA_FastPath\C&D\meta_D_FP_OFF_MQA_OFF_k2.log","meta","D_FP_OFF_MQA_OFF","2","VLLM_ASCEND_SPEC_MQA_BACKENDS","10","FLASH_ATTN"
"C&D","C:\Users\407407\Desktop\vllm\github\MQA_FastPath\C&D\meta_D_FP_OFF_MQA_OFF_k4.log","meta","D_FP_OFF_MQA_OFF","4","bench_cmd","16","vllm"
"C&D","C:\Users\407407\Desktop\vllm\github\MQA_FastPath\C&D\meta_D_FP_OFF_MQA_OFF_k4.log","meta","D_FP_OFF_MQA_OFF","4","DATASET_PATH","6","/mnt/ky2307909/siyuan.tong/dataset/ShareGPT_V3_unfiltered_cleaned_split.json"
"C&D","C:\Users\407407\Desktop\vllm\github\MQA_FastPath\C&D\meta_D_FP_OFF_MQA_OFF_k4.log","meta","D_FP_OFF_MQA_OFF","4","date","1","2026-03-11"
"C&D","C:\Users\407407\Desktop\vllm\github\MQA_FastPath\C&D\meta_D_FP_OFF_MQA_OFF_k4.log","meta","D_FP_OFF_MQA_OFF","4","DRAFT_MODEL_PATH","5","/mnt/ky2307909/siyuan.tong/Qwen3-0-6B"
"C&D","C:\Users\407407\Desktop\vllm\github\MQA_FastPath\C&D\meta_D_FP_OFF_MQA_OFF_k4.log","meta","D_FP_OFF_MQA_OFF","4","HOST","7","127.0.0.1"
"C&D","C:\Users\407407\Desktop\vllm\github\MQA_FastPath\C&D\meta_D_FP_OFF_MQA_OFF_k4.log","meta","D_FP_OFF_MQA_OFF","4","k","3","4"
"C&D","C:\Users\407407\Desktop\vllm\github\MQA_FastPath\C&D\meta_D_FP_OFF_MQA_OFF_k4.log","meta","D_FP_OFF_MQA_OFF","4","MODEL_PATH","4","/mnt/ky2307909/siyuan.tong/Qwen3-8B"
"C&D","C:\Users\407407\Desktop\vllm\github\MQA_FastPath\C&D\meta_D_FP_OFF_MQA_OFF_k4.log","meta","D_FP_OFF_MQA_OFF","4","NUM_PROMPTS","8","200"
"C&D","C:\Users\407407\Desktop\vllm\github\MQA_FastPath\C&D\meta_D_FP_OFF_MQA_OFF_k4.log","meta","D_FP_OFF_MQA_OFF","4","PORT","7","8000"
"C&D","C:\Users\407407\Desktop\vllm\github\MQA_FastPath\C&D\meta_D_FP_OFF_MQA_OFF_k4.log","meta","D_FP_OFF_MQA_OFF","4","REQUEST_RATE","8","16"
"C&D","C:\Users\407407\Desktop\vllm\github\MQA_FastPath\C&D\meta_D_FP_OFF_MQA_OFF_k4.log","meta","D_FP_OFF_MQA_OFF","4","serve_cmd","15","vllm"
"C&D","C:\Users\407407\Desktop\vllm\github\MQA_FastPath\C&D\meta_D_FP_OFF_MQA_OFF_k4.log","meta","D_FP_OFF_MQA_OFF","4","suite","2","D_FP_OFF_MQA_OFF"
"C&D","C:\Users\407407\Desktop\vllm\github\MQA_FastPath\C&D\meta_D_FP_OFF_MQA_OFF_k4.log","meta","D_FP_OFF_MQA_OFF","4","VLLM_ASCEND_BASE_STAGE_LOG_ENABLE","11","1"
"C&D","C:\Users\407407\Desktop\vllm\github\MQA_FastPath\C&D\meta_D_FP_OFF_MQA_OFF_k4.log","meta","D_FP_OFF_MQA_OFF","4","VLLM_ASCEND_BASE_STAGE_LOG_INTERVAL","12","50"
"C&D","C:\Users\407407\Desktop\vllm\github\MQA_FastPath\C&D\meta_D_FP_OFF_MQA_OFF_k4.log","meta","D_FP_OFF_MQA_OFF","4","VLLM_ASCEND_RUNNER_STAGE_LOG_ENABLE","13","1"
"C&D","C:\Users\407407\Desktop\vllm\github\MQA_FastPath\C&D\meta_D_FP_OFF_MQA_OFF_k4.log","meta","D_FP_OFF_MQA_OFF","4","VLLM_ASCEND_RUNNER_STAGE_LOG_INTERVAL","14","50"
"C&D","C:\Users\407407\Desktop\vllm\github\MQA_FastPath\C&D\meta_D_FP_OFF_MQA_OFF_k4.log","meta","D_FP_OFF_MQA_OFF","4","VLLM_ASCEND_SPEC_GPU_MULTI_STEP_BACKENDS","9","FLASH_ATTN"
"C&D","C:\Users\407407\Desktop\vllm\github\MQA_FastPath\C&D\meta_D_FP_OFF_MQA_OFF_k4.log","meta","D_FP_OFF_MQA_OFF","4","VLLM_ASCEND_SPEC_MQA_BACKENDS","10","FLASH_ATTN"
"C&D","C:\Users\407407\Desktop\vllm\github\MQA_FastPath\C&D\meta_D_FP_OFF_MQA_OFF_k8.log","meta","D_FP_OFF_MQA_OFF","8","bench_cmd","16","vllm"
"C&D","C:\Users\407407\Desktop\vllm\github\MQA_FastPath\C&D\meta_D_FP_OFF_MQA_OFF_k8.log","meta","D_FP_OFF_MQA_OFF","8","DATASET_PATH","6","/mnt/ky2307909/siyuan.tong/dataset/ShareGPT_V3_unfiltered_cleaned_split.json"
"C&D","C:\Users\407407\Desktop\vllm\github\MQA_FastPath\C&D\meta_D_FP_OFF_MQA_OFF_k8.log","meta","D_FP_OFF_MQA_OFF","8","date","1","2026-03-11"
"C&D","C:\Users\407407\Desktop\vllm\github\MQA_FastPath\C&D\meta_D_FP_OFF_MQA_OFF_k8.log","meta","D_FP_OFF_MQA_OFF","8","DRAFT_MODEL_PATH","5","/mnt/ky2307909/siyuan.tong/Qwen3-0-6B"
"C&D","C:\Users\407407\Desktop\vllm\github\MQA_FastPath\C&D\meta_D_FP_OFF_MQA_OFF_k8.log","meta","D_FP_OFF_MQA_OFF","8","HOST","7","127.0.0.1"
"C&D","C:\Users\407407\Desktop\vllm\github\MQA_FastPath\C&D\meta_D_FP_OFF_MQA_OFF_k8.log","meta","D_FP_OFF_MQA_OFF","8","k","3","8"
"C&D","C:\Users\407407\Desktop\vllm\github\MQA_FastPath\C&D\meta_D_FP_OFF_MQA_OFF_k8.log","meta","D_FP_OFF_MQA_OFF","8","MODEL_PATH","4","/mnt/ky2307909/siyuan.tong/Qwen3-8B"
"C&D","C:\Users\407407\Desktop\vllm\github\MQA_FastPath\C&D\meta_D_FP_OFF_MQA_OFF_k8.log","meta","D_FP_OFF_MQA_OFF","8","NUM_PROMPTS","8","200"
"C&D","C:\Users\407407\Desktop\vllm\github\MQA_FastPath\C&D\meta_D_FP_OFF_MQA_OFF_k8.log","meta","D_FP_OFF_MQA_OFF","8","PORT","7","8000"
"C&D","C:\Users\407407\Desktop\vllm\github\MQA_FastPath\C&D\meta_D_FP_OFF_MQA_OFF_k8.log","meta","D_FP_OFF_MQA_OFF","8","REQUEST_RATE","8","16"
"C&D","C:\Users\407407\Desktop\vllm\github\MQA_FastPath\C&D\meta_D_FP_OFF_MQA_OFF_k8.log","meta","D_FP_OFF_MQA_OFF","8","serve_cmd","15","vllm"
"C&D","C:\Users\407407\Desktop\vllm\github\MQA_FastPath\C&D\meta_D_FP_OFF_MQA_OFF_k8.log","meta","D_FP_OFF_MQA_OFF","8","suite","2","D_FP_OFF_MQA_OFF"
"C&D","C:\Users\407407\Desktop\vllm\github\MQA_FastPath\C&D\meta_D_FP_OFF_MQA_OFF_k8.log","meta","D_FP_OFF_MQA_OFF","8","VLLM_ASCEND_BASE_STAGE_LOG_ENABLE","11","1"
"C&D","C:\Users\407407\Desktop\vllm\github\MQA_FastPath\C&D\meta_D_FP_OFF_MQA_OFF_k8.log","meta","D_FP_OFF_MQA_OFF","8","VLLM_ASCEND_BASE_STAGE_LOG_INTERVAL","12","50"
"C&D","C:\Users\407407\Desktop\vllm\github\MQA_FastPath\C&D\meta_D_FP_OFF_MQA_OFF_k8.log","meta","D_FP_OFF_MQA_OFF","8","VLLM_ASCEND_RUNNER_STAGE_LOG_ENABLE","13","1"
"C&D","C:\Users\407407\Desktop\vllm\github\MQA_FastPath\C&D\meta_D_FP_OFF_MQA_OFF_k8.log","meta","D_FP_OFF_MQA_OFF","8","VLLM_ASCEND_RUNNER_STAGE_LOG_INTERVAL","14","50"
"C&D","C:\Users\407407\Desktop\vllm\github\MQA_FastPath\C&D\meta_D_FP_OFF_MQA_OFF_k8.log","meta","D_FP_OFF_MQA_OFF","8","VLLM_ASCEND_SPEC_GPU_MULTI_STEP_BACKENDS","9","FLASH_ATTN"
"C&D","C:\Users\407407\Desktop\vllm\github\MQA_FastPath\C&D\meta_D_FP_OFF_MQA_OFF_k8.log","meta","D_FP_OFF_MQA_OFF","8","VLLM_ASCEND_SPEC_MQA_BACKENDS","10","FLASH_ATTN"
"C&D","C:\Users\407407\Desktop\vllm\github\MQA_FastPath\C&D\probe_C_FP_OFF_MQA_ON.log","probe","C_FP_OFF_MQA_ON",,"date","1","2026-03-11"
"C&D","C:\Users\407407\Desktop\vllm\github\MQA_FastPath\C&D\probe_C_FP_OFF_MQA_ON.log","probe","C_FP_OFF_MQA_ON",,"draft_has_fastpath_log","27","True"
"C&D","C:\Users\407407\Desktop\vllm\github\MQA_FastPath\C&D\probe_C_FP_OFF_MQA_ON.log","probe","C_FP_OFF_MQA_ON",,"draft_model_runner","22","/root/miniconda3/envs/lxc/lib/python3.10/site-packages/vllm_ascend/worker/draft_model_runner.py"
"C&D","C:\Users\407407\Desktop\vllm\github\MQA_FastPath\C&D\probe_C_FP_OFF_MQA_ON.log","probe","C_FP_OFF_MQA_ON",,"LOG_ROOT","4","/mnt/ky2307909/logs/spec_patch_verify_20260311_190320"
"C&D","C:\Users\407407\Desktop\vllm\github\MQA_FastPath\C&D\probe_C_FP_OFF_MQA_ON.log","probe","C_FP_OFF_MQA_ON",,"model_runner","21","/root/miniconda3/envs/lxc/lib/python3.10/site-packages/vllm_ascend/worker/model_runner.py"
"C&D","C:\Users\407407\Desktop\vllm\github\MQA_FastPath\C&D\probe_C_FP_OFF_MQA_ON.log","probe","C_FP_OFF_MQA_ON",,"patch_multi_step_worker","24","/root/miniconda3/envs/lxc/lib/python3.10/site-packages/vllm_ascend/patch/worker/patch_common/patch_multi_step_worker.py"
"C&D","C:\Users\407407\Desktop\vllm\github\MQA_FastPath\C&D\probe_C_FP_OFF_MQA_ON.log","probe","C_FP_OFF_MQA_ON",,"patch_spec_decode_worker","23","/root/miniconda3/envs/lxc/lib/python3.10/site-packages/vllm_ascend/patch/worker/patch_common/patch_spec_decode_worker.py"
"C&D","C:\Users\407407\Desktop\vllm\github\MQA_FastPath\C&D\probe_C_FP_OFF_MQA_ON.log","probe","C_FP_OFF_MQA_ON",,"PYTHONPATH","5","/mnt/ky2307909/vllm-ascend:/usr/local/Ascend/ascend-toolkit/latest/python/site-packages:/usr/local/Ascend/ascend-toolkit/latest/opp/built-in/op_impl/ai_core/tbe:/usr/local/Ascend/ascend-toolkit/latest/python/site-packages:/usr/local/Ascend/ascend-toolkit/latest/opp/built-in/op_impl/ai_core/tbe:/mindformers:"
"C&D","C:\Users\407407\Desktop\vllm\github\MQA_FastPath\C&D\probe_C_FP_OFF_MQA_ON.log","probe","C_FP_OFF_MQA_ON",,"ROOT_DIR","3","/mnt/ky2307909"
"C&D","C:\Users\407407\Desktop\vllm\github\MQA_FastPath\C&D\probe_C_FP_OFF_MQA_ON.log","probe","C_FP_OFF_MQA_ON",,"runner_has_base_stage_log","26","True"
"C&D","C:\Users\407407\Desktop\vllm\github\MQA_FastPath\C&D\probe_C_FP_OFF_MQA_ON.log","probe","C_FP_OFF_MQA_ON",,"vllm_ascend","19","/root/miniconda3/envs/lxc/lib/python3.10/site-packages/vllm_ascend/__init__.py"
"C&D","C:\Users\407407\Desktop\vllm\github\MQA_FastPath\C&D\probe_C_FP_OFF_MQA_ON.log","probe","C_FP_OFF_MQA_ON",,"VLLM_ASCEND_BASE_STAGE_LOG_ENABLE","8","1"
"C&D","C:\Users\407407\Desktop\vllm\github\MQA_FastPath\C&D\probe_C_FP_OFF_MQA_ON.log","probe","C_FP_OFF_MQA_ON",,"VLLM_ASCEND_BASE_STAGE_LOG_INTERVAL","9","50"
"C&D","C:\Users\407407\Desktop\vllm\github\MQA_FastPath\C&D\probe_C_FP_OFF_MQA_ON.log","probe","C_FP_OFF_MQA_ON",,"VLLM_ASCEND_RUNNER_STAGE_LOG_ENABLE","10","1"
"C&D","C:\Users\407407\Desktop\vllm\github\MQA_FastPath\C&D\probe_C_FP_OFF_MQA_ON.log","probe","C_FP_OFF_MQA_ON",,"VLLM_ASCEND_RUNNER_STAGE_LOG_INTERVAL","11","50"
"C&D","C:\Users\407407\Desktop\vllm\github\MQA_FastPath\C&D\probe_C_FP_OFF_MQA_ON.log","probe","C_FP_OFF_MQA_ON",,"VLLM_ASCEND_SPEC_GPU_MULTI_STEP_BACKENDS","6","FLASH_ATTN"
"C&D","C:\Users\407407\Desktop\vllm\github\MQA_FastPath\C&D\probe_C_FP_OFF_MQA_ON.log","probe","C_FP_OFF_MQA_ON",,"VLLM_ASCEND_SPEC_MQA_BACKENDS","7","FLASH_ATTN,ASCEND"
"C&D","C:\Users\407407\Desktop\vllm\github\MQA_FastPath\C&D\probe_C_FP_OFF_MQA_ON.log","probe","C_FP_OFF_MQA_ON",,"worker","20","/root/miniconda3/envs/lxc/lib/python3.10/site-packages/vllm_ascend/worker/worker.py"
"C&D","C:\Users\407407\Desktop\vllm\github\MQA_FastPath\C&D\probe_C_FP_OFF_MQA_ON.log","probe","C_FP_OFF_MQA_ON",,"worker_has_base_stage_log","25","True"
"C&D","C:\Users\407407\Desktop\vllm\github\MQA_FastPath\C&D\probe_C_FP_OFF_MQA_ON.log","probe","C_FP_OFF_MQA_ON",,"WORKSPACE_DIR","2","/mnt/ky2307909"
"C&D","C:\Users\407407\Desktop\vllm\github\MQA_FastPath\C&D\probe_D_FP_OFF_MQA_OFF.log","probe","D_FP_OFF_MQA_OFF",,"date","1","2026-03-11"
"C&D","C:\Users\407407\Desktop\vllm\github\MQA_FastPath\C&D\probe_D_FP_OFF_MQA_OFF.log","probe","D_FP_OFF_MQA_OFF",,"draft_has_fastpath_log","27","True"
"C&D","C:\Users\407407\Desktop\vllm\github\MQA_FastPath\C&D\probe_D_FP_OFF_MQA_OFF.log","probe","D_FP_OFF_MQA_OFF",,"draft_model_runner","22","/root/miniconda3/envs/lxc/lib/python3.10/site-packages/vllm_ascend/worker/draft_model_runner.py"
"C&D","C:\Users\407407\Desktop\vllm\github\MQA_FastPath\C&D\probe_D_FP_OFF_MQA_OFF.log","probe","D_FP_OFF_MQA_OFF",,"LOG_ROOT","4","/mnt/ky2307909/logs/spec_patch_verify_20260311_190320"
"C&D","C:\Users\407407\Desktop\vllm\github\MQA_FastPath\C&D\probe_D_FP_OFF_MQA_OFF.log","probe","D_FP_OFF_MQA_OFF",,"model_runner","21","/root/miniconda3/envs/lxc/lib/python3.10/site-packages/vllm_ascend/worker/model_runner.py"
"C&D","C:\Users\407407\Desktop\vllm\github\MQA_FastPath\C&D\probe_D_FP_OFF_MQA_OFF.log","probe","D_FP_OFF_MQA_OFF",,"patch_multi_step_worker","24","/root/miniconda3/envs/lxc/lib/python3.10/site-packages/vllm_ascend/patch/worker/patch_common/patch_multi_step_worker.py"
"C&D","C:\Users\407407\Desktop\vllm\github\MQA_FastPath\C&D\probe_D_FP_OFF_MQA_OFF.log","probe","D_FP_OFF_MQA_OFF",,"patch_spec_decode_worker","23","/root/miniconda3/envs/lxc/lib/python3.10/site-packages/vllm_ascend/patch/worker/patch_common/patch_spec_decode_worker.py"
"C&D","C:\Users\407407\Desktop\vllm\github\MQA_FastPath\C&D\probe_D_FP_OFF_MQA_OFF.log","probe","D_FP_OFF_MQA_OFF",,"PYTHONPATH","5","/mnt/ky2307909/vllm-ascend:/usr/local/Ascend/ascend-toolkit/latest/python/site-packages:/usr/local/Ascend/ascend-toolkit/latest/opp/built-in/op_impl/ai_core/tbe:/usr/local/Ascend/ascend-toolkit/latest/python/site-packages:/usr/local/Ascend/ascend-toolkit/latest/opp/built-in/op_impl/ai_core/tbe:/mindformers:"
"C&D","C:\Users\407407\Desktop\vllm\github\MQA_FastPath\C&D\probe_D_FP_OFF_MQA_OFF.log","probe","D_FP_OFF_MQA_OFF",,"ROOT_DIR","3","/mnt/ky2307909"
"C&D","C:\Users\407407\Desktop\vllm\github\MQA_FastPath\C&D\probe_D_FP_OFF_MQA_OFF.log","probe","D_FP_OFF_MQA_OFF",,"runner_has_base_stage_log","26","True"
"C&D","C:\Users\407407\Desktop\vllm\github\MQA_FastPath\C&D\probe_D_FP_OFF_MQA_OFF.log","probe","D_FP_OFF_MQA_OFF",,"vllm_ascend","19","/root/miniconda3/envs/lxc/lib/python3.10/site-packages/vllm_ascend/__init__.py"
"C&D","C:\Users\407407\Desktop\vllm\github\MQA_FastPath\C&D\probe_D_FP_OFF_MQA_OFF.log","probe","D_FP_OFF_MQA_OFF",,"VLLM_ASCEND_BASE_STAGE_LOG_ENABLE","8","1"
"C&D","C:\Users\407407\Desktop\vllm\github\MQA_FastPath\C&D\probe_D_FP_OFF_MQA_OFF.log","probe","D_FP_OFF_MQA_OFF",,"VLLM_ASCEND_BASE_STAGE_LOG_INTERVAL","9","50"
"C&D","C:\Users\407407\Desktop\vllm\github\MQA_FastPath\C&D\probe_D_FP_OFF_MQA_OFF.log","probe","D_FP_OFF_MQA_OFF",,"VLLM_ASCEND_RUNNER_STAGE_LOG_ENABLE","10","1"
"C&D","C:\Users\407407\Desktop\vllm\github\MQA_FastPath\C&D\probe_D_FP_OFF_MQA_OFF.log","probe","D_FP_OFF_MQA_OFF",,"VLLM_ASCEND_RUNNER_STAGE_LOG_INTERVAL","11","50"
"C&D","C:\Users\407407\Desktop\vllm\github\MQA_FastPath\C&D\probe_D_FP_OFF_MQA_OFF.log","probe","D_FP_OFF_MQA_OFF",,"VLLM_ASCEND_SPEC_GPU_MULTI_STEP_BACKENDS","6","FLASH_ATTN"
"C&D","C:\Users\407407\Desktop\vllm\github\MQA_FastPath\C&D\probe_D_FP_OFF_MQA_OFF.log","probe","D_FP_OFF_MQA_OFF",,"VLLM_ASCEND_SPEC_MQA_BACKENDS","7","FLASH_ATTN"
"C&D","C:\Users\407407\Desktop\vllm\github\MQA_FastPath\C&D\probe_D_FP_OFF_MQA_OFF.log","probe","D_FP_OFF_MQA_OFF",,"worker","20","/root/miniconda3/envs/lxc/lib/python3.10/site-packages/vllm_ascend/worker/worker.py"
"C&D","C:\Users\407407\Desktop\vllm\github\MQA_FastPath\C&D\probe_D_FP_OFF_MQA_OFF.log","probe","D_FP_OFF_MQA_OFF",,"worker_has_base_stage_log","25","True"
"C&D","C:\Users\407407\Desktop\vllm\github\MQA_FastPath\C&D\probe_D_FP_OFF_MQA_OFF.log","probe","D_FP_OFF_MQA_OFF",,"WORKSPACE_DIR","2","/mnt/ky2307909"
"C&D","C:\Users\407407\Desktop\vllm\github\MQA_FastPath\C&D\server_C_FP_OFF_MQA_ON_k2.log","server","C_FP_OFF_MQA_ON","2","_id","246","request\\_id\n"
"C&D","C:\Users\407407\Desktop\vllm\github\MQA_FastPath\C&D\server_C_FP_OFF_MQA_ON_k2.log","server","C_FP_OFF_MQA_ON","2","_name","246","""vpc-xaas"",\n"
"C&D","C:\Users\407407\Desktop\vllm\github\MQA_FastPath\C&D\server_C_FP_OFF_MQA_ON_k2.log","server","C_FP_OFF_MQA_ON","2","_node","760","2]""\n"
"C&D","C:\Users\407407\Desktop\vllm\github\MQA_FastPath\C&D\server_C_FP_OFF_MQA_ON_k2.log","server","C_FP_OFF_MQA_ON","2","_type","246","project\\_type,\n"
"C&D","C:\Users\407407\Desktop\vllm\github\MQA_FastPath\C&D\server_C_FP_OFF_MQA_ON_k2.log","server","C_FP_OFF_MQA_ON","2","accept","911","0.8268"
"C&D","C:\Users\407407\Desktop\vllm\github\MQA_FastPath\C&D\server_C_FP_OFF_MQA_ON_k2.log","server","C_FP_OFF_MQA_ON","2","accept_no_hs","911","0.8268"
"C&D","C:\Users\407407\Desktop\vllm\github\MQA_FastPath\C&D\server_C_FP_OFF_MQA_ON_k2.log","server","C_FP_OFF_MQA_ON","2","accept_with_hs","911","0.0000"
"C&D","C:\Users\407407\Desktop\vllm\github\MQA_FastPath\C&D\server_C_FP_OFF_MQA_ON_k2.log","server","C_FP_OFF_MQA_ON","2","as","210","{Link}"
"C&D","C:\Users\407407\Desktop\vllm\github\MQA_FastPath\C&D\server_C_FP_OFF_MQA_ON_k2.log","server","C_FP_OFF_MQA_ON","2","average_time_per_proposal_tok_ms","914","68.99"
"C&D","C:\Users\407407\Desktop\vllm\github\MQA_FastPath\C&D\server_C_FP_OFF_MQA_ON_k2.log","server","C_FP_OFF_MQA_ON","2","avg_execute_total_ms","898","67.64"
"C&D","C:\Users\407407\Desktop\vllm\github\MQA_FastPath\C&D\server_C_FP_OFF_MQA_ON_k2.log","server","C_FP_OFF_MQA_ON","2","avg_forward_ms","898","63.36"
"C&D","C:\Users\407407\Desktop\vllm\github\MQA_FastPath\C&D\server_C_FP_OFF_MQA_ON_k2.log","server","C_FP_OFF_MQA_ON","2","avg_logits_ms","898","1.21"
"C&D","C:\Users\407407\Desktop\vllm\github\MQA_FastPath\C&D\server_C_FP_OFF_MQA_ON_k2.log","server","C_FP_OFF_MQA_ON","2","avg_sampler_ms","898","3.02"
"C&D","C:\Users\407407\Desktop\vllm\github\MQA_FastPath\C&D\server_C_FP_OFF_MQA_ON_k2.log","server","C_FP_OFF_MQA_ON","2","axis","463","1)\n"
"C&D","C:\Users\407407\Desktop\vllm\github\MQA_FastPath\C&D\server_C_FP_OFF_MQA_ON_k2.log","server","C_FP_OFF_MQA_ON","2","backend","53","ASCEND"
"C&D","C:\Users\407407\Desktop\vllm\github\MQA_FastPath\C&D\server_C_FP_OFF_MQA_ON_k2.log","server","C_FP_OFF_MQA_ON","2","bad_words","761","[]"
"C&D","C:\Users\407407\Desktop\vllm\github\MQA_FastPath\C&D\server_C_FP_OFF_MQA_ON_k2.log","server","C_FP_OFF_MQA_ON","2","bg","210","""light"""
"C&D","C:\Users\407407\Desktop\vllm\github\MQA_FastPath\C&D\server_C_FP_OFF_MQA_ON_k2.log","server","C_FP_OFF_MQA_ON","2","capability","53","ASCEND,FLASH_ATTN)."
"C&D","C:\Users\407407\Desktop\vllm\github\MQA_FastPath\C&D\server_C_FP_OFF_MQA_ON_k2.log","server","C_FP_OFF_MQA_ON","2","category","739","None"
"C&D","C:\Users\407407\Desktop\vllm\github\MQA_FastPath\C&D\server_C_FP_OFF_MQA_ON_k2.log","server","C_FP_OFF_MQA_ON","2","chunked_prefill_enabled","46","False"
"C&D","C:\Users\407407\Desktop\vllm\github\MQA_FastPath\C&D\server_C_FP_OFF_MQA_ON_k2.log","server","C_FP_OFF_MQA_ON","2","className","210","""py-3"">\n"
"C&D","C:\Users\407407\Desktop\vllm\github\MQA_FastPath\C&D\server_C_FP_OFF_MQA_ON_k2.log","server","C_FP_OFF_MQA_ON","2","collect_detailed_traces","46","None)"
"C&D","C:\Users\407407\Desktop\vllm\github\MQA_FastPath\C&D\server_C_FP_OFF_MQA_ON_k2.log","server","C_FP_OFF_MQA_ON","2","compilation_config","46","{""level"":0,""debug_dump_path"":"""",""cache_dir"":"""",""backend"":"""",""custom_ops"":[],""splitting_ops"":[],""use_inductor"":true,""compile_sizes"":[],""inductor_compile_config"":{},""inductor_passes"":{},""use_cudagraph"":false,""cudagraph_num_of_warmups"":0,""cudagraph_capture_sizes"":[],""cudagraph_copy_inputs"":false,""full_cuda_graph"":false,""max_capture_size"":0,""local_cache_dir"":null}"
"C&D","C:\Users\407407\Desktop\vllm\github\MQA_FastPath\C&D\server_C_FP_OFF_MQA_ON_k2.log","server","C_FP_OFF_MQA_ON","2","count","898","450"
"C&D","C:\Users\407407\Desktop\vllm\github\MQA_FastPath\C&D\server_C_FP_OFF_MQA_ON_k2.log","server","C_FP_OFF_MQA_ON","2","decoding_config","46","DecodingConfig(backend='xgrammar'"
"C&D","C:\Users\407407\Desktop\vllm\github\MQA_FastPath\C&D\server_C_FP_OFF_MQA_ON_k2.log","server","C_FP_OFF_MQA_ON","2","description","246","f""XaaS"
"C&D","C:\Users\407407\Desktop\vllm\github\MQA_FastPath\C&D\server_C_FP_OFF_MQA_ON_k2.log","server","C_FP_OFF_MQA_ON","2","device_config","46","npu"
"C&D","C:\Users\407407\Desktop\vllm\github\MQA_FastPath\C&D\server_C_FP_OFF_MQA_ON_k2.log","server","C_FP_OFF_MQA_ON","2","disable_additional_properties","46","False"
"C&D","C:\Users\407407\Desktop\vllm\github\MQA_FastPath\C&D\server_C_FP_OFF_MQA_ON_k2.log","server","C_FP_OFF_MQA_ON","2","disable_any_whitespace","46","False"
"C&D","C:\Users\407407\Desktop\vllm\github\MQA_FastPath\C&D\server_C_FP_OFF_MQA_ON_k2.log","server","C_FP_OFF_MQA_ON","2","disable_custom_all_reduce","46","True"
"C&D","C:\Users\407407\Desktop\vllm\github\MQA_FastPath\C&D\server_C_FP_OFF_MQA_ON_k2.log","server","C_FP_OFF_MQA_ON","2","disable_fallback","46","False"
"C&D","C:\Users\407407\Desktop\vllm\github\MQA_FastPath\C&D\server_C_FP_OFF_MQA_ON_k2.log","server","C_FP_OFF_MQA_ON","2","download_dir","46","None"
"C&D","C:\Users\407407\Desktop\vllm\github\MQA_FastPath\C&D\server_C_FP_OFF_MQA_ON_k2.log","server","C_FP_OFF_MQA_ON","2","draft_tp","48","1"
"C&D","C:\Users\407407\Desktop\vllm\github\MQA_FastPath\C&D\server_C_FP_OFF_MQA_ON_k2.log","server","C_FP_OFF_MQA_ON","2","dtype","46","torch.bfloat16"
"C&D","C:\Users\407407\Desktop\vllm\github\MQA_FastPath\C&D\server_C_FP_OFF_MQA_ON_k2.log","server","C_FP_OFF_MQA_ON","2","element","210","{<Home"
"C&D","C:\Users\407407\Desktop\vllm\github\MQA_FastPath\C&D\server_C_FP_OFF_MQA_ON_k2.log","server","C_FP_OFF_MQA_ON","2","enable_prefix_caching","46","None"
"C&D","C:\Users\407407\Desktop\vllm\github\MQA_FastPath\C&D\server_C_FP_OFF_MQA_ON_k2.log","server","C_FP_OFF_MQA_ON","2","enforce_eager","46","True"
"C&D","C:\Users\407407\Desktop\vllm\github\MQA_FastPath\C&D\server_C_FP_OFF_MQA_ON_k2.log","server","C_FP_OFF_MQA_ON","2","extra_args","761","None)"
"C&D","C:\Users\407407\Desktop\vllm\github\MQA_FastPath\C&D\server_C_FP_OFF_MQA_ON_k2.log","server","C_FP_OFF_MQA_ON","2","fail_adapter","125","0"
"C&D","C:\Users\407407\Desktop\vllm\github\MQA_FastPath\C&D\server_C_FP_OFF_MQA_ON_k2.log","server","C_FP_OFF_MQA_ON","2","fail_backend","125","1"
"C&D","C:\Users\407407\Desktop\vllm\github\MQA_FastPath\C&D\server_C_FP_OFF_MQA_ON_k2.log","server","C_FP_OFF_MQA_ON","2","fail_disabled","125","0"
"C&D","C:\Users\407407\Desktop\vllm\github\MQA_FastPath\C&D\server_C_FP_OFF_MQA_ON_k2.log","server","C_FP_OFF_MQA_ON","2","fail_lora","125","0"
"C&D","C:\Users\407407\Desktop\vllm\github\MQA_FastPath\C&D\server_C_FP_OFF_MQA_ON_k2.log","server","C_FP_OFF_MQA_ON","2","fail_prompt","125","0"
"C&D","C:\Users\407407\Desktop\vllm\github\MQA_FastPath\C&D\server_C_FP_OFF_MQA_ON_k2.log","server","C_FP_OFF_MQA_ON","2","fixed","210","""top"""
"C&D","C:\Users\407407\Desktop\vllm\github\MQA_FastPath\C&D\server_C_FP_OFF_MQA_ON_k2.log","server","C_FP_OFF_MQA_ON","2","for","324","""file-name"">File"
"C&D","C:\Users\407407\Desktop\vllm\github\MQA_FastPath\C&D\server_C_FP_OFF_MQA_ON_k2.log","server","C_FP_OFF_MQA_ON","2","frequency_penalty","761","0.0"
"C&D","C:\Users\407407\Desktop\vllm\github\MQA_FastPath\C&D\server_C_FP_OFF_MQA_ON_k2.log","server","C_FP_OFF_MQA_ON","2","guided_decoding","761","None"
"C&D","C:\Users\407407\Desktop\vllm\github\MQA_FastPath\C&D\server_C_FP_OFF_MQA_ON_k2.log","server","C_FP_OFF_MQA_ON","2","high_k_occ","913","0.0000"
"C&D","C:\Users\407407\Desktop\vllm\github\MQA_FastPath\C&D\server_C_FP_OFF_MQA_ON_k2.log","server","C_FP_OFF_MQA_ON","2","hist","913","2:400"
"C&D","C:\Users\407407\Desktop\vllm\github\MQA_FastPath\C&D\server_C_FP_OFF_MQA_ON_k2.log","server","C_FP_OFF_MQA_ON","2","hs_ratio","911","0.0000"
"C&D","C:\Users\407407\Desktop\vllm\github\MQA_FastPath\C&D\server_C_FP_OFF_MQA_ON_k2.log","server","C_FP_OFF_MQA_ON","2","id","324","""file-name"""
"C&D","C:\Users\407407\Desktop\vllm\github\MQA_FastPath\C&D\server_C_FP_OFF_MQA_ON_k2.log","server","C_FP_OFF_MQA_ON","2","ignore_eos","761","False"
"C&D","C:\Users\407407\Desktop\vllm\github\MQA_FastPath\C&D\server_C_FP_OFF_MQA_ON_k2.log","server","C_FP_OFF_MQA_ON","2","include_stop_str_in_output","761","False"
"C&D","C:\Users\407407\Desktop\vllm\github\MQA_FastPath\C&D\server_C_FP_OFF_MQA_ON_k2.log","server","C_FP_OFF_MQA_ON","2","is_tp1_runner","124","True"
"C&D","C:\Users\407407\Desktop\vllm\github\MQA_FastPath\C&D\server_C_FP_OFF_MQA_ON_k2.log","server","C_FP_OFF_MQA_ON","2","iter_p95","911","279.785"
"C&D","C:\Users\407407\Desktop\vllm\github\MQA_FastPath\C&D\server_C_FP_OFF_MQA_ON_k2.log","server","C_FP_OFF_MQA_ON","2","k","912","2"
"C&D","C:\Users\407407\Desktop\vllm\github\MQA_FastPath\C&D\server_C_FP_OFF_MQA_ON_k2.log","server","C_FP_OFF_MQA_ON","2","kv_cache_dtype","46","auto"
"C&D","C:\Users\407407\Desktop\vllm\github\MQA_FastPath\C&D\server_C_FP_OFF_MQA_ON_k2.log","server","C_FP_OFF_MQA_ON","2","load_format","46","auto"
"C&D","C:\Users\407407\Desktop\vllm\github\MQA_FastPath\C&D\server_C_FP_OFF_MQA_ON_k2.log","server","C_FP_OFF_MQA_ON","2","logprobs","761","None"
"C&D","C:\Users\407407\Desktop\vllm\github\MQA_FastPath\C&D\server_C_FP_OFF_MQA_ON_k2.log","server","C_FP_OFF_MQA_ON","2","low","760","66%]"
"C&D","C:\Users\407407\Desktop\vllm\github\MQA_FastPath\C&D\server_C_FP_OFF_MQA_ON_k2.log","server","C_FP_OFF_MQA_ON","2","max_seq_len","46","8192"
"C&D","C:\Users\407407\Desktop\vllm\github\MQA_FastPath\C&D\server_C_FP_OFF_MQA_ON_k2.log","server","C_FP_OFF_MQA_ON","2","max_tokens","761","593"
"C&D","C:\Users\407407\Desktop\vllm\github\MQA_FastPath\C&D\server_C_FP_OFF_MQA_ON_k2.log","server","C_FP_OFF_MQA_ON","2","min_p","761","0.0"
"C&D","C:\Users\407407\Desktop\vllm\github\MQA_FastPath\C&D\server_C_FP_OFF_MQA_ON_k2.log","server","C_FP_OFF_MQA_ON","2","min_tokens","761","0"
"C&D","C:\Users\407407\Desktop\vllm\github\MQA_FastPath\C&D\server_C_FP_OFF_MQA_ON_k2.log","server","C_FP_OFF_MQA_ON","2","model","46","'/mnt/ky2307909/siyuan.tong/Qwen3-8B'"
"C&D","C:\Users\407407\Desktop\vllm\github\MQA_FastPath\C&D\server_C_FP_OFF_MQA_ON_k2.log","server","C_FP_OFF_MQA_ON","2","model_runner","124","<class 'vllm_ascend.worker.draft_model_runner.TP1DraftModelRunner'>"
"C&D","C:\Users\407407\Desktop\vllm\github\MQA_FastPath\C&D\server_C_FP_OFF_MQA_ON_k2.log","server","C_FP_OFF_MQA_ON","2","model_type","48","qwen3)"
"C&D","C:\Users\407407\Desktop\vllm\github\MQA_FastPath\C&D\server_C_FP_OFF_MQA_ON_k2.log","server","C_FP_OFF_MQA_ON","2","ms_hit","125","0"
"C&D","C:\Users\407407\Desktop\vllm\github\MQA_FastPath\C&D\server_C_FP_OFF_MQA_ON_k2.log","server","C_FP_OFF_MQA_ON","2","ms_total","125","1"
"C&D","C:\Users\407407\Desktop\vllm\github\MQA_FastPath\C&D\server_C_FP_OFF_MQA_ON_k2.log","server","C_FP_OFF_MQA_ON","2","multi_step_stream_outputs","46","True"
"C&D","C:\Users\407407\Desktop\vllm\github\MQA_FastPath\C&D\server_C_FP_OFF_MQA_ON_k2.log","server","C_FP_OFF_MQA_ON","2","n","761","1"
"C&D","C:\Users\407407\Desktop\vllm\github\MQA_FastPath\C&D\server_C_FP_OFF_MQA_ON_k2.log","server","C_FP_OFF_MQA_ON","2","name","324","""file-name""><br>\n"
"C&D","C:\Users\407407\Desktop\vllm\github\MQA_FastPath\C&D\server_C_FP_OFF_MQA_ON_k2.log","server","C_FP_OFF_MQA_ON","2","new_protected_value","463","\'other\'"
"C&D","C:\Users\407407\Desktop\vllm\github\MQA_FastPath\C&D\server_C_FP_OFF_MQA_ON_k2.log","server","C_FP_OFF_MQA_ON","2","ntext","297","[\'Dear   Support   team, \\\\n\\\\nRequest   you   to   please   install   VM   ware   Horizon   client   for  access to   client system.   Attaching   document   received   from   client   (Alix   partners)   for reference.\\\\n\\\\nclient   URL: https://portal.alixpartners.com\\\\nVMare-Horizon-Client-2212-8.8.-21079405\\\\n\\\\Thanks,InSrikanth   P\',\n""I   am   logging   this   request   on  be   half   of  Mahendra   Posham,   he   is   from  my   team.   he   is   facing   error   while setting   up  his   laptop.he   is facing   \'The  securtiy   database   on  the   server   does   not   have  a  computer account   for this   workstatition   trust   relationship\'   error   .     I   have   provided   his   no  below   can  you   plese call   him   up  to   understand   the   issue.    \\\\nhis   email   I\'d   is posham.mahendra\\\\n   laptopID:   ITL-HW-LAPTOP脗\\x95\\n000000441525  \\\\nmobile   no:  9573607244    \\\\n   "",\n\'Hi   there\n```', params: SamplingParams(n=1, presence_penalty=0.0, frequency_penalty=0.0, repetition_penalty=1.0, temperature=0.0, top_p=1.0, top_k=0, min_p=0.0, seed=None, stop=[]"
"C&D","C:\Users\407407\Desktop\vllm\github\MQA_FastPath\C&D\server_C_FP_OFF_MQA_ON_k2.log","server","C_FP_OFF_MQA_ON","2","num_scheduler_steps","46","1"
"C&D","C:\Users\407407\Desktop\vllm\github\MQA_FastPath\C&D\server_C_FP_OFF_MQA_ON_k2.log","server","C_FP_OFF_MQA_ON","2","num_spec_tokens","46","2)"
"C&D","C:\Users\407407\Desktop\vllm\github\MQA_FastPath\C&D\server_C_FP_OFF_MQA_ON_k2.log","server","C_FP_OFF_MQA_ON","2","observability_config","46","ObservabilityConfig(show_hidden_metrics_for_version=None"
"C&D","C:\Users\407407\Desktop\vllm\github\MQA_FastPath\C&D\server_C_FP_OFF_MQA_ON_k2.log","server","C_FP_OFF_MQA_ON","2","otlp_traces_endpoint","46","None"
"C&D","C:\Users\407407\Desktop\vllm\github\MQA_FastPath\C&D\server_C_FP_OFF_MQA_ON_k2.log","server","C_FP_OFF_MQA_ON","2","override_neuron_config","46","{}"
"C&D","C:\Users\407407\Desktop\vllm\github\MQA_FastPath\C&D\server_C_FP_OFF_MQA_ON_k2.log","server","C_FP_OFF_MQA_ON","2","overwrite","600","true)"";\n\nusing"
"C&D","C:\Users\407407\Desktop\vllm\github\MQA_FastPath\C&D\server_C_FP_OFF_MQA_ON_k2.log","server","C_FP_OFF_MQA_ON","2","overwrites","739","{ctx.guild.default_role:"
"C&D","C:\Users\407407\Desktop\vllm\github\MQA_FastPath\C&D\server_C_FP_OFF_MQA_ON_k2.log","server","C_FP_OFF_MQA_ON","2","path","210","""/"""
"C&D","C:\Users\407407\Desktop\vllm\github\MQA_FastPath\C&D\server_C_FP_OFF_MQA_ON_k2.log","server","C_FP_OFF_MQA_ON","2","pipeline_parallel_size","46","1"
"C&D","C:\Users\407407\Desktop\vllm\github\MQA_FastPath\C&D\server_C_FP_OFF_MQA_ON_k2.log","server","C_FP_OFF_MQA_ON","2","pooler_config","46","None"
"C&D","C:\Users\407407\Desktop\vllm\github\MQA_FastPath\C&D\server_C_FP_OFF_MQA_ON_k2.log","server","C_FP_OFF_MQA_ON","2","presence_penalty","761","0.0"
"C&D","C:\Users\407407\Desktop\vllm\github\MQA_FastPath\C&D\server_C_FP_OFF_MQA_ON_k2.log","server","C_FP_OFF_MQA_ON","2","prompt_logprobs","761","None"
"C&D","C:\Users\407407\Desktop\vllm\github\MQA_FastPath\C&D\server_C_FP_OFF_MQA_ON_k2.log","server","C_FP_OFF_MQA_ON","2","proposer","50","<class 'vllm.spec_decode.multi_step_worker.MultiStepWorker'>"
"C&D","C:\Users\407407\Desktop\vllm\github\MQA_FastPath\C&D\server_C_FP_OFF_MQA_ON_k2.log","server","C_FP_OFF_MQA_ON","2","protected_attribute","463","\'gender\'"
"C&D","C:\Users\407407\Desktop\vllm\github\MQA_FastPath\C&D\server_C_FP_OFF_MQA_ON_k2.log","server","C_FP_OFF_MQA_ON","2","quantization","46","None"
"C&D","C:\Users\407407\Desktop\vllm\github\MQA_FastPath\C&D\server_C_FP_OFF_MQA_ON_k2.log","server","C_FP_OFF_MQA_ON","2","reasoning_backend","46","'')"
"C&D","C:\Users\407407\Desktop\vllm\github\MQA_FastPath\C&D\server_C_FP_OFF_MQA_ON_k2.log","server","C_FP_OFF_MQA_ON","2","repetition_penalty","761","1.0"
"C&D","C:\Users\407407\Desktop\vllm\github\MQA_FastPath\C&D\server_C_FP_OFF_MQA_ON_k2.log","server","C_FP_OFF_MQA_ON","2","revision","46","None"
"C&D","C:\Users\407407\Desktop\vllm\github\MQA_FastPath\C&D\server_C_FP_OFF_MQA_ON_k2.log","server","C_FP_OFF_MQA_ON","2","runner_cls","48","<class 'vllm_ascend.worker.draft_model_runner.TP1DraftModelRunner'>"
"C&D","C:\Users\407407\Desktop\vllm\github\MQA_FastPath\C&D\server_C_FP_OFF_MQA_ON_k2.log","server","C_FP_OFF_MQA_ON","2","sample_len","124","2"
"C&D","C:\Users\407407\Desktop\vllm\github\MQA_FastPath\C&D\server_C_FP_OFF_MQA_ON_k2.log","server","C_FP_OFF_MQA_ON","2","sampler","52","<class 'vllm.model_executor.layers.rejection_sampler.RejectionSampler'>"
"C&D","C:\Users\407407\Desktop\vllm\github\MQA_FastPath\C&D\server_C_FP_OFF_MQA_ON_k2.log","server","C_FP_OFF_MQA_ON","2","schedule","174","60"
"C&D","C:\Users\407407\Desktop\vllm\github\MQA_FastPath\C&D\server_C_FP_OFF_MQA_ON_k2.log","server","C_FP_OFF_MQA_ON","2","scoring_time_ms","914","54.69"
"C&D","C:\Users\407407\Desktop\vllm\github\MQA_FastPath\C&D\server_C_FP_OFF_MQA_ON_k2.log","server","C_FP_OFF_MQA_ON","2","seed","761","None"
"C&D","C:\Users\407407\Desktop\vllm\github\MQA_FastPath\C&D\server_C_FP_OFF_MQA_ON_k2.log","server","C_FP_OFF_MQA_ON","2","send_messages","739","False"
"C&D","C:\Users\407407\Desktop\vllm\github\MQA_FastPath\C&D\server_C_FP_OFF_MQA_ON_k2.log","server","C_FP_OFF_MQA_ON","2","served_model_name","46","qwen3-8B"
"C&D","C:\Users\407407\Desktop\vllm\github\MQA_FastPath\C&D\server_C_FP_OFF_MQA_ON_k2.log","server","C_FP_OFF_MQA_ON","2","skip_special_tokens","761","True"
"C&D","C:\Users\407407\Desktop\vllm\github\MQA_FastPath\C&D\server_C_FP_OFF_MQA_ON_k2.log","server","C_FP_OFF_MQA_ON","2","skip_tokenizer_init","46","False"
"C&D","C:\Users\407407\Desktop\vllm\github\MQA_FastPath\C&D\server_C_FP_OFF_MQA_ON_k2.log","server","C_FP_OFF_MQA_ON","2","spaces_between_special_tokens","761","True"
"C&D","C:\Users\407407\Desktop\vllm\github\MQA_FastPath\C&D\server_C_FP_OFF_MQA_ON_k2.log","server","C_FP_OFF_MQA_ON","2","speculative_config","46","SpeculativeConfig(method='draft_model'"
"C&D","C:\Users\407407\Desktop\vllm\github\MQA_FastPath\C&D\server_C_FP_OFF_MQA_ON_k2.log","server","C_FP_OFF_MQA_ON","2","step_accept","912","[1.0, 0.7507]"
"C&D","C:\Users\407407\Desktop\vllm\github\MQA_FastPath\C&D\server_C_FP_OFF_MQA_ON_k2.log","server","C_FP_OFF_MQA_ON","2","stop","761","[]"
"C&D","C:\Users\407407\Desktop\vllm\github\MQA_FastPath\C&D\server_C_FP_OFF_MQA_ON_k2.log","server","C_FP_OFF_MQA_ON","2","stop_token_ids","761","[]"
"C&D","C:\Users\407407\Desktop\vllm\github\MQA_FastPath\C&D\server_C_FP_OFF_MQA_ON_k2.log","server","C_FP_OFF_MQA_ON","2","supports_gpu_multi_step","126","False."
"C&D","C:\Users\407407\Desktop\vllm\github\MQA_FastPath\C&D\server_C_FP_OFF_MQA_ON_k2.log","server","C_FP_OFF_MQA_ON","2","switch_per_min","913","0.0000"
"C&D","C:\Users\407407\Desktop\vllm\github\MQA_FastPath\C&D\server_C_FP_OFF_MQA_ON_k2.log","server","C_FP_OFF_MQA_ON","2","target_tp","48","1"
"C&D","C:\Users\407407\Desktop\vllm\github\MQA_FastPath\C&D\server_C_FP_OFF_MQA_ON_k2.log","server","C_FP_OFF_MQA_ON","2","temperature","761","0.0"
"C&D","C:\Users\407407\Desktop\vllm\github\MQA_FastPath\C&D\server_C_FP_OFF_MQA_ON_k2.log","server","C_FP_OFF_MQA_ON","2","tensor_parallel_size","46","1"
"C&D","C:\Users\407407\Desktop\vllm\github\MQA_FastPath\C&D\server_C_FP_OFF_MQA_ON_k2.log","server","C_FP_OFF_MQA_ON","2","threshold","463","0.5):\n"
"C&D","C:\Users\407407\Desktop\vllm\github\MQA_FastPath\C&D\server_C_FP_OFF_MQA_ON_k2.log","server","C_FP_OFF_MQA_ON","2","throughput_tps","911","217.773"
"C&D","C:\Users\407407\Desktop\vllm\github\MQA_FastPath\C&D\server_C_FP_OFF_MQA_ON_k2.log","server","C_FP_OFF_MQA_ON","2","to","210","""/"">\n"
"C&D","C:\Users\407407\Desktop\vllm\github\MQA_FastPath\C&D\server_C_FP_OFF_MQA_ON_k2.log","server","C_FP_OFF_MQA_ON","2","tokenizer","46","'/mnt/ky2307909/siyuan.tong/Qwen3-8B'"
"C&D","C:\Users\407407\Desktop\vllm\github\MQA_FastPath\C&D\server_C_FP_OFF_MQA_ON_k2.log","server","C_FP_OFF_MQA_ON","2","tokenizer_mode","46","auto"
"C&D","C:\Users\407407\Desktop\vllm\github\MQA_FastPath\C&D\server_C_FP_OFF_MQA_ON_k2.log","server","C_FP_OFF_MQA_ON","2","tokenizer_revision","46","None"
"C&D","C:\Users\407407\Desktop\vllm\github\MQA_FastPath\C&D\server_C_FP_OFF_MQA_ON_k2.log","server","C_FP_OFF_MQA_ON","2","top_k","761","0"
"C&D","C:\Users\407407\Desktop\vllm\github\MQA_FastPath\C&D\server_C_FP_OFF_MQA_ON_k2.log","server","C_FP_OFF_MQA_ON","2","top_p","761","1.0"
"C&D","C:\Users\407407\Desktop\vllm\github\MQA_FastPath\C&D\server_C_FP_OFF_MQA_ON_k2.log","server","C_FP_OFF_MQA_ON","2","truncate_prompt_tokens","761","None"
"C&D","C:\Users\407407\Desktop\vllm\github\MQA_FastPath\C&D\server_C_FP_OFF_MQA_ON_k2.log","server","C_FP_OFF_MQA_ON","2","trust_remote_code","46","True"
"C&D","C:\Users\407407\Desktop\vllm\github\MQA_FastPath\C&D\server_C_FP_OFF_MQA_ON_k2.log","server","C_FP_OFF_MQA_ON","2","type","324","""text"""
"C&D","C:\Users\407407\Desktop\vllm\github\MQA_FastPath\C&D\server_C_FP_OFF_MQA_ON_k2.log","server","C_FP_OFF_MQA_ON","2","url","600","\'your-file-name.txt\'"
"C&D","C:\Users\407407\Desktop\vllm\github\MQA_FastPath\C&D\server_C_FP_OFF_MQA_ON_k2.log","server","C_FP_OFF_MQA_ON","2","use_async_output_proc","46","False"
"C&D","C:\Users\407407\Desktop\vllm\github\MQA_FastPath\C&D\server_C_FP_OFF_MQA_ON_k2.log","server","C_FP_OFF_MQA_ON","2","use_cached_outputs","46","True"
"C&D","C:\Users\407407\Desktop\vllm\github\MQA_FastPath\C&D\server_C_FP_OFF_MQA_ON_k2.log","server","C_FP_OFF_MQA_ON","2","value","324","""Download"">\n</form>\n```\nThis"
"C&D","C:\Users\407407\Desktop\vllm\github\MQA_FastPath\C&D\server_C_FP_OFF_MQA_ON_k2.log","server","C_FP_OFF_MQA_ON","2","variant","210","""primary"">Post</Button>\n"
"C&D","C:\Users\407407\Desktop\vllm\github\MQA_FastPath\C&D\server_C_FP_OFF_MQA_ON_k2.log","server","C_FP_OFF_MQA_ON","2","verification_time_ms","914","3.57"
"C&D","C:\Users\407407\Desktop\vllm\github\MQA_FastPath\C&D\server_C_FP_OFF_MQA_ON_k2.log","server","C_FP_OFF_MQA_ON","2","view_channel","739","False)"
"C&D","C:\Users\407407\Desktop\vllm\github\MQA_FastPath\C&D\server_C_FP_OFF_MQA_ON_k2.log","server","C_FP_OFF_MQA_ON","2","vpcs","246","[]"
"C&D","C:\Users\407407\Desktop\vllm\github\MQA_FastPath\C&D\server_C_FP_OFF_MQA_ON_k2.log","server","C_FP_OFF_MQA_ON","2","W","621","X+Y'"
"C&D","C:\Users\407407\Desktop\vllm\github\MQA_FastPath\C&D\server_C_FP_OFF_MQA_ON_k2.log","server","C_FP_OFF_MQA_ON","2","waste_ratio","912","0.1246"
"C&D","C:\Users\407407\Desktop\vllm\github\MQA_FastPath\C&D\server_C_FP_OFF_MQA_ON_k4.log","server","C_FP_OFF_MQA_ON","4","_id","238","request\\_id\n"
"C&D","C:\Users\407407\Desktop\vllm\github\MQA_FastPath\C&D\server_C_FP_OFF_MQA_ON_k4.log","server","C_FP_OFF_MQA_ON","4","_name","238","""vpc-xaas"",\n"
"C&D","C:\Users\407407\Desktop\vllm\github\MQA_FastPath\C&D\server_C_FP_OFF_MQA_ON_k4.log","server","C_FP_OFF_MQA_ON","4","_node","738","2]""\n"
"C&D","C:\Users\407407\Desktop\vllm\github\MQA_FastPath\C&D\server_C_FP_OFF_MQA_ON_k4.log","server","C_FP_OFF_MQA_ON","4","_type","238","project\\_type,\n"
"C&D","C:\Users\407407\Desktop\vllm\github\MQA_FastPath\C&D\server_C_FP_OFF_MQA_ON_k4.log","server","C_FP_OFF_MQA_ON","4","accept","902","0.7805"
"C&D","C:\Users\407407\Desktop\vllm\github\MQA_FastPath\C&D\server_C_FP_OFF_MQA_ON_k4.log","server","C_FP_OFF_MQA_ON","4","accept_no_hs","902","0.7805"
"C&D","C:\Users\407407\Desktop\vllm\github\MQA_FastPath\C&D\server_C_FP_OFF_MQA_ON_k4.log","server","C_FP_OFF_MQA_ON","4","accept_with_hs","902","0.0000"
"C&D","C:\Users\407407\Desktop\vllm\github\MQA_FastPath\C&D\server_C_FP_OFF_MQA_ON_k4.log","server","C_FP_OFF_MQA_ON","4","as","201","{Link}"
"C&D","C:\Users\407407\Desktop\vllm\github\MQA_FastPath\C&D\server_C_FP_OFF_MQA_ON_k4.log","server","C_FP_OFF_MQA_ON","4","average_time_per_proposal_tok_ms","895","46.87"
"C&D","C:\Users\407407\Desktop\vllm\github\MQA_FastPath\C&D\server_C_FP_OFF_MQA_ON_k4.log","server","C_FP_OFF_MQA_ON","4","avg_execute_total_ms","883","70.94"
"C&D","C:\Users\407407\Desktop\vllm\github\MQA_FastPath\C&D\server_C_FP_OFF_MQA_ON_k4.log","server","C_FP_OFF_MQA_ON","4","avg_forward_ms","883","64.18"
"C&D","C:\Users\407407\Desktop\vllm\github\MQA_FastPath\C&D\server_C_FP_OFF_MQA_ON_k4.log","server","C_FP_OFF_MQA_ON","4","avg_logits_ms","883","1.70"
"C&D","C:\Users\407407\Desktop\vllm\github\MQA_FastPath\C&D\server_C_FP_OFF_MQA_ON_k4.log","server","C_FP_OFF_MQA_ON","4","avg_sampler_ms","883","5.02"
"C&D","C:\Users\407407\Desktop\vllm\github\MQA_FastPath\C&D\server_C_FP_OFF_MQA_ON_k4.log","server","C_FP_OFF_MQA_ON","4","axis","454","1)\n"
"C&D","C:\Users\407407\Desktop\vllm\github\MQA_FastPath\C&D\server_C_FP_OFF_MQA_ON_k4.log","server","C_FP_OFF_MQA_ON","4","backend","53","ASCEND"
"C&D","C:\Users\407407\Desktop\vllm\github\MQA_FastPath\C&D\server_C_FP_OFF_MQA_ON_k4.log","server","C_FP_OFF_MQA_ON","4","bad_words","739","[]"
"C&D","C:\Users\407407\Desktop\vllm\github\MQA_FastPath\C&D\server_C_FP_OFF_MQA_ON_k4.log","server","C_FP_OFF_MQA_ON","4","bg","201","""light"""
"C&D","C:\Users\407407\Desktop\vllm\github\MQA_FastPath\C&D\server_C_FP_OFF_MQA_ON_k4.log","server","C_FP_OFF_MQA_ON","4","cap","870","4)"
"C&D","C:\Users\407407\Desktop\vllm\github\MQA_FastPath\C&D\server_C_FP_OFF_MQA_ON_k4.log","server","C_FP_OFF_MQA_ON","4","capability","53","ASCEND,FLASH_ATTN)."
"C&D","C:\Users\407407\Desktop\vllm\github\MQA_FastPath\C&D\server_C_FP_OFF_MQA_ON_k4.log","server","C_FP_OFF_MQA_ON","4","category","724","None"
"C&D","C:\Users\407407\Desktop\vllm\github\MQA_FastPath\C&D\server_C_FP_OFF_MQA_ON_k4.log","server","C_FP_OFF_MQA_ON","4","chunked_prefill_enabled","46","False"
"C&D","C:\Users\407407\Desktop\vllm\github\MQA_FastPath\C&D\server_C_FP_OFF_MQA_ON_k4.log","server","C_FP_OFF_MQA_ON","4","className","201","""py-3"">\n"
"C&D","C:\Users\407407\Desktop\vllm\github\MQA_FastPath\C&D\server_C_FP_OFF_MQA_ON_k4.log","server","C_FP_OFF_MQA_ON","4","collect_detailed_traces","46","None)"
"C&D","C:\Users\407407\Desktop\vllm\github\MQA_FastPath\C&D\server_C_FP_OFF_MQA_ON_k4.log","server","C_FP_OFF_MQA_ON","4","compilation_config","46","{""level"":0,""debug_dump_path"":"""",""cache_dir"":"""",""backend"":"""",""custom_ops"":[],""splitting_ops"":[],""use_inductor"":true,""compile_sizes"":[],""inductor_compile_config"":{},""inductor_passes"":{},""use_cudagraph"":false,""cudagraph_num_of_warmups"":0,""cudagraph_capture_sizes"":[],""cudagraph_copy_inputs"":false,""full_cuda_graph"":false,""max_capture_size"":0,""local_cache_dir"":null}"
"C&D","C:\Users\407407\Desktop\vllm\github\MQA_FastPath\C&D\server_C_FP_OFF_MQA_ON_k4.log","server","C_FP_OFF_MQA_ON","4","count","883","350"
"C&D","C:\Users\407407\Desktop\vllm\github\MQA_FastPath\C&D\server_C_FP_OFF_MQA_ON_k4.log","server","C_FP_OFF_MQA_ON","4","decoding_config","46","DecodingConfig(backend='xgrammar'"
"C&D","C:\Users\407407\Desktop\vllm\github\MQA_FastPath\C&D\server_C_FP_OFF_MQA_ON_k4.log","server","C_FP_OFF_MQA_ON","4","description","238","f""XaaS"
"C&D","C:\Users\407407\Desktop\vllm\github\MQA_FastPath\C&D\server_C_FP_OFF_MQA_ON_k4.log","server","C_FP_OFF_MQA_ON","4","device_config","46","npu"
"C&D","C:\Users\407407\Desktop\vllm\github\MQA_FastPath\C&D\server_C_FP_OFF_MQA_ON_k4.log","server","C_FP_OFF_MQA_ON","4","disable_additional_properties","46","False"
"C&D","C:\Users\407407\Desktop\vllm\github\MQA_FastPath\C&D\server_C_FP_OFF_MQA_ON_k4.log","server","C_FP_OFF_MQA_ON","4","disable_any_whitespace","46","False"
"C&D","C:\Users\407407\Desktop\vllm\github\MQA_FastPath\C&D\server_C_FP_OFF_MQA_ON_k4.log","server","C_FP_OFF_MQA_ON","4","disable_custom_all_reduce","46","True"
"C&D","C:\Users\407407\Desktop\vllm\github\MQA_FastPath\C&D\server_C_FP_OFF_MQA_ON_k4.log","server","C_FP_OFF_MQA_ON","4","disable_fallback","46","False"
"C&D","C:\Users\407407\Desktop\vllm\github\MQA_FastPath\C&D\server_C_FP_OFF_MQA_ON_k4.log","server","C_FP_OFF_MQA_ON","4","download_dir","46","None"
"C&D","C:\Users\407407\Desktop\vllm\github\MQA_FastPath\C&D\server_C_FP_OFF_MQA_ON_k4.log","server","C_FP_OFF_MQA_ON","4","draft_tp","48","1"
"C&D","C:\Users\407407\Desktop\vllm\github\MQA_FastPath\C&D\server_C_FP_OFF_MQA_ON_k4.log","server","C_FP_OFF_MQA_ON","4","dtype","46","torch.bfloat16"
"C&D","C:\Users\407407\Desktop\vllm\github\MQA_FastPath\C&D\server_C_FP_OFF_MQA_ON_k4.log","server","C_FP_OFF_MQA_ON","4","element","201","{<Home"
"C&D","C:\Users\407407\Desktop\vllm\github\MQA_FastPath\C&D\server_C_FP_OFF_MQA_ON_k4.log","server","C_FP_OFF_MQA_ON","4","enable_prefix_caching","46","None"
"C&D","C:\Users\407407\Desktop\vllm\github\MQA_FastPath\C&D\server_C_FP_OFF_MQA_ON_k4.log","server","C_FP_OFF_MQA_ON","4","enforce_eager","46","True"
"C&D","C:\Users\407407\Desktop\vllm\github\MQA_FastPath\C&D\server_C_FP_OFF_MQA_ON_k4.log","server","C_FP_OFF_MQA_ON","4","extra_args","739","None)"
"C&D","C:\Users\407407\Desktop\vllm\github\MQA_FastPath\C&D\server_C_FP_OFF_MQA_ON_k4.log","server","C_FP_OFF_MQA_ON","4","fail_adapter","125","0"
"C&D","C:\Users\407407\Desktop\vllm\github\MQA_FastPath\C&D\server_C_FP_OFF_MQA_ON_k4.log","server","C_FP_OFF_MQA_ON","4","fail_backend","125","1"
"C&D","C:\Users\407407\Desktop\vllm\github\MQA_FastPath\C&D\server_C_FP_OFF_MQA_ON_k4.log","server","C_FP_OFF_MQA_ON","4","fail_disabled","125","0"
"C&D","C:\Users\407407\Desktop\vllm\github\MQA_FastPath\C&D\server_C_FP_OFF_MQA_ON_k4.log","server","C_FP_OFF_MQA_ON","4","fail_lora","125","0"
"C&D","C:\Users\407407\Desktop\vllm\github\MQA_FastPath\C&D\server_C_FP_OFF_MQA_ON_k4.log","server","C_FP_OFF_MQA_ON","4","fail_prompt","125","0"
"C&D","C:\Users\407407\Desktop\vllm\github\MQA_FastPath\C&D\server_C_FP_OFF_MQA_ON_k4.log","server","C_FP_OFF_MQA_ON","4","fixed","201","""top"""
"C&D","C:\Users\407407\Desktop\vllm\github\MQA_FastPath\C&D\server_C_FP_OFF_MQA_ON_k4.log","server","C_FP_OFF_MQA_ON","4","for","313","""file-name"">File"
"C&D","C:\Users\407407\Desktop\vllm\github\MQA_FastPath\C&D\server_C_FP_OFF_MQA_ON_k4.log","server","C_FP_OFF_MQA_ON","4","frequency_penalty","739","0.0"
"C&D","C:\Users\407407\Desktop\vllm\github\MQA_FastPath\C&D\server_C_FP_OFF_MQA_ON_k4.log","server","C_FP_OFF_MQA_ON","4","guided_decoding","739","None"
"C&D","C:\Users\407407\Desktop\vllm\github\MQA_FastPath\C&D\server_C_FP_OFF_MQA_ON_k4.log","server","C_FP_OFF_MQA_ON","4","high_k_occ","903","0.0594"
"C&D","C:\Users\407407\Desktop\vllm\github\MQA_FastPath\C&D\server_C_FP_OFF_MQA_ON_k4.log","server","C_FP_OFF_MQA_ON","4","hist","903","2:204,3:97,4:19"
"C&D","C:\Users\407407\Desktop\vllm\github\MQA_FastPath\C&D\server_C_FP_OFF_MQA_ON_k4.log","server","C_FP_OFF_MQA_ON","4","hs_ratio","902","0.0000"
"C&D","C:\Users\407407\Desktop\vllm\github\MQA_FastPath\C&D\server_C_FP_OFF_MQA_ON_k4.log","server","C_FP_OFF_MQA_ON","4","id","313","""file-name"""
"C&D","C:\Users\407407\Desktop\vllm\github\MQA_FastPath\C&D\server_C_FP_OFF_MQA_ON_k4.log","server","C_FP_OFF_MQA_ON","4","ignore_eos","739","False"
"C&D","C:\Users\407407\Desktop\vllm\github\MQA_FastPath\C&D\server_C_FP_OFF_MQA_ON_k4.log","server","C_FP_OFF_MQA_ON","4","include_stop_str_in_output","739","False"
"C&D","C:\Users\407407\Desktop\vllm\github\MQA_FastPath\C&D\server_C_FP_OFF_MQA_ON_k4.log","server","C_FP_OFF_MQA_ON","4","is_tp1_runner","124","True"
"C&D","C:\Users\407407\Desktop\vllm\github\MQA_FastPath\C&D\server_C_FP_OFF_MQA_ON_k4.log","server","C_FP_OFF_MQA_ON","4","iter_p95","902","358.703"
"C&D","C:\Users\407407\Desktop\vllm\github\MQA_FastPath\C&D\server_C_FP_OFF_MQA_ON_k4.log","server","C_FP_OFF_MQA_ON","4","k","901","2"
"C&D","C:\Users\407407\Desktop\vllm\github\MQA_FastPath\C&D\server_C_FP_OFF_MQA_ON_k4.log","server","C_FP_OFF_MQA_ON","4","kv_cache_dtype","46","auto"
"C&D","C:\Users\407407\Desktop\vllm\github\MQA_FastPath\C&D\server_C_FP_OFF_MQA_ON_k4.log","server","C_FP_OFF_MQA_ON","4","load_format","46","auto"
"C&D","C:\Users\407407\Desktop\vllm\github\MQA_FastPath\C&D\server_C_FP_OFF_MQA_ON_k4.log","server","C_FP_OFF_MQA_ON","4","logprobs","739","None"
"C&D","C:\Users\407407\Desktop\vllm\github\MQA_FastPath\C&D\server_C_FP_OFF_MQA_ON_k4.log","server","C_FP_OFF_MQA_ON","4","low","738","66%]"
"C&D","C:\Users\407407\Desktop\vllm\github\MQA_FastPath\C&D\server_C_FP_OFF_MQA_ON_k4.log","server","C_FP_OFF_MQA_ON","4","max_seq_len","46","8192"
"C&D","C:\Users\407407\Desktop\vllm\github\MQA_FastPath\C&D\server_C_FP_OFF_MQA_ON_k4.log","server","C_FP_OFF_MQA_ON","4","max_tokens","739","593"
"C&D","C:\Users\407407\Desktop\vllm\github\MQA_FastPath\C&D\server_C_FP_OFF_MQA_ON_k4.log","server","C_FP_OFF_MQA_ON","4","min_p","739","0.0"
"C&D","C:\Users\407407\Desktop\vllm\github\MQA_FastPath\C&D\server_C_FP_OFF_MQA_ON_k4.log","server","C_FP_OFF_MQA_ON","4","min_tokens","739","0"
"C&D","C:\Users\407407\Desktop\vllm\github\MQA_FastPath\C&D\server_C_FP_OFF_MQA_ON_k4.log","server","C_FP_OFF_MQA_ON","4","model","46","'/mnt/ky2307909/siyuan.tong/Qwen3-8B'"
"C&D","C:\Users\407407\Desktop\vllm\github\MQA_FastPath\C&D\server_C_FP_OFF_MQA_ON_k4.log","server","C_FP_OFF_MQA_ON","4","model_runner","124","<class 'vllm_ascend.worker.draft_model_runner.TP1DraftModelRunner'>"
"C&D","C:\Users\407407\Desktop\vllm\github\MQA_FastPath\C&D\server_C_FP_OFF_MQA_ON_k4.log","server","C_FP_OFF_MQA_ON","4","model_type","48","qwen3)"
"C&D","C:\Users\407407\Desktop\vllm\github\MQA_FastPath\C&D\server_C_FP_OFF_MQA_ON_k4.log","server","C_FP_OFF_MQA_ON","4","ms_hit","125","0"
"C&D","C:\Users\407407\Desktop\vllm\github\MQA_FastPath\C&D\server_C_FP_OFF_MQA_ON_k4.log","server","C_FP_OFF_MQA_ON","4","ms_total","125","1"
"C&D","C:\Users\407407\Desktop\vllm\github\MQA_FastPath\C&D\server_C_FP_OFF_MQA_ON_k4.log","server","C_FP_OFF_MQA_ON","4","multi_step_stream_outputs","46","True"
"C&D","C:\Users\407407\Desktop\vllm\github\MQA_FastPath\C&D\server_C_FP_OFF_MQA_ON_k4.log","server","C_FP_OFF_MQA_ON","4","n","739","1"
"C&D","C:\Users\407407\Desktop\vllm\github\MQA_FastPath\C&D\server_C_FP_OFF_MQA_ON_k4.log","server","C_FP_OFF_MQA_ON","4","name","313","""file-name""><br>\n"
"C&D","C:\Users\407407\Desktop\vllm\github\MQA_FastPath\C&D\server_C_FP_OFF_MQA_ON_k4.log","server","C_FP_OFF_MQA_ON","4","new_protected_value","454","\'other\'"
"C&D","C:\Users\407407\Desktop\vllm\github\MQA_FastPath\C&D\server_C_FP_OFF_MQA_ON_k4.log","server","C_FP_OFF_MQA_ON","4","ntext","285","[\'Dear   Support   team, \\\\n\\\\nRequest   you   to   please   install   VM   ware   Horizon   client   for  access to   client system.   Attaching   document   received   from   client   (Alix   partners)   for reference.\\\\n\\\\nclient   URL: https://portal.alixpartners.com\\\\nVMare-Horizon-Client-2212-8.8.-21079405\\\\n\\\\Thanks,InSrikanth   P\',\n""I   am   logging   this   request   on  be   half   of  Mahendra   Posham,   he   is   from  my   team.   he   is   facing   error   while setting   up  his   laptop.he   is facing   \'The  securtiy   database   on  the   server   does   not   have  a  computer account   for this   workstatition   trust   relationship\'   error   .     I   have   provided   his   no  below   can  you   plese call   him   up  to   understand   the   issue.    \\\\nhis   email   I\'d   is posham.mahendra\\\\n   laptopID:   ITL-HW-LAPTOP脗\\x95\\n000000441525  \\\\nmobile   no:  9573607244    \\\\n   "",\n\'Hi   there\n```', params: SamplingParams(n=1, presence_penalty=0.0, frequency_penalty=0.0, repetition_penalty=1.0, temperature=0.0, top_p=1.0, top_k=0, min_p=0.0, seed=None, stop=[]"
"C&D","C:\Users\407407\Desktop\vllm\github\MQA_FastPath\C&D\server_C_FP_OFF_MQA_ON_k4.log","server","C_FP_OFF_MQA_ON","4","num_scheduler_steps","46","1"
"C&D","C:\Users\407407\Desktop\vllm\github\MQA_FastPath\C&D\server_C_FP_OFF_MQA_ON_k4.log","server","C_FP_OFF_MQA_ON","4","num_spec_tokens","46","4)"
"C&D","C:\Users\407407\Desktop\vllm\github\MQA_FastPath\C&D\server_C_FP_OFF_MQA_ON_k4.log","server","C_FP_OFF_MQA_ON","4","observability_config","46","ObservabilityConfig(show_hidden_metrics_for_version=None"
"C&D","C:\Users\407407\Desktop\vllm\github\MQA_FastPath\C&D\server_C_FP_OFF_MQA_ON_k4.log","server","C_FP_OFF_MQA_ON","4","otlp_traces_endpoint","46","None"
"C&D","C:\Users\407407\Desktop\vllm\github\MQA_FastPath\C&D\server_C_FP_OFF_MQA_ON_k4.log","server","C_FP_OFF_MQA_ON","4","override_neuron_config","46","{}"
"C&D","C:\Users\407407\Desktop\vllm\github\MQA_FastPath\C&D\server_C_FP_OFF_MQA_ON_k4.log","server","C_FP_OFF_MQA_ON","4","overwrite","589","true)"";\n\nusing"
"C&D","C:\Users\407407\Desktop\vllm\github\MQA_FastPath\C&D\server_C_FP_OFF_MQA_ON_k4.log","server","C_FP_OFF_MQA_ON","4","overwrites","724","{ctx.guild.default_role:"
"C&D","C:\Users\407407\Desktop\vllm\github\MQA_FastPath\C&D\server_C_FP_OFF_MQA_ON_k4.log","server","C_FP_OFF_MQA_ON","4","path","201","""/"""
"C&D","C:\Users\407407\Desktop\vllm\github\MQA_FastPath\C&D\server_C_FP_OFF_MQA_ON_k4.log","server","C_FP_OFF_MQA_ON","4","pipeline_parallel_size","46","1"
"C&D","C:\Users\407407\Desktop\vllm\github\MQA_FastPath\C&D\server_C_FP_OFF_MQA_ON_k4.log","server","C_FP_OFF_MQA_ON","4","pooler_config","46","None"
"C&D","C:\Users\407407\Desktop\vllm\github\MQA_FastPath\C&D\server_C_FP_OFF_MQA_ON_k4.log","server","C_FP_OFF_MQA_ON","4","pos2","856","0.2667"
"C&D","C:\Users\407407\Desktop\vllm\github\MQA_FastPath\C&D\server_C_FP_OFF_MQA_ON_k4.log","server","C_FP_OFF_MQA_ON","4","pos3","856","0.2667"
"C&D","C:\Users\407407\Desktop\vllm\github\MQA_FastPath\C&D\server_C_FP_OFF_MQA_ON_k4.log","server","C_FP_OFF_MQA_ON","4","pos4","856","0.2667"
"C&D","C:\Users\407407\Desktop\vllm\github\MQA_FastPath\C&D\server_C_FP_OFF_MQA_ON_k4.log","server","C_FP_OFF_MQA_ON","4","presence_penalty","739","0.0"
"C&D","C:\Users\407407\Desktop\vllm\github\MQA_FastPath\C&D\server_C_FP_OFF_MQA_ON_k4.log","server","C_FP_OFF_MQA_ON","4","prompt_logprobs","739","None"
"C&D","C:\Users\407407\Desktop\vllm\github\MQA_FastPath\C&D\server_C_FP_OFF_MQA_ON_k4.log","server","C_FP_OFF_MQA_ON","4","proposer","50","<class 'vllm.spec_decode.multi_step_worker.MultiStepWorker'>"
"C&D","C:\Users\407407\Desktop\vllm\github\MQA_FastPath\C&D\server_C_FP_OFF_MQA_ON_k4.log","server","C_FP_OFF_MQA_ON","4","protected_attribute","454","\'gender\'"
"C&D","C:\Users\407407\Desktop\vllm\github\MQA_FastPath\C&D\server_C_FP_OFF_MQA_ON_k4.log","server","C_FP_OFF_MQA_ON","4","q","856","30"
"C&D","C:\Users\407407\Desktop\vllm\github\MQA_FastPath\C&D\server_C_FP_OFF_MQA_ON_k4.log","server","C_FP_OFF_MQA_ON","4","quantization","46","None"
"C&D","C:\Users\407407\Desktop\vllm\github\MQA_FastPath\C&D\server_C_FP_OFF_MQA_ON_k4.log","server","C_FP_OFF_MQA_ON","4","reasoning_backend","46","'')"
"C&D","C:\Users\407407\Desktop\vllm\github\MQA_FastPath\C&D\server_C_FP_OFF_MQA_ON_k4.log","server","C_FP_OFF_MQA_ON","4","repetition_penalty","739","1.0"
"C&D","C:\Users\407407\Desktop\vllm\github\MQA_FastPath\C&D\server_C_FP_OFF_MQA_ON_k4.log","server","C_FP_OFF_MQA_ON","4","revision","46","None"
"C&D","C:\Users\407407\Desktop\vllm\github\MQA_FastPath\C&D\server_C_FP_OFF_MQA_ON_k4.log","server","C_FP_OFF_MQA_ON","4","runner_cls","48","<class 'vllm_ascend.worker.draft_model_runner.TP1DraftModelRunner'>"
"C&D","C:\Users\407407\Desktop\vllm\github\MQA_FastPath\C&D\server_C_FP_OFF_MQA_ON_k4.log","server","C_FP_OFF_MQA_ON","4","sample_len","124","4"
"C&D","C:\Users\407407\Desktop\vllm\github\MQA_FastPath\C&D\server_C_FP_OFF_MQA_ON_k4.log","server","C_FP_OFF_MQA_ON","4","sampler","52","<class 'vllm.model_executor.layers.rejection_sampler.RejectionSampler'>"
"C&D","C:\Users\407407\Desktop\vllm\github\MQA_FastPath\C&D\server_C_FP_OFF_MQA_ON_k4.log","server","C_FP_OFF_MQA_ON","4","schedule","161","60"
"C&D","C:\Users\407407\Desktop\vllm\github\MQA_FastPath\C&D\server_C_FP_OFF_MQA_ON_k4.log","server","C_FP_OFF_MQA_ON","4","scoring_time_ms","895","84.44"
"C&D","C:\Users\407407\Desktop\vllm\github\MQA_FastPath\C&D\server_C_FP_OFF_MQA_ON_k4.log","server","C_FP_OFF_MQA_ON","4","seed","739","None"
"C&D","C:\Users\407407\Desktop\vllm\github\MQA_FastPath\C&D\server_C_FP_OFF_MQA_ON_k4.log","server","C_FP_OFF_MQA_ON","4","send_messages","724","False"
"C&D","C:\Users\407407\Desktop\vllm\github\MQA_FastPath\C&D\server_C_FP_OFF_MQA_ON_k4.log","server","C_FP_OFF_MQA_ON","4","served_model_name","46","qwen3-8B"
"C&D","C:\Users\407407\Desktop\vllm\github\MQA_FastPath\C&D\server_C_FP_OFF_MQA_ON_k4.log","server","C_FP_OFF_MQA_ON","4","skip_special_tokens","739","True"
"C&D","C:\Users\407407\Desktop\vllm\github\MQA_FastPath\C&D\server_C_FP_OFF_MQA_ON_k4.log","server","C_FP_OFF_MQA_ON","4","skip_tokenizer_init","46","False"
"C&D","C:\Users\407407\Desktop\vllm\github\MQA_FastPath\C&D\server_C_FP_OFF_MQA_ON_k4.log","server","C_FP_OFF_MQA_ON","4","spaces_between_special_tokens","739","True"
"C&D","C:\Users\407407\Desktop\vllm\github\MQA_FastPath\C&D\server_C_FP_OFF_MQA_ON_k4.log","server","C_FP_OFF_MQA_ON","4","speculative_config","46","SpeculativeConfig(method='draft_model'"
"C&D","C:\Users\407407\Desktop\vllm\github\MQA_FastPath\C&D\server_C_FP_OFF_MQA_ON_k4.log","server","C_FP_OFF_MQA_ON","4","step_accept","901","[1.0, 0.9918]"
"C&D","C:\Users\407407\Desktop\vllm\github\MQA_FastPath\C&D\server_C_FP_OFF_MQA_ON_k4.log","server","C_FP_OFF_MQA_ON","4","stop","739","[]"
"C&D","C:\Users\407407\Desktop\vllm\github\MQA_FastPath\C&D\server_C_FP_OFF_MQA_ON_k4.log","server","C_FP_OFF_MQA_ON","4","stop_token_ids","739","[]"
"C&D","C:\Users\407407\Desktop\vllm\github\MQA_FastPath\C&D\server_C_FP_OFF_MQA_ON_k4.log","server","C_FP_OFF_MQA_ON","4","supports_gpu_multi_step","126","False."
"C&D","C:\Users\407407\Desktop\vllm\github\MQA_FastPath\C&D\server_C_FP_OFF_MQA_ON_k4.log","server","C_FP_OFF_MQA_ON","4","switch_per_min","903","12.4246"
"C&D","C:\Users\407407\Desktop\vllm\github\MQA_FastPath\C&D\server_C_FP_OFF_MQA_ON_k4.log","server","C_FP_OFF_MQA_ON","4","target_tp","48","1"
"C&D","C:\Users\407407\Desktop\vllm\github\MQA_FastPath\C&D\server_C_FP_OFF_MQA_ON_k4.log","server","C_FP_OFF_MQA_ON","4","temperature","739","0.0"
"C&D","C:\Users\407407\Desktop\vllm\github\MQA_FastPath\C&D\server_C_FP_OFF_MQA_ON_k4.log","server","C_FP_OFF_MQA_ON","4","tensor_parallel_size","46","1"
"C&D","C:\Users\407407\Desktop\vllm\github\MQA_FastPath\C&D\server_C_FP_OFF_MQA_ON_k4.log","server","C_FP_OFF_MQA_ON","4","threshold","454","0.5):\n"
"C&D","C:\Users\407407\Desktop\vllm\github\MQA_FastPath\C&D\server_C_FP_OFF_MQA_ON_k4.log","server","C_FP_OFF_MQA_ON","4","throughput_tps","902","252.322"
"C&D","C:\Users\407407\Desktop\vllm\github\MQA_FastPath\C&D\server_C_FP_OFF_MQA_ON_k4.log","server","C_FP_OFF_MQA_ON","4","to","201","""/"">\n"
"C&D","C:\Users\407407\Desktop\vllm\github\MQA_FastPath\C&D\server_C_FP_OFF_MQA_ON_k4.log","server","C_FP_OFF_MQA_ON","4","tokenizer","46","'/mnt/ky2307909/siyuan.tong/Qwen3-8B'"
"C&D","C:\Users\407407\Desktop\vllm\github\MQA_FastPath\C&D\server_C_FP_OFF_MQA_ON_k4.log","server","C_FP_OFF_MQA_ON","4","tokenizer_mode","46","auto"
"C&D","C:\Users\407407\Desktop\vllm\github\MQA_FastPath\C&D\server_C_FP_OFF_MQA_ON_k4.log","server","C_FP_OFF_MQA_ON","4","tokenizer_revision","46","None"
"C&D","C:\Users\407407\Desktop\vllm\github\MQA_FastPath\C&D\server_C_FP_OFF_MQA_ON_k4.log","server","C_FP_OFF_MQA_ON","4","top_k","739","0"
"C&D","C:\Users\407407\Desktop\vllm\github\MQA_FastPath\C&D\server_C_FP_OFF_MQA_ON_k4.log","server","C_FP_OFF_MQA_ON","4","top_p","739","1.0"
"C&D","C:\Users\407407\Desktop\vllm\github\MQA_FastPath\C&D\server_C_FP_OFF_MQA_ON_k4.log","server","C_FP_OFF_MQA_ON","4","truncate_prompt_tokens","739","None"
"C&D","C:\Users\407407\Desktop\vllm\github\MQA_FastPath\C&D\server_C_FP_OFF_MQA_ON_k4.log","server","C_FP_OFF_MQA_ON","4","trust_remote_code","46","True"
"C&D","C:\Users\407407\Desktop\vllm\github\MQA_FastPath\C&D\server_C_FP_OFF_MQA_ON_k4.log","server","C_FP_OFF_MQA_ON","4","type","313","""text"""
"C&D","C:\Users\407407\Desktop\vllm\github\MQA_FastPath\C&D\server_C_FP_OFF_MQA_ON_k4.log","server","C_FP_OFF_MQA_ON","4","url","589","\'your-file-name.txt\'"
"C&D","C:\Users\407407\Desktop\vllm\github\MQA_FastPath\C&D\server_C_FP_OFF_MQA_ON_k4.log","server","C_FP_OFF_MQA_ON","4","use_async_output_proc","46","False"
"C&D","C:\Users\407407\Desktop\vllm\github\MQA_FastPath\C&D\server_C_FP_OFF_MQA_ON_k4.log","server","C_FP_OFF_MQA_ON","4","use_cached_outputs","46","True"
"C&D","C:\Users\407407\Desktop\vllm\github\MQA_FastPath\C&D\server_C_FP_OFF_MQA_ON_k4.log","server","C_FP_OFF_MQA_ON","4","value","313","""Download"">\n</form>\n```\nThis"
"C&D","C:\Users\407407\Desktop\vllm\github\MQA_FastPath\C&D\server_C_FP_OFF_MQA_ON_k4.log","server","C_FP_OFF_MQA_ON","4","variant","201","""primary"">Post</Button>\n"
"C&D","C:\Users\407407\Desktop\vllm\github\MQA_FastPath\C&D\server_C_FP_OFF_MQA_ON_k4.log","server","C_FP_OFF_MQA_ON","4","verification_time_ms","895","5.14"
"C&D","C:\Users\407407\Desktop\vllm\github\MQA_FastPath\C&D\server_C_FP_OFF_MQA_ON_k4.log","server","C_FP_OFF_MQA_ON","4","view_channel","724","False)"
"C&D","C:\Users\407407\Desktop\vllm\github\MQA_FastPath\C&D\server_C_FP_OFF_MQA_ON_k4.log","server","C_FP_OFF_MQA_ON","4","vpcs","238","[]"
"C&D","C:\Users\407407\Desktop\vllm\github\MQA_FastPath\C&D\server_C_FP_OFF_MQA_ON_k4.log","server","C_FP_OFF_MQA_ON","4","W","608","X+Y'"
"C&D","C:\Users\407407\Desktop\vllm\github\MQA_FastPath\C&D\server_C_FP_OFF_MQA_ON_k4.log","server","C_FP_OFF_MQA_ON","4","waste","856","0.4889"
"C&D","C:\Users\407407\Desktop\vllm\github\MQA_FastPath\C&D\server_C_FP_OFF_MQA_ON_k4.log","server","C_FP_OFF_MQA_ON","4","waste_ratio","901","0.0041"
"C&D","C:\Users\407407\Desktop\vllm\github\MQA_FastPath\C&D\server_C_FP_OFF_MQA_ON_k8.log","server","C_FP_OFF_MQA_ON","8","_id","240","request\\_id\n"
"C&D","C:\Users\407407\Desktop\vllm\github\MQA_FastPath\C&D\server_C_FP_OFF_MQA_ON_k8.log","server","C_FP_OFF_MQA_ON","8","_name","240","""vpc-xaas"",\n"
"C&D","C:\Users\407407\Desktop\vllm\github\MQA_FastPath\C&D\server_C_FP_OFF_MQA_ON_k8.log","server","C_FP_OFF_MQA_ON","8","_node","749","2]""\n"
"C&D","C:\Users\407407\Desktop\vllm\github\MQA_FastPath\C&D\server_C_FP_OFF_MQA_ON_k8.log","server","C_FP_OFF_MQA_ON","8","_type","240","project\\_type,\n"
"C&D","C:\Users\407407\Desktop\vllm\github\MQA_FastPath\C&D\server_C_FP_OFF_MQA_ON_k8.log","server","C_FP_OFF_MQA_ON","8","accept","886","0.8160"
"C&D","C:\Users\407407\Desktop\vllm\github\MQA_FastPath\C&D\server_C_FP_OFF_MQA_ON_k8.log","server","C_FP_OFF_MQA_ON","8","accept_no_hs","886","0.8160"
"C&D","C:\Users\407407\Desktop\vllm\github\MQA_FastPath\C&D\server_C_FP_OFF_MQA_ON_k8.log","server","C_FP_OFF_MQA_ON","8","accept_with_hs","886","0.0000"
"C&D","C:\Users\407407\Desktop\vllm\github\MQA_FastPath\C&D\server_C_FP_OFF_MQA_ON_k8.log","server","C_FP_OFF_MQA_ON","8","as","200","{Link}"
"C&D","C:\Users\407407\Desktop\vllm\github\MQA_FastPath\C&D\server_C_FP_OFF_MQA_ON_k8.log","server","C_FP_OFF_MQA_ON","8","average_time_per_proposal_tok_ms","888","66.19"
"C&D","C:\Users\407407\Desktop\vllm\github\MQA_FastPath\C&D\server_C_FP_OFF_MQA_ON_k8.log","server","C_FP_OFF_MQA_ON","8","avg_execute_total_ms","877","70.13"
"C&D","C:\Users\407407\Desktop\vllm\github\MQA_FastPath\C&D\server_C_FP_OFF_MQA_ON_k8.log","server","C_FP_OFF_MQA_ON","8","avg_forward_ms","877","63.34"
"C&D","C:\Users\407407\Desktop\vllm\github\MQA_FastPath\C&D\server_C_FP_OFF_MQA_ON_k8.log","server","C_FP_OFF_MQA_ON","8","avg_logits_ms","877","1.55"
"C&D","C:\Users\407407\Desktop\vllm\github\MQA_FastPath\C&D\server_C_FP_OFF_MQA_ON_k8.log","server","C_FP_OFF_MQA_ON","8","avg_sampler_ms","877","5.19"
"C&D","C:\Users\407407\Desktop\vllm\github\MQA_FastPath\C&D\server_C_FP_OFF_MQA_ON_k8.log","server","C_FP_OFF_MQA_ON","8","axis","450","1)\n"
"C&D","C:\Users\407407\Desktop\vllm\github\MQA_FastPath\C&D\server_C_FP_OFF_MQA_ON_k8.log","server","C_FP_OFF_MQA_ON","8","backend","53","ASCEND"
"C&D","C:\Users\407407\Desktop\vllm\github\MQA_FastPath\C&D\server_C_FP_OFF_MQA_ON_k8.log","server","C_FP_OFF_MQA_ON","8","bad_words","750","[]"
"C&D","C:\Users\407407\Desktop\vllm\github\MQA_FastPath\C&D\server_C_FP_OFF_MQA_ON_k8.log","server","C_FP_OFF_MQA_ON","8","bg","200","""light"""
"C&D","C:\Users\407407\Desktop\vllm\github\MQA_FastPath\C&D\server_C_FP_OFF_MQA_ON_k8.log","server","C_FP_OFF_MQA_ON","8","cap","843","4)"
"C&D","C:\Users\407407\Desktop\vllm\github\MQA_FastPath\C&D\server_C_FP_OFF_MQA_ON_k8.log","server","C_FP_OFF_MQA_ON","8","capability","53","ASCEND,FLASH_ATTN)."
"C&D","C:\Users\407407\Desktop\vllm\github\MQA_FastPath\C&D\server_C_FP_OFF_MQA_ON_k8.log","server","C_FP_OFF_MQA_ON","8","category","727","None"
"C&D","C:\Users\407407\Desktop\vllm\github\MQA_FastPath\C&D\server_C_FP_OFF_MQA_ON_k8.log","server","C_FP_OFF_MQA_ON","8","chunked_prefill_enabled","46","False"
"C&D","C:\Users\407407\Desktop\vllm\github\MQA_FastPath\C&D\server_C_FP_OFF_MQA_ON_k8.log","server","C_FP_OFF_MQA_ON","8","className","200","""py-3"">\n"
"C&D","C:\Users\407407\Desktop\vllm\github\MQA_FastPath\C&D\server_C_FP_OFF_MQA_ON_k8.log","server","C_FP_OFF_MQA_ON","8","collect_detailed_traces","46","None)"
"C&D","C:\Users\407407\Desktop\vllm\github\MQA_FastPath\C&D\server_C_FP_OFF_MQA_ON_k8.log","server","C_FP_OFF_MQA_ON","8","compilation_config","46","{""level"":0,""debug_dump_path"":"""",""cache_dir"":"""",""backend"":"""",""custom_ops"":[],""splitting_ops"":[],""use_inductor"":true,""compile_sizes"":[],""inductor_compile_config"":{},""inductor_passes"":{},""use_cudagraph"":false,""cudagraph_num_of_warmups"":0,""cudagraph_capture_sizes"":[],""cudagraph_copy_inputs"":false,""full_cuda_graph"":false,""max_capture_size"":0,""local_cache_dir"":null}"
"C&D","C:\Users\407407\Desktop\vllm\github\MQA_FastPath\C&D\server_C_FP_OFF_MQA_ON_k8.log","server","C_FP_OFF_MQA_ON","8","count","877","350"
"C&D","C:\Users\407407\Desktop\vllm\github\MQA_FastPath\C&D\server_C_FP_OFF_MQA_ON_k8.log","server","C_FP_OFF_MQA_ON","8","decoding_config","46","DecodingConfig(backend='xgrammar'"
"C&D","C:\Users\407407\Desktop\vllm\github\MQA_FastPath\C&D\server_C_FP_OFF_MQA_ON_k8.log","server","C_FP_OFF_MQA_ON","8","description","240","f""XaaS"
"C&D","C:\Users\407407\Desktop\vllm\github\MQA_FastPath\C&D\server_C_FP_OFF_MQA_ON_k8.log","server","C_FP_OFF_MQA_ON","8","device_config","46","npu"
"C&D","C:\Users\407407\Desktop\vllm\github\MQA_FastPath\C&D\server_C_FP_OFF_MQA_ON_k8.log","server","C_FP_OFF_MQA_ON","8","disable_additional_properties","46","False"
"C&D","C:\Users\407407\Desktop\vllm\github\MQA_FastPath\C&D\server_C_FP_OFF_MQA_ON_k8.log","server","C_FP_OFF_MQA_ON","8","disable_any_whitespace","46","False"
"C&D","C:\Users\407407\Desktop\vllm\github\MQA_FastPath\C&D\server_C_FP_OFF_MQA_ON_k8.log","server","C_FP_OFF_MQA_ON","8","disable_custom_all_reduce","46","True"
"C&D","C:\Users\407407\Desktop\vllm\github\MQA_FastPath\C&D\server_C_FP_OFF_MQA_ON_k8.log","server","C_FP_OFF_MQA_ON","8","disable_fallback","46","False"
"C&D","C:\Users\407407\Desktop\vllm\github\MQA_FastPath\C&D\server_C_FP_OFF_MQA_ON_k8.log","server","C_FP_OFF_MQA_ON","8","download_dir","46","None"
"C&D","C:\Users\407407\Desktop\vllm\github\MQA_FastPath\C&D\server_C_FP_OFF_MQA_ON_k8.log","server","C_FP_OFF_MQA_ON","8","draft_tp","48","1"
"C&D","C:\Users\407407\Desktop\vllm\github\MQA_FastPath\C&D\server_C_FP_OFF_MQA_ON_k8.log","server","C_FP_OFF_MQA_ON","8","dtype","46","torch.bfloat16"
"C&D","C:\Users\407407\Desktop\vllm\github\MQA_FastPath\C&D\server_C_FP_OFF_MQA_ON_k8.log","server","C_FP_OFF_MQA_ON","8","element","200","{<Home"
"C&D","C:\Users\407407\Desktop\vllm\github\MQA_FastPath\C&D\server_C_FP_OFF_MQA_ON_k8.log","server","C_FP_OFF_MQA_ON","8","enable_prefix_caching","46","None"
"C&D","C:\Users\407407\Desktop\vllm\github\MQA_FastPath\C&D\server_C_FP_OFF_MQA_ON_k8.log","server","C_FP_OFF_MQA_ON","8","enforce_eager","46","True"
"C&D","C:\Users\407407\Desktop\vllm\github\MQA_FastPath\C&D\server_C_FP_OFF_MQA_ON_k8.log","server","C_FP_OFF_MQA_ON","8","extra_args","750","None)"
"C&D","C:\Users\407407\Desktop\vllm\github\MQA_FastPath\C&D\server_C_FP_OFF_MQA_ON_k8.log","server","C_FP_OFF_MQA_ON","8","fail_adapter","125","0"
"C&D","C:\Users\407407\Desktop\vllm\github\MQA_FastPath\C&D\server_C_FP_OFF_MQA_ON_k8.log","server","C_FP_OFF_MQA_ON","8","fail_backend","125","1"
"C&D","C:\Users\407407\Desktop\vllm\github\MQA_FastPath\C&D\server_C_FP_OFF_MQA_ON_k8.log","server","C_FP_OFF_MQA_ON","8","fail_disabled","125","0"
"C&D","C:\Users\407407\Desktop\vllm\github\MQA_FastPath\C&D\server_C_FP_OFF_MQA_ON_k8.log","server","C_FP_OFF_MQA_ON","8","fail_lora","125","0"
"C&D","C:\Users\407407\Desktop\vllm\github\MQA_FastPath\C&D\server_C_FP_OFF_MQA_ON_k8.log","server","C_FP_OFF_MQA_ON","8","fail_prompt","125","0"
"C&D","C:\Users\407407\Desktop\vllm\github\MQA_FastPath\C&D\server_C_FP_OFF_MQA_ON_k8.log","server","C_FP_OFF_MQA_ON","8","fixed","200","""top"""
"C&D","C:\Users\407407\Desktop\vllm\github\MQA_FastPath\C&D\server_C_FP_OFF_MQA_ON_k8.log","server","C_FP_OFF_MQA_ON","8","for","312","""file-name"">File"
"C&D","C:\Users\407407\Desktop\vllm\github\MQA_FastPath\C&D\server_C_FP_OFF_MQA_ON_k8.log","server","C_FP_OFF_MQA_ON","8","frequency_penalty","750","0.0"
"C&D","C:\Users\407407\Desktop\vllm\github\MQA_FastPath\C&D\server_C_FP_OFF_MQA_ON_k8.log","server","C_FP_OFF_MQA_ON","8","guided_decoding","750","None"
"C&D","C:\Users\407407\Desktop\vllm\github\MQA_FastPath\C&D\server_C_FP_OFF_MQA_ON_k8.log","server","C_FP_OFF_MQA_ON","8","high_k_occ","887","0.0400"
"C&D","C:\Users\407407\Desktop\vllm\github\MQA_FastPath\C&D\server_C_FP_OFF_MQA_ON_k8.log","server","C_FP_OFF_MQA_ON","8","hist","887","2:185,3:103,4:12"
"C&D","C:\Users\407407\Desktop\vllm\github\MQA_FastPath\C&D\server_C_FP_OFF_MQA_ON_k8.log","server","C_FP_OFF_MQA_ON","8","hs_ratio","886","0.0000"
"C&D","C:\Users\407407\Desktop\vllm\github\MQA_FastPath\C&D\server_C_FP_OFF_MQA_ON_k8.log","server","C_FP_OFF_MQA_ON","8","id","312","""file-name"""
"C&D","C:\Users\407407\Desktop\vllm\github\MQA_FastPath\C&D\server_C_FP_OFF_MQA_ON_k8.log","server","C_FP_OFF_MQA_ON","8","ignore_eos","750","False"
"C&D","C:\Users\407407\Desktop\vllm\github\MQA_FastPath\C&D\server_C_FP_OFF_MQA_ON_k8.log","server","C_FP_OFF_MQA_ON","8","include_stop_str_in_output","750","False"
"C&D","C:\Users\407407\Desktop\vllm\github\MQA_FastPath\C&D\server_C_FP_OFF_MQA_ON_k8.log","server","C_FP_OFF_MQA_ON","8","is_tp1_runner","124","True"
"C&D","C:\Users\407407\Desktop\vllm\github\MQA_FastPath\C&D\server_C_FP_OFF_MQA_ON_k8.log","server","C_FP_OFF_MQA_ON","8","iter_p95","886","333.035"
"C&D","C:\Users\407407\Desktop\vllm\github\MQA_FastPath\C&D\server_C_FP_OFF_MQA_ON_k8.log","server","C_FP_OFF_MQA_ON","8","k","889","2"
"C&D","C:\Users\407407\Desktop\vllm\github\MQA_FastPath\C&D\server_C_FP_OFF_MQA_ON_k8.log","server","C_FP_OFF_MQA_ON","8","kv_cache_dtype","46","auto"
"C&D","C:\Users\407407\Desktop\vllm\github\MQA_FastPath\C&D\server_C_FP_OFF_MQA_ON_k8.log","server","C_FP_OFF_MQA_ON","8","load_format","46","auto"
"C&D","C:\Users\407407\Desktop\vllm\github\MQA_FastPath\C&D\server_C_FP_OFF_MQA_ON_k8.log","server","C_FP_OFF_MQA_ON","8","logprobs","750","None"
"C&D","C:\Users\407407\Desktop\vllm\github\MQA_FastPath\C&D\server_C_FP_OFF_MQA_ON_k8.log","server","C_FP_OFF_MQA_ON","8","low","749","66%]"
"C&D","C:\Users\407407\Desktop\vllm\github\MQA_FastPath\C&D\server_C_FP_OFF_MQA_ON_k8.log","server","C_FP_OFF_MQA_ON","8","max_seq_len","46","8192"
"C&D","C:\Users\407407\Desktop\vllm\github\MQA_FastPath\C&D\server_C_FP_OFF_MQA_ON_k8.log","server","C_FP_OFF_MQA_ON","8","max_tokens","750","593"
"C&D","C:\Users\407407\Desktop\vllm\github\MQA_FastPath\C&D\server_C_FP_OFF_MQA_ON_k8.log","server","C_FP_OFF_MQA_ON","8","min_p","750","0.0"
"C&D","C:\Users\407407\Desktop\vllm\github\MQA_FastPath\C&D\server_C_FP_OFF_MQA_ON_k8.log","server","C_FP_OFF_MQA_ON","8","min_tokens","750","0"
"C&D","C:\Users\407407\Desktop\vllm\github\MQA_FastPath\C&D\server_C_FP_OFF_MQA_ON_k8.log","server","C_FP_OFF_MQA_ON","8","model","46","'/mnt/ky2307909/siyuan.tong/Qwen3-8B'"
"C&D","C:\Users\407407\Desktop\vllm\github\MQA_FastPath\C&D\server_C_FP_OFF_MQA_ON_k8.log","server","C_FP_OFF_MQA_ON","8","model_runner","124","<class 'vllm_ascend.worker.draft_model_runner.TP1DraftModelRunner'>"
"C&D","C:\Users\407407\Desktop\vllm\github\MQA_FastPath\C&D\server_C_FP_OFF_MQA_ON_k8.log","server","C_FP_OFF_MQA_ON","8","model_type","48","qwen3)"
"C&D","C:\Users\407407\Desktop\vllm\github\MQA_FastPath\C&D\server_C_FP_OFF_MQA_ON_k8.log","server","C_FP_OFF_MQA_ON","8","ms_hit","125","0"
"C&D","C:\Users\407407\Desktop\vllm\github\MQA_FastPath\C&D\server_C_FP_OFF_MQA_ON_k8.log","server","C_FP_OFF_MQA_ON","8","ms_total","125","1"
"C&D","C:\Users\407407\Desktop\vllm\github\MQA_FastPath\C&D\server_C_FP_OFF_MQA_ON_k8.log","server","C_FP_OFF_MQA_ON","8","multi_step_stream_outputs","46","True"
"C&D","C:\Users\407407\Desktop\vllm\github\MQA_FastPath\C&D\server_C_FP_OFF_MQA_ON_k8.log","server","C_FP_OFF_MQA_ON","8","n","750","1"
"C&D","C:\Users\407407\Desktop\vllm\github\MQA_FastPath\C&D\server_C_FP_OFF_MQA_ON_k8.log","server","C_FP_OFF_MQA_ON","8","name","312","""file-name""><br>\n"
"C&D","C:\Users\407407\Desktop\vllm\github\MQA_FastPath\C&D\server_C_FP_OFF_MQA_ON_k8.log","server","C_FP_OFF_MQA_ON","8","new_protected_value","450","\'other\'"
"C&D","C:\Users\407407\Desktop\vllm\github\MQA_FastPath\C&D\server_C_FP_OFF_MQA_ON_k8.log","server","C_FP_OFF_MQA_ON","8","ntext","285","[\'Dear   Support   team, \\\\n\\\\nRequest   you   to   please   install   VM   ware   Horizon   client   for  access to   client system.   Attaching   document   received   from   client   (Alix   partners)   for reference.\\\\n\\\\nclient   URL: https://portal.alixpartners.com\\\\nVMare-Horizon-Client-2212-8.8.-21079405\\\\n\\\\Thanks,InSrikanth   P\',\n""I   am   logging   this   request   on  be   half   of  Mahendra   Posham,   he   is   from  my   team.   he   is   facing   error   while setting   up  his   laptop.he   is facing   \'The  securtiy   database   on  the   server   does   not   have  a  computer account   for this   workstatition   trust   relationship\'   error   .     I   have   provided   his   no  below   can  you   plese call   him   up  to   understand   the   issue.    \\\\nhis   email   I\'d   is posham.mahendra\\\\n   laptopID:   ITL-HW-LAPTOP脗\\x95\\n000000441525  \\\\nmobile   no:  9573607244    \\\\n   "",\n\'Hi   there\n```', params: SamplingParams(n=1, presence_penalty=0.0, frequency_penalty=0.0, repetition_penalty=1.0, temperature=0.0, top_p=1.0, top_k=0, min_p=0.0, seed=None, stop=[]"
"C&D","C:\Users\407407\Desktop\vllm\github\MQA_FastPath\C&D\server_C_FP_OFF_MQA_ON_k8.log","server","C_FP_OFF_MQA_ON","8","num_scheduler_steps","46","1"
"C&D","C:\Users\407407\Desktop\vllm\github\MQA_FastPath\C&D\server_C_FP_OFF_MQA_ON_k8.log","server","C_FP_OFF_MQA_ON","8","num_spec_tokens","46","8)"
"C&D","C:\Users\407407\Desktop\vllm\github\MQA_FastPath\C&D\server_C_FP_OFF_MQA_ON_k8.log","server","C_FP_OFF_MQA_ON","8","observability_config","46","ObservabilityConfig(show_hidden_metrics_for_version=None"
"C&D","C:\Users\407407\Desktop\vllm\github\MQA_FastPath\C&D\server_C_FP_OFF_MQA_ON_k8.log","server","C_FP_OFF_MQA_ON","8","otlp_traces_endpoint","46","None"
"C&D","C:\Users\407407\Desktop\vllm\github\MQA_FastPath\C&D\server_C_FP_OFF_MQA_ON_k8.log","server","C_FP_OFF_MQA_ON","8","override_neuron_config","46","{}"
"C&D","C:\Users\407407\Desktop\vllm\github\MQA_FastPath\C&D\server_C_FP_OFF_MQA_ON_k8.log","server","C_FP_OFF_MQA_ON","8","overwrite","585","true)"";\n\nusing"
"C&D","C:\Users\407407\Desktop\vllm\github\MQA_FastPath\C&D\server_C_FP_OFF_MQA_ON_k8.log","server","C_FP_OFF_MQA_ON","8","overwrites","727","{ctx.guild.default_role:"
"C&D","C:\Users\407407\Desktop\vllm\github\MQA_FastPath\C&D\server_C_FP_OFF_MQA_ON_k8.log","server","C_FP_OFF_MQA_ON","8","path","200","""/"""
"C&D","C:\Users\407407\Desktop\vllm\github\MQA_FastPath\C&D\server_C_FP_OFF_MQA_ON_k8.log","server","C_FP_OFF_MQA_ON","8","pipeline_parallel_size","46","1"
"C&D","C:\Users\407407\Desktop\vllm\github\MQA_FastPath\C&D\server_C_FP_OFF_MQA_ON_k8.log","server","C_FP_OFF_MQA_ON","8","pooler_config","46","None"
"C&D","C:\Users\407407\Desktop\vllm\github\MQA_FastPath\C&D\server_C_FP_OFF_MQA_ON_k8.log","server","C_FP_OFF_MQA_ON","8","pos2","843","0.2581"
"C&D","C:\Users\407407\Desktop\vllm\github\MQA_FastPath\C&D\server_C_FP_OFF_MQA_ON_k8.log","server","C_FP_OFF_MQA_ON","8","pos3","843","0.2581"
"C&D","C:\Users\407407\Desktop\vllm\github\MQA_FastPath\C&D\server_C_FP_OFF_MQA_ON_k8.log","server","C_FP_OFF_MQA_ON","8","pos4","843","0.2581"
"C&D","C:\Users\407407\Desktop\vllm\github\MQA_FastPath\C&D\server_C_FP_OFF_MQA_ON_k8.log","server","C_FP_OFF_MQA_ON","8","presence_penalty","750","0.0"
"C&D","C:\Users\407407\Desktop\vllm\github\MQA_FastPath\C&D\server_C_FP_OFF_MQA_ON_k8.log","server","C_FP_OFF_MQA_ON","8","prompt_logprobs","750","None"
"C&D","C:\Users\407407\Desktop\vllm\github\MQA_FastPath\C&D\server_C_FP_OFF_MQA_ON_k8.log","server","C_FP_OFF_MQA_ON","8","proposer","50","<class 'vllm.spec_decode.multi_step_worker.MultiStepWorker'>"
"C&D","C:\Users\407407\Desktop\vllm\github\MQA_FastPath\C&D\server_C_FP_OFF_MQA_ON_k8.log","server","C_FP_OFF_MQA_ON","8","protected_attribute","450","\'gender\'"
"C&D","C:\Users\407407\Desktop\vllm\github\MQA_FastPath\C&D\server_C_FP_OFF_MQA_ON_k8.log","server","C_FP_OFF_MQA_ON","8","q","843","31"
"C&D","C:\Users\407407\Desktop\vllm\github\MQA_FastPath\C&D\server_C_FP_OFF_MQA_ON_k8.log","server","C_FP_OFF_MQA_ON","8","quantization","46","None"
"C&D","C:\Users\407407\Desktop\vllm\github\MQA_FastPath\C&D\server_C_FP_OFF_MQA_ON_k8.log","server","C_FP_OFF_MQA_ON","8","reasoning_backend","46","'')"
"C&D","C:\Users\407407\Desktop\vllm\github\MQA_FastPath\C&D\server_C_FP_OFF_MQA_ON_k8.log","server","C_FP_OFF_MQA_ON","8","repetition_penalty","750","1.0"
"C&D","C:\Users\407407\Desktop\vllm\github\MQA_FastPath\C&D\server_C_FP_OFF_MQA_ON_k8.log","server","C_FP_OFF_MQA_ON","8","revision","46","None"
"C&D","C:\Users\407407\Desktop\vllm\github\MQA_FastPath\C&D\server_C_FP_OFF_MQA_ON_k8.log","server","C_FP_OFF_MQA_ON","8","runner_cls","48","<class 'vllm_ascend.worker.draft_model_runner.TP1DraftModelRunner'>"
"C&D","C:\Users\407407\Desktop\vllm\github\MQA_FastPath\C&D\server_C_FP_OFF_MQA_ON_k8.log","server","C_FP_OFF_MQA_ON","8","sample_len","124","4"
"C&D","C:\Users\407407\Desktop\vllm\github\MQA_FastPath\C&D\server_C_FP_OFF_MQA_ON_k8.log","server","C_FP_OFF_MQA_ON","8","sampler","52","<class 'vllm.model_executor.layers.rejection_sampler.RejectionSampler'>"
"C&D","C:\Users\407407\Desktop\vllm\github\MQA_FastPath\C&D\server_C_FP_OFF_MQA_ON_k8.log","server","C_FP_OFF_MQA_ON","8","schedule","161","60"
"C&D","C:\Users\407407\Desktop\vllm\github\MQA_FastPath\C&D\server_C_FP_OFF_MQA_ON_k8.log","server","C_FP_OFF_MQA_ON","8","scoring_time_ms","888","58.80"
"C&D","C:\Users\407407\Desktop\vllm\github\MQA_FastPath\C&D\server_C_FP_OFF_MQA_ON_k8.log","server","C_FP_OFF_MQA_ON","8","seed","750","None"
"C&D","C:\Users\407407\Desktop\vllm\github\MQA_FastPath\C&D\server_C_FP_OFF_MQA_ON_k8.log","server","C_FP_OFF_MQA_ON","8","send_messages","727","False"
"C&D","C:\Users\407407\Desktop\vllm\github\MQA_FastPath\C&D\server_C_FP_OFF_MQA_ON_k8.log","server","C_FP_OFF_MQA_ON","8","served_model_name","46","qwen3-8B"
"C&D","C:\Users\407407\Desktop\vllm\github\MQA_FastPath\C&D\server_C_FP_OFF_MQA_ON_k8.log","server","C_FP_OFF_MQA_ON","8","skip_special_tokens","750","True"
"C&D","C:\Users\407407\Desktop\vllm\github\MQA_FastPath\C&D\server_C_FP_OFF_MQA_ON_k8.log","server","C_FP_OFF_MQA_ON","8","skip_tokenizer_init","46","False"
"C&D","C:\Users\407407\Desktop\vllm\github\MQA_FastPath\C&D\server_C_FP_OFF_MQA_ON_k8.log","server","C_FP_OFF_MQA_ON","8","spaces_between_special_tokens","750","True"
"C&D","C:\Users\407407\Desktop\vllm\github\MQA_FastPath\C&D\server_C_FP_OFF_MQA_ON_k8.log","server","C_FP_OFF_MQA_ON","8","speculative_config","46","SpeculativeConfig(method='draft_model'"
"C&D","C:\Users\407407\Desktop\vllm\github\MQA_FastPath\C&D\server_C_FP_OFF_MQA_ON_k8.log","server","C_FP_OFF_MQA_ON","8","step_accept","889","[1.0, 0.9388]"
"C&D","C:\Users\407407\Desktop\vllm\github\MQA_FastPath\C&D\server_C_FP_OFF_MQA_ON_k8.log","server","C_FP_OFF_MQA_ON","8","stop","750","[]"
"C&D","C:\Users\407407\Desktop\vllm\github\MQA_FastPath\C&D\server_C_FP_OFF_MQA_ON_k8.log","server","C_FP_OFF_MQA_ON","8","stop_token_ids","750","[]"
"C&D","C:\Users\407407\Desktop\vllm\github\MQA_FastPath\C&D\server_C_FP_OFF_MQA_ON_k8.log","server","C_FP_OFF_MQA_ON","8","supports_gpu_multi_step","126","False."
"C&D","C:\Users\407407\Desktop\vllm\github\MQA_FastPath\C&D\server_C_FP_OFF_MQA_ON_k8.log","server","C_FP_OFF_MQA_ON","8","switch_per_min","887","9.7924"
"C&D","C:\Users\407407\Desktop\vllm\github\MQA_FastPath\C&D\server_C_FP_OFF_MQA_ON_k8.log","server","C_FP_OFF_MQA_ON","8","target_tp","48","1"
"C&D","C:\Users\407407\Desktop\vllm\github\MQA_FastPath\C&D\server_C_FP_OFF_MQA_ON_k8.log","server","C_FP_OFF_MQA_ON","8","temperature","750","0.0"
"C&D","C:\Users\407407\Desktop\vllm\github\MQA_FastPath\C&D\server_C_FP_OFF_MQA_ON_k8.log","server","C_FP_OFF_MQA_ON","8","tensor_parallel_size","46","1"
"C&D","C:\Users\407407\Desktop\vllm\github\MQA_FastPath\C&D\server_C_FP_OFF_MQA_ON_k8.log","server","C_FP_OFF_MQA_ON","8","threshold","450","0.5):\n"
"C&D","C:\Users\407407\Desktop\vllm\github\MQA_FastPath\C&D\server_C_FP_OFF_MQA_ON_k8.log","server","C_FP_OFF_MQA_ON","8","throughput_tps","886","254.679"
"C&D","C:\Users\407407\Desktop\vllm\github\MQA_FastPath\C&D\server_C_FP_OFF_MQA_ON_k8.log","server","C_FP_OFF_MQA_ON","8","to","200","""/"">\n"
"C&D","C:\Users\407407\Desktop\vllm\github\MQA_FastPath\C&D\server_C_FP_OFF_MQA_ON_k8.log","server","C_FP_OFF_MQA_ON","8","tokenizer","46","'/mnt/ky2307909/siyuan.tong/Qwen3-8B'"
"C&D","C:\Users\407407\Desktop\vllm\github\MQA_FastPath\C&D\server_C_FP_OFF_MQA_ON_k8.log","server","C_FP_OFF_MQA_ON","8","tokenizer_mode","46","auto"
"C&D","C:\Users\407407\Desktop\vllm\github\MQA_FastPath\C&D\server_C_FP_OFF_MQA_ON_k8.log","server","C_FP_OFF_MQA_ON","8","tokenizer_revision","46","None"
"C&D","C:\Users\407407\Desktop\vllm\github\MQA_FastPath\C&D\server_C_FP_OFF_MQA_ON_k8.log","server","C_FP_OFF_MQA_ON","8","top_k","750","0"
"C&D","C:\Users\407407\Desktop\vllm\github\MQA_FastPath\C&D\server_C_FP_OFF_MQA_ON_k8.log","server","C_FP_OFF_MQA_ON","8","top_p","750","1.0"
"C&D","C:\Users\407407\Desktop\vllm\github\MQA_FastPath\C&D\server_C_FP_OFF_MQA_ON_k8.log","server","C_FP_OFF_MQA_ON","8","truncate_prompt_tokens","750","None"
"C&D","C:\Users\407407\Desktop\vllm\github\MQA_FastPath\C&D\server_C_FP_OFF_MQA_ON_k8.log","server","C_FP_OFF_MQA_ON","8","trust_remote_code","46","True"
"C&D","C:\Users\407407\Desktop\vllm\github\MQA_FastPath\C&D\server_C_FP_OFF_MQA_ON_k8.log","server","C_FP_OFF_MQA_ON","8","type","312","""text"""
"C&D","C:\Users\407407\Desktop\vllm\github\MQA_FastPath\C&D\server_C_FP_OFF_MQA_ON_k8.log","server","C_FP_OFF_MQA_ON","8","url","585","\'your-file-name.txt\'"
"C&D","C:\Users\407407\Desktop\vllm\github\MQA_FastPath\C&D\server_C_FP_OFF_MQA_ON_k8.log","server","C_FP_OFF_MQA_ON","8","use_async_output_proc","46","False"
"C&D","C:\Users\407407\Desktop\vllm\github\MQA_FastPath\C&D\server_C_FP_OFF_MQA_ON_k8.log","server","C_FP_OFF_MQA_ON","8","use_cached_outputs","46","True"
"C&D","C:\Users\407407\Desktop\vllm\github\MQA_FastPath\C&D\server_C_FP_OFF_MQA_ON_k8.log","server","C_FP_OFF_MQA_ON","8","value","312","""Download"">\n</form>\n```\nThis"
"C&D","C:\Users\407407\Desktop\vllm\github\MQA_FastPath\C&D\server_C_FP_OFF_MQA_ON_k8.log","server","C_FP_OFF_MQA_ON","8","variant","200","""primary"">Post</Button>\n"
"C&D","C:\Users\407407\Desktop\vllm\github\MQA_FastPath\C&D\server_C_FP_OFF_MQA_ON_k8.log","server","C_FP_OFF_MQA_ON","8","verification_time_ms","888","4.96"
"C&D","C:\Users\407407\Desktop\vllm\github\MQA_FastPath\C&D\server_C_FP_OFF_MQA_ON_k8.log","server","C_FP_OFF_MQA_ON","8","view_channel","727","False)"
"C&D","C:\Users\407407\Desktop\vllm\github\MQA_FastPath\C&D\server_C_FP_OFF_MQA_ON_k8.log","server","C_FP_OFF_MQA_ON","8","vpcs","240","[]"
"C&D","C:\Users\407407\Desktop\vllm\github\MQA_FastPath\C&D\server_C_FP_OFF_MQA_ON_k8.log","server","C_FP_OFF_MQA_ON","8","W","607","X+Y'"
"C&D","C:\Users\407407\Desktop\vllm\github\MQA_FastPath\C&D\server_C_FP_OFF_MQA_ON_k8.log","server","C_FP_OFF_MQA_ON","8","waste","843","0.4946"
"C&D","C:\Users\407407\Desktop\vllm\github\MQA_FastPath\C&D\server_C_FP_OFF_MQA_ON_k8.log","server","C_FP_OFF_MQA_ON","8","waste_ratio","889","0.0306"
"C&D","C:\Users\407407\Desktop\vllm\github\MQA_FastPath\C&D\server_D_FP_OFF_MQA_OFF_k2.log","server","D_FP_OFF_MQA_OFF","2","_id","239","request\\_id\n"
"C&D","C:\Users\407407\Desktop\vllm\github\MQA_FastPath\C&D\server_D_FP_OFF_MQA_OFF_k2.log","server","D_FP_OFF_MQA_OFF","2","_name","239","""vpc-xaas"",\n"
"C&D","C:\Users\407407\Desktop\vllm\github\MQA_FastPath\C&D\server_D_FP_OFF_MQA_OFF_k2.log","server","D_FP_OFF_MQA_OFF","2","_node","749","2]""\n"
"C&D","C:\Users\407407\Desktop\vllm\github\MQA_FastPath\C&D\server_D_FP_OFF_MQA_OFF_k2.log","server","D_FP_OFF_MQA_OFF","2","_type","239","project\\_type,\n"
"C&D","C:\Users\407407\Desktop\vllm\github\MQA_FastPath\C&D\server_D_FP_OFF_MQA_OFF_k2.log","server","D_FP_OFF_MQA_OFF","2","accept","925","0.8913"
"C&D","C:\Users\407407\Desktop\vllm\github\MQA_FastPath\C&D\server_D_FP_OFF_MQA_OFF_k2.log","server","D_FP_OFF_MQA_OFF","2","accept_no_hs","925","0.8913"
"C&D","C:\Users\407407\Desktop\vllm\github\MQA_FastPath\C&D\server_D_FP_OFF_MQA_OFF_k2.log","server","D_FP_OFF_MQA_OFF","2","accept_with_hs","925","0.0000"
"C&D","C:\Users\407407\Desktop\vllm\github\MQA_FastPath\C&D\server_D_FP_OFF_MQA_OFF_k2.log","server","D_FP_OFF_MQA_OFF","2","as","203","{Link}"
"C&D","C:\Users\407407\Desktop\vllm\github\MQA_FastPath\C&D\server_D_FP_OFF_MQA_OFF_k2.log","server","D_FP_OFF_MQA_OFF","2","average_time_per_proposal_tok_ms","924","69.65"
"C&D","C:\Users\407407\Desktop\vllm\github\MQA_FastPath\C&D\server_D_FP_OFF_MQA_OFF_k2.log","server","D_FP_OFF_MQA_OFF","2","avg_execute_total_ms","928","68.63"
"C&D","C:\Users\407407\Desktop\vllm\github\MQA_FastPath\C&D\server_D_FP_OFF_MQA_OFF_k2.log","server","D_FP_OFF_MQA_OFF","2","avg_forward_ms","928","64.11"
"C&D","C:\Users\407407\Desktop\vllm\github\MQA_FastPath\C&D\server_D_FP_OFF_MQA_OFF_k2.log","server","D_FP_OFF_MQA_OFF","2","avg_logits_ms","928","1.26"
"C&D","C:\Users\407407\Desktop\vllm\github\MQA_FastPath\C&D\server_D_FP_OFF_MQA_OFF_k2.log","server","D_FP_OFF_MQA_OFF","2","avg_sampler_ms","928","3.21"
"C&D","C:\Users\407407\Desktop\vllm\github\MQA_FastPath\C&D\server_D_FP_OFF_MQA_OFF_k2.log","server","D_FP_OFF_MQA_OFF","2","axis","458","1)\n"
"C&D","C:\Users\407407\Desktop\vllm\github\MQA_FastPath\C&D\server_D_FP_OFF_MQA_OFF_k2.log","server","D_FP_OFF_MQA_OFF","2","backend","53","ASCEND"
"C&D","C:\Users\407407\Desktop\vllm\github\MQA_FastPath\C&D\server_D_FP_OFF_MQA_OFF_k2.log","server","D_FP_OFF_MQA_OFF","2","bad_words","750","[]"
"C&D","C:\Users\407407\Desktop\vllm\github\MQA_FastPath\C&D\server_D_FP_OFF_MQA_OFF_k2.log","server","D_FP_OFF_MQA_OFF","2","bg","203","""light"""
"C&D","C:\Users\407407\Desktop\vllm\github\MQA_FastPath\C&D\server_D_FP_OFF_MQA_OFF_k2.log","server","D_FP_OFF_MQA_OFF","2","capability","53","FLASH_ATTN)."
"C&D","C:\Users\407407\Desktop\vllm\github\MQA_FastPath\C&D\server_D_FP_OFF_MQA_OFF_k2.log","server","D_FP_OFF_MQA_OFF","2","category","731","None"
"C&D","C:\Users\407407\Desktop\vllm\github\MQA_FastPath\C&D\server_D_FP_OFF_MQA_OFF_k2.log","server","D_FP_OFF_MQA_OFF","2","chunked_prefill_enabled","46","False"
"C&D","C:\Users\407407\Desktop\vllm\github\MQA_FastPath\C&D\server_D_FP_OFF_MQA_OFF_k2.log","server","D_FP_OFF_MQA_OFF","2","className","203","""py-3"">\n"
"C&D","C:\Users\407407\Desktop\vllm\github\MQA_FastPath\C&D\server_D_FP_OFF_MQA_OFF_k2.log","server","D_FP_OFF_MQA_OFF","2","collect_detailed_traces","46","None)"
"C&D","C:\Users\407407\Desktop\vllm\github\MQA_FastPath\C&D\server_D_FP_OFF_MQA_OFF_k2.log","server","D_FP_OFF_MQA_OFF","2","compilation_config","46","{""level"":0,""debug_dump_path"":"""",""cache_dir"":"""",""backend"":"""",""custom_ops"":[],""splitting_ops"":[],""use_inductor"":true,""compile_sizes"":[],""inductor_compile_config"":{},""inductor_passes"":{},""use_cudagraph"":false,""cudagraph_num_of_warmups"":0,""cudagraph_capture_sizes"":[],""cudagraph_copy_inputs"":false,""full_cuda_graph"":false,""max_capture_size"":0,""local_cache_dir"":null}"
"C&D","C:\Users\407407\Desktop\vllm\github\MQA_FastPath\C&D\server_D_FP_OFF_MQA_OFF_k2.log","server","D_FP_OFF_MQA_OFF","2","count","928","500"
"C&D","C:\Users\407407\Desktop\vllm\github\MQA_FastPath\C&D\server_D_FP_OFF_MQA_OFF_k2.log","server","D_FP_OFF_MQA_OFF","2","decoding_config","46","DecodingConfig(backend='xgrammar'"
"C&D","C:\Users\407407\Desktop\vllm\github\MQA_FastPath\C&D\server_D_FP_OFF_MQA_OFF_k2.log","server","D_FP_OFF_MQA_OFF","2","description","239","f""XaaS"
"C&D","C:\Users\407407\Desktop\vllm\github\MQA_FastPath\C&D\server_D_FP_OFF_MQA_OFF_k2.log","server","D_FP_OFF_MQA_OFF","2","device_config","46","npu"
"C&D","C:\Users\407407\Desktop\vllm\github\MQA_FastPath\C&D\server_D_FP_OFF_MQA_OFF_k2.log","server","D_FP_OFF_MQA_OFF","2","disable_additional_properties","46","False"
"C&D","C:\Users\407407\Desktop\vllm\github\MQA_FastPath\C&D\server_D_FP_OFF_MQA_OFF_k2.log","server","D_FP_OFF_MQA_OFF","2","disable_any_whitespace","46","False"
"C&D","C:\Users\407407\Desktop\vllm\github\MQA_FastPath\C&D\server_D_FP_OFF_MQA_OFF_k2.log","server","D_FP_OFF_MQA_OFF","2","disable_custom_all_reduce","46","True"
"C&D","C:\Users\407407\Desktop\vllm\github\MQA_FastPath\C&D\server_D_FP_OFF_MQA_OFF_k2.log","server","D_FP_OFF_MQA_OFF","2","disable_fallback","46","False"
"C&D","C:\Users\407407\Desktop\vllm\github\MQA_FastPath\C&D\server_D_FP_OFF_MQA_OFF_k2.log","server","D_FP_OFF_MQA_OFF","2","download_dir","46","None"
"C&D","C:\Users\407407\Desktop\vllm\github\MQA_FastPath\C&D\server_D_FP_OFF_MQA_OFF_k2.log","server","D_FP_OFF_MQA_OFF","2","draft_tp","48","1"
"C&D","C:\Users\407407\Desktop\vllm\github\MQA_FastPath\C&D\server_D_FP_OFF_MQA_OFF_k2.log","server","D_FP_OFF_MQA_OFF","2","dtype","46","torch.bfloat16"
"C&D","C:\Users\407407\Desktop\vllm\github\MQA_FastPath\C&D\server_D_FP_OFF_MQA_OFF_k2.log","server","D_FP_OFF_MQA_OFF","2","element","203","{<Home"
"C&D","C:\Users\407407\Desktop\vllm\github\MQA_FastPath\C&D\server_D_FP_OFF_MQA_OFF_k2.log","server","D_FP_OFF_MQA_OFF","2","enable_prefix_caching","46","None"
"C&D","C:\Users\407407\Desktop\vllm\github\MQA_FastPath\C&D\server_D_FP_OFF_MQA_OFF_k2.log","server","D_FP_OFF_MQA_OFF","2","enforce_eager","46","True"
"C&D","C:\Users\407407\Desktop\vllm\github\MQA_FastPath\C&D\server_D_FP_OFF_MQA_OFF_k2.log","server","D_FP_OFF_MQA_OFF","2","extra_args","750","None)"
"C&D","C:\Users\407407\Desktop\vllm\github\MQA_FastPath\C&D\server_D_FP_OFF_MQA_OFF_k2.log","server","D_FP_OFF_MQA_OFF","2","fail_adapter","125","0"
"C&D","C:\Users\407407\Desktop\vllm\github\MQA_FastPath\C&D\server_D_FP_OFF_MQA_OFF_k2.log","server","D_FP_OFF_MQA_OFF","2","fail_backend","125","1"
"C&D","C:\Users\407407\Desktop\vllm\github\MQA_FastPath\C&D\server_D_FP_OFF_MQA_OFF_k2.log","server","D_FP_OFF_MQA_OFF","2","fail_disabled","125","0"
"C&D","C:\Users\407407\Desktop\vllm\github\MQA_FastPath\C&D\server_D_FP_OFF_MQA_OFF_k2.log","server","D_FP_OFF_MQA_OFF","2","fail_lora","125","0"
"C&D","C:\Users\407407\Desktop\vllm\github\MQA_FastPath\C&D\server_D_FP_OFF_MQA_OFF_k2.log","server","D_FP_OFF_MQA_OFF","2","fail_prompt","125","0"
"C&D","C:\Users\407407\Desktop\vllm\github\MQA_FastPath\C&D\server_D_FP_OFF_MQA_OFF_k2.log","server","D_FP_OFF_MQA_OFF","2","fixed","203","""top"""
"C&D","C:\Users\407407\Desktop\vllm\github\MQA_FastPath\C&D\server_D_FP_OFF_MQA_OFF_k2.log","server","D_FP_OFF_MQA_OFF","2","for","318","""file-name"">File"
"C&D","C:\Users\407407\Desktop\vllm\github\MQA_FastPath\C&D\server_D_FP_OFF_MQA_OFF_k2.log","server","D_FP_OFF_MQA_OFF","2","frequency_penalty","750","0.0"
"C&D","C:\Users\407407\Desktop\vllm\github\MQA_FastPath\C&D\server_D_FP_OFF_MQA_OFF_k2.log","server","D_FP_OFF_MQA_OFF","2","guided_decoding","750","None"
"C&D","C:\Users\407407\Desktop\vllm\github\MQA_FastPath\C&D\server_D_FP_OFF_MQA_OFF_k2.log","server","D_FP_OFF_MQA_OFF","2","high_k_occ","927","0.0000"
"C&D","C:\Users\407407\Desktop\vllm\github\MQA_FastPath\C&D\server_D_FP_OFF_MQA_OFF_k2.log","server","D_FP_OFF_MQA_OFF","2","hist","927","2:420"
"C&D","C:\Users\407407\Desktop\vllm\github\MQA_FastPath\C&D\server_D_FP_OFF_MQA_OFF_k2.log","server","D_FP_OFF_MQA_OFF","2","hs_ratio","925","0.0000"
"C&D","C:\Users\407407\Desktop\vllm\github\MQA_FastPath\C&D\server_D_FP_OFF_MQA_OFF_k2.log","server","D_FP_OFF_MQA_OFF","2","id","318","""file-name"""
"C&D","C:\Users\407407\Desktop\vllm\github\MQA_FastPath\C&D\server_D_FP_OFF_MQA_OFF_k2.log","server","D_FP_OFF_MQA_OFF","2","ignore_eos","750","False"
"C&D","C:\Users\407407\Desktop\vllm\github\MQA_FastPath\C&D\server_D_FP_OFF_MQA_OFF_k2.log","server","D_FP_OFF_MQA_OFF","2","include_stop_str_in_output","750","False"
"C&D","C:\Users\407407\Desktop\vllm\github\MQA_FastPath\C&D\server_D_FP_OFF_MQA_OFF_k2.log","server","D_FP_OFF_MQA_OFF","2","is_tp1_runner","124","True"
"C&D","C:\Users\407407\Desktop\vllm\github\MQA_FastPath\C&D\server_D_FP_OFF_MQA_OFF_k2.log","server","D_FP_OFF_MQA_OFF","2","iter_p95","925","305.150"
"C&D","C:\Users\407407\Desktop\vllm\github\MQA_FastPath\C&D\server_D_FP_OFF_MQA_OFF_k2.log","server","D_FP_OFF_MQA_OFF","2","k","926","2"
"C&D","C:\Users\407407\Desktop\vllm\github\MQA_FastPath\C&D\server_D_FP_OFF_MQA_OFF_k2.log","server","D_FP_OFF_MQA_OFF","2","kv_cache_dtype","46","auto"
"C&D","C:\Users\407407\Desktop\vllm\github\MQA_FastPath\C&D\server_D_FP_OFF_MQA_OFF_k2.log","server","D_FP_OFF_MQA_OFF","2","load_format","46","auto"
"C&D","C:\Users\407407\Desktop\vllm\github\MQA_FastPath\C&D\server_D_FP_OFF_MQA_OFF_k2.log","server","D_FP_OFF_MQA_OFF","2","logprobs","750","None"
"C&D","C:\Users\407407\Desktop\vllm\github\MQA_FastPath\C&D\server_D_FP_OFF_MQA_OFF_k2.log","server","D_FP_OFF_MQA_OFF","2","low","749","66%]"
"C&D","C:\Users\407407\Desktop\vllm\github\MQA_FastPath\C&D\server_D_FP_OFF_MQA_OFF_k2.log","server","D_FP_OFF_MQA_OFF","2","max_seq_len","46","8192"
"C&D","C:\Users\407407\Desktop\vllm\github\MQA_FastPath\C&D\server_D_FP_OFF_MQA_OFF_k2.log","server","D_FP_OFF_MQA_OFF","2","max_tokens","750","593"
"C&D","C:\Users\407407\Desktop\vllm\github\MQA_FastPath\C&D\server_D_FP_OFF_MQA_OFF_k2.log","server","D_FP_OFF_MQA_OFF","2","min_p","750","0.0"
"C&D","C:\Users\407407\Desktop\vllm\github\MQA_FastPath\C&D\server_D_FP_OFF_MQA_OFF_k2.log","server","D_FP_OFF_MQA_OFF","2","min_tokens","750","0"
"C&D","C:\Users\407407\Desktop\vllm\github\MQA_FastPath\C&D\server_D_FP_OFF_MQA_OFF_k2.log","server","D_FP_OFF_MQA_OFF","2","model","46","'/mnt/ky2307909/siyuan.tong/Qwen3-8B'"
"C&D","C:\Users\407407\Desktop\vllm\github\MQA_FastPath\C&D\server_D_FP_OFF_MQA_OFF_k2.log","server","D_FP_OFF_MQA_OFF","2","model_runner","124","<class 'vllm_ascend.worker.draft_model_runner.TP1DraftModelRunner'>"
"C&D","C:\Users\407407\Desktop\vllm\github\MQA_FastPath\C&D\server_D_FP_OFF_MQA_OFF_k2.log","server","D_FP_OFF_MQA_OFF","2","model_type","48","qwen3)"
"C&D","C:\Users\407407\Desktop\vllm\github\MQA_FastPath\C&D\server_D_FP_OFF_MQA_OFF_k2.log","server","D_FP_OFF_MQA_OFF","2","ms_hit","125","0"
"C&D","C:\Users\407407\Desktop\vllm\github\MQA_FastPath\C&D\server_D_FP_OFF_MQA_OFF_k2.log","server","D_FP_OFF_MQA_OFF","2","ms_total","125","1"
"C&D","C:\Users\407407\Desktop\vllm\github\MQA_FastPath\C&D\server_D_FP_OFF_MQA_OFF_k2.log","server","D_FP_OFF_MQA_OFF","2","multi_step_stream_outputs","46","True"
"C&D","C:\Users\407407\Desktop\vllm\github\MQA_FastPath\C&D\server_D_FP_OFF_MQA_OFF_k2.log","server","D_FP_OFF_MQA_OFF","2","n","750","1"
"C&D","C:\Users\407407\Desktop\vllm\github\MQA_FastPath\C&D\server_D_FP_OFF_MQA_OFF_k2.log","server","D_FP_OFF_MQA_OFF","2","name","318","""file-name""><br>\n"
"C&D","C:\Users\407407\Desktop\vllm\github\MQA_FastPath\C&D\server_D_FP_OFF_MQA_OFF_k2.log","server","D_FP_OFF_MQA_OFF","2","new_protected_value","458","\'other\'"
"C&D","C:\Users\407407\Desktop\vllm\github\MQA_FastPath\C&D\server_D_FP_OFF_MQA_OFF_k2.log","server","D_FP_OFF_MQA_OFF","2","ntext","291","[\'Dear   Support   team, \\\\n\\\\nRequest   you   to   please   install   VM   ware   Horizon   client   for  access to   client system.   Attaching   document   received   from   client   (Alix   partners)   for reference.\\\\n\\\\nclient   URL: https://portal.alixpartners.com\\\\nVMare-Horizon-Client-2212-8.8.-21079405\\\\n\\\\Thanks,InSrikanth   P\',\n""I   am   logging   this   request   on  be   half   of  Mahendra   Posham,   he   is   from  my   team.   he   is   facing   error   while setting   up  his   laptop.he   is facing   \'The  securtiy   database   on  the   server   does   not   have  a  computer account   for this   workstatition   trust   relationship\'   error   .     I   have   provided   his   no  below   can  you   plese call   him   up  to   understand   the   issue.    \\\\nhis   email   I\'d   is posham.mahendra\\\\n   laptopID:   ITL-HW-LAPTOP脗\\x95\\n000000441525  \\\\nmobile   no:  9573607244    \\\\n   "",\n\'Hi   there\n```', params: SamplingParams(n=1, presence_penalty=0.0, frequency_penalty=0.0, repetition_penalty=1.0, temperature=0.0, top_p=1.0, top_k=0, min_p=0.0, seed=None, stop=[]"
"C&D","C:\Users\407407\Desktop\vllm\github\MQA_FastPath\C&D\server_D_FP_OFF_MQA_OFF_k2.log","server","D_FP_OFF_MQA_OFF","2","num_scheduler_steps","46","1"
"C&D","C:\Users\407407\Desktop\vllm\github\MQA_FastPath\C&D\server_D_FP_OFF_MQA_OFF_k2.log","server","D_FP_OFF_MQA_OFF","2","num_spec_tokens","46","2)"
"C&D","C:\Users\407407\Desktop\vllm\github\MQA_FastPath\C&D\server_D_FP_OFF_MQA_OFF_k2.log","server","D_FP_OFF_MQA_OFF","2","observability_config","46","ObservabilityConfig(show_hidden_metrics_for_version=None"
"C&D","C:\Users\407407\Desktop\vllm\github\MQA_FastPath\C&D\server_D_FP_OFF_MQA_OFF_k2.log","server","D_FP_OFF_MQA_OFF","2","otlp_traces_endpoint","46","None"
"C&D","C:\Users\407407\Desktop\vllm\github\MQA_FastPath\C&D\server_D_FP_OFF_MQA_OFF_k2.log","server","D_FP_OFF_MQA_OFF","2","override_neuron_config","46","{}"
"C&D","C:\Users\407407\Desktop\vllm\github\MQA_FastPath\C&D\server_D_FP_OFF_MQA_OFF_k2.log","server","D_FP_OFF_MQA_OFF","2","overwrite","591","true)"";\n\nusing"
"C&D","C:\Users\407407\Desktop\vllm\github\MQA_FastPath\C&D\server_D_FP_OFF_MQA_OFF_k2.log","server","D_FP_OFF_MQA_OFF","2","overwrites","731","{ctx.guild.default_role:"
"C&D","C:\Users\407407\Desktop\vllm\github\MQA_FastPath\C&D\server_D_FP_OFF_MQA_OFF_k2.log","server","D_FP_OFF_MQA_OFF","2","path","203","""/"""
"C&D","C:\Users\407407\Desktop\vllm\github\MQA_FastPath\C&D\server_D_FP_OFF_MQA_OFF_k2.log","server","D_FP_OFF_MQA_OFF","2","pipeline_parallel_size","46","1"
"C&D","C:\Users\407407\Desktop\vllm\github\MQA_FastPath\C&D\server_D_FP_OFF_MQA_OFF_k2.log","server","D_FP_OFF_MQA_OFF","2","pooler_config","46","None"
"C&D","C:\Users\407407\Desktop\vllm\github\MQA_FastPath\C&D\server_D_FP_OFF_MQA_OFF_k2.log","server","D_FP_OFF_MQA_OFF","2","presence_penalty","750","0.0"
"C&D","C:\Users\407407\Desktop\vllm\github\MQA_FastPath\C&D\server_D_FP_OFF_MQA_OFF_k2.log","server","D_FP_OFF_MQA_OFF","2","prompt_logprobs","750","None"
"C&D","C:\Users\407407\Desktop\vllm\github\MQA_FastPath\C&D\server_D_FP_OFF_MQA_OFF_k2.log","server","D_FP_OFF_MQA_OFF","2","proposer","50","<class 'vllm.spec_decode.multi_step_worker.MultiStepWorker'>"
"C&D","C:\Users\407407\Desktop\vllm\github\MQA_FastPath\C&D\server_D_FP_OFF_MQA_OFF_k2.log","server","D_FP_OFF_MQA_OFF","2","protected_attribute","458","\'gender\'"
"C&D","C:\Users\407407\Desktop\vllm\github\MQA_FastPath\C&D\server_D_FP_OFF_MQA_OFF_k2.log","server","D_FP_OFF_MQA_OFF","2","quantization","46","None"
"C&D","C:\Users\407407\Desktop\vllm\github\MQA_FastPath\C&D\server_D_FP_OFF_MQA_OFF_k2.log","server","D_FP_OFF_MQA_OFF","2","reasoning_backend","46","'')"
"C&D","C:\Users\407407\Desktop\vllm\github\MQA_FastPath\C&D\server_D_FP_OFF_MQA_OFF_k2.log","server","D_FP_OFF_MQA_OFF","2","repetition_penalty","750","1.0"
"C&D","C:\Users\407407\Desktop\vllm\github\MQA_FastPath\C&D\server_D_FP_OFF_MQA_OFF_k2.log","server","D_FP_OFF_MQA_OFF","2","revision","46","None"
"C&D","C:\Users\407407\Desktop\vllm\github\MQA_FastPath\C&D\server_D_FP_OFF_MQA_OFF_k2.log","server","D_FP_OFF_MQA_OFF","2","runner_cls","48","<class 'vllm_ascend.worker.draft_model_runner.TP1DraftModelRunner'>"
"C&D","C:\Users\407407\Desktop\vllm\github\MQA_FastPath\C&D\server_D_FP_OFF_MQA_OFF_k2.log","server","D_FP_OFF_MQA_OFF","2","sample_len","124","2"
"C&D","C:\Users\407407\Desktop\vllm\github\MQA_FastPath\C&D\server_D_FP_OFF_MQA_OFF_k2.log","server","D_FP_OFF_MQA_OFF","2","sampler","52","<class 'vllm.model_executor.layers.rejection_sampler.RejectionSampler'>"
"C&D","C:\Users\407407\Desktop\vllm\github\MQA_FastPath\C&D\server_D_FP_OFF_MQA_OFF_k2.log","server","D_FP_OFF_MQA_OFF","2","schedule","167","60"
"C&D","C:\Users\407407\Desktop\vllm\github\MQA_FastPath\C&D\server_D_FP_OFF_MQA_OFF_k2.log","server","D_FP_OFF_MQA_OFF","2","scoring_time_ms","924","60.01"
"C&D","C:\Users\407407\Desktop\vllm\github\MQA_FastPath\C&D\server_D_FP_OFF_MQA_OFF_k2.log","server","D_FP_OFF_MQA_OFF","2","seed","750","None"
"C&D","C:\Users\407407\Desktop\vllm\github\MQA_FastPath\C&D\server_D_FP_OFF_MQA_OFF_k2.log","server","D_FP_OFF_MQA_OFF","2","send_messages","731","False"
"C&D","C:\Users\407407\Desktop\vllm\github\MQA_FastPath\C&D\server_D_FP_OFF_MQA_OFF_k2.log","server","D_FP_OFF_MQA_OFF","2","served_model_name","46","qwen3-8B"
"C&D","C:\Users\407407\Desktop\vllm\github\MQA_FastPath\C&D\server_D_FP_OFF_MQA_OFF_k2.log","server","D_FP_OFF_MQA_OFF","2","skip_special_tokens","750","True"
"C&D","C:\Users\407407\Desktop\vllm\github\MQA_FastPath\C&D\server_D_FP_OFF_MQA_OFF_k2.log","server","D_FP_OFF_MQA_OFF","2","skip_tokenizer_init","46","False"
"C&D","C:\Users\407407\Desktop\vllm\github\MQA_FastPath\C&D\server_D_FP_OFF_MQA_OFF_k2.log","server","D_FP_OFF_MQA_OFF","2","spaces_between_special_tokens","750","True"
"C&D","C:\Users\407407\Desktop\vllm\github\MQA_FastPath\C&D\server_D_FP_OFF_MQA_OFF_k2.log","server","D_FP_OFF_MQA_OFF","2","speculative_config","46","SpeculativeConfig(method='draft_model'"
"C&D","C:\Users\407407\Desktop\vllm\github\MQA_FastPath\C&D\server_D_FP_OFF_MQA_OFF_k2.log","server","D_FP_OFF_MQA_OFF","2","step_accept","926","[1.0, 0.7463]"
"C&D","C:\Users\407407\Desktop\vllm\github\MQA_FastPath\C&D\server_D_FP_OFF_MQA_OFF_k2.log","server","D_FP_OFF_MQA_OFF","2","stop","750","[]"
"C&D","C:\Users\407407\Desktop\vllm\github\MQA_FastPath\C&D\server_D_FP_OFF_MQA_OFF_k2.log","server","D_FP_OFF_MQA_OFF","2","stop_token_ids","750","[]"
"C&D","C:\Users\407407\Desktop\vllm\github\MQA_FastPath\C&D\server_D_FP_OFF_MQA_OFF_k2.log","server","D_FP_OFF_MQA_OFF","2","supports_gpu_multi_step","126","False."
"C&D","C:\Users\407407\Desktop\vllm\github\MQA_FastPath\C&D\server_D_FP_OFF_MQA_OFF_k2.log","server","D_FP_OFF_MQA_OFF","2","switch_per_min","927","0.0000"
"C&D","C:\Users\407407\Desktop\vllm\github\MQA_FastPath\C&D\server_D_FP_OFF_MQA_OFF_k2.log","server","D_FP_OFF_MQA_OFF","2","target_tp","48","1"
"C&D","C:\Users\407407\Desktop\vllm\github\MQA_FastPath\C&D\server_D_FP_OFF_MQA_OFF_k2.log","server","D_FP_OFF_MQA_OFF","2","temperature","750","0.0"
"C&D","C:\Users\407407\Desktop\vllm\github\MQA_FastPath\C&D\server_D_FP_OFF_MQA_OFF_k2.log","server","D_FP_OFF_MQA_OFF","2","tensor_parallel_size","46","1"
"C&D","C:\Users\407407\Desktop\vllm\github\MQA_FastPath\C&D\server_D_FP_OFF_MQA_OFF_k2.log","server","D_FP_OFF_MQA_OFF","2","threshold","458","0.5):\n"
"C&D","C:\Users\407407\Desktop\vllm\github\MQA_FastPath\C&D\server_D_FP_OFF_MQA_OFF_k2.log","server","D_FP_OFF_MQA_OFF","2","throughput_tps","925","202.385"
"C&D","C:\Users\407407\Desktop\vllm\github\MQA_FastPath\C&D\server_D_FP_OFF_MQA_OFF_k2.log","server","D_FP_OFF_MQA_OFF","2","to","203","""/"">\n"
"C&D","C:\Users\407407\Desktop\vllm\github\MQA_FastPath\C&D\server_D_FP_OFF_MQA_OFF_k2.log","server","D_FP_OFF_MQA_OFF","2","tokenizer","46","'/mnt/ky2307909/siyuan.tong/Qwen3-8B'"
"C&D","C:\Users\407407\Desktop\vllm\github\MQA_FastPath\C&D\server_D_FP_OFF_MQA_OFF_k2.log","server","D_FP_OFF_MQA_OFF","2","tokenizer_mode","46","auto"
"C&D","C:\Users\407407\Desktop\vllm\github\MQA_FastPath\C&D\server_D_FP_OFF_MQA_OFF_k2.log","server","D_FP_OFF_MQA_OFF","2","tokenizer_revision","46","None"
"C&D","C:\Users\407407\Desktop\vllm\github\MQA_FastPath\C&D\server_D_FP_OFF_MQA_OFF_k2.log","server","D_FP_OFF_MQA_OFF","2","top_k","750","0"
"C&D","C:\Users\407407\Desktop\vllm\github\MQA_FastPath\C&D\server_D_FP_OFF_MQA_OFF_k2.log","server","D_FP_OFF_MQA_OFF","2","top_p","750","1.0"
"C&D","C:\Users\407407\Desktop\vllm\github\MQA_FastPath\C&D\server_D_FP_OFF_MQA_OFF_k2.log","server","D_FP_OFF_MQA_OFF","2","truncate_prompt_tokens","750","None"
"C&D","C:\Users\407407\Desktop\vllm\github\MQA_FastPath\C&D\server_D_FP_OFF_MQA_OFF_k2.log","server","D_FP_OFF_MQA_OFF","2","trust_remote_code","46","True"
"C&D","C:\Users\407407\Desktop\vllm\github\MQA_FastPath\C&D\server_D_FP_OFF_MQA_OFF_k2.log","server","D_FP_OFF_MQA_OFF","2","type","318","""text"""
"C&D","C:\Users\407407\Desktop\vllm\github\MQA_FastPath\C&D\server_D_FP_OFF_MQA_OFF_k2.log","server","D_FP_OFF_MQA_OFF","2","url","591","\'your-file-name.txt\'"
"C&D","C:\Users\407407\Desktop\vllm\github\MQA_FastPath\C&D\server_D_FP_OFF_MQA_OFF_k2.log","server","D_FP_OFF_MQA_OFF","2","use_async_output_proc","46","False"
"C&D","C:\Users\407407\Desktop\vllm\github\MQA_FastPath\C&D\server_D_FP_OFF_MQA_OFF_k2.log","server","D_FP_OFF_MQA_OFF","2","use_cached_outputs","46","True"
"C&D","C:\Users\407407\Desktop\vllm\github\MQA_FastPath\C&D\server_D_FP_OFF_MQA_OFF_k2.log","server","D_FP_OFF_MQA_OFF","2","value","318","""Download"">\n</form>\n```\nThis"
"C&D","C:\Users\407407\Desktop\vllm\github\MQA_FastPath\C&D\server_D_FP_OFF_MQA_OFF_k2.log","server","D_FP_OFF_MQA_OFF","2","variant","203","""primary"">Post</Button>\n"
"C&D","C:\Users\407407\Desktop\vllm\github\MQA_FastPath\C&D\server_D_FP_OFF_MQA_OFF_k2.log","server","D_FP_OFF_MQA_OFF","2","verification_time_ms","924","5.35"
"C&D","C:\Users\407407\Desktop\vllm\github\MQA_FastPath\C&D\server_D_FP_OFF_MQA_OFF_k2.log","server","D_FP_OFF_MQA_OFF","2","view_channel","731","False)"
"C&D","C:\Users\407407\Desktop\vllm\github\MQA_FastPath\C&D\server_D_FP_OFF_MQA_OFF_k2.log","server","D_FP_OFF_MQA_OFF","2","vpcs","239","[]"
"C&D","C:\Users\407407\Desktop\vllm\github\MQA_FastPath\C&D\server_D_FP_OFF_MQA_OFF_k2.log","server","D_FP_OFF_MQA_OFF","2","W","611","X+Y'"
"C&D","C:\Users\407407\Desktop\vllm\github\MQA_FastPath\C&D\server_D_FP_OFF_MQA_OFF_k2.log","server","D_FP_OFF_MQA_OFF","2","waste_ratio","926","0.1269"
"C&D","C:\Users\407407\Desktop\vllm\github\MQA_FastPath\C&D\server_D_FP_OFF_MQA_OFF_k4.log","server","D_FP_OFF_MQA_OFF","4","_id","242","request\\_id\n"
"C&D","C:\Users\407407\Desktop\vllm\github\MQA_FastPath\C&D\server_D_FP_OFF_MQA_OFF_k4.log","server","D_FP_OFF_MQA_OFF","4","_name","242","""vpc-xaas"",\n"
"C&D","C:\Users\407407\Desktop\vllm\github\MQA_FastPath\C&D\server_D_FP_OFF_MQA_OFF_k4.log","server","D_FP_OFF_MQA_OFF","4","_node","754","2]""\n"
"C&D","C:\Users\407407\Desktop\vllm\github\MQA_FastPath\C&D\server_D_FP_OFF_MQA_OFF_k4.log","server","D_FP_OFF_MQA_OFF","4","_type","242","project\\_type,\n"
"C&D","C:\Users\407407\Desktop\vllm\github\MQA_FastPath\C&D\server_D_FP_OFF_MQA_OFF_k4.log","server","D_FP_OFF_MQA_OFF","4","accept","939","0.8506"
"C&D","C:\Users\407407\Desktop\vllm\github\MQA_FastPath\C&D\server_D_FP_OFF_MQA_OFF_k4.log","server","D_FP_OFF_MQA_OFF","4","accept_no_hs","939","0.8506"
"C&D","C:\Users\407407\Desktop\vllm\github\MQA_FastPath\C&D\server_D_FP_OFF_MQA_OFF_k4.log","server","D_FP_OFF_MQA_OFF","4","accept_with_hs","939","0.0000"
"C&D","C:\Users\407407\Desktop\vllm\github\MQA_FastPath\C&D\server_D_FP_OFF_MQA_OFF_k4.log","server","D_FP_OFF_MQA_OFF","4","as","203","{Link}"
"C&D","C:\Users\407407\Desktop\vllm\github\MQA_FastPath\C&D\server_D_FP_OFF_MQA_OFF_k4.log","server","D_FP_OFF_MQA_OFF","4","average_time_per_proposal_tok_ms","933","71.24"
"C&D","C:\Users\407407\Desktop\vllm\github\MQA_FastPath\C&D\server_D_FP_OFF_MQA_OFF_k4.log","server","D_FP_OFF_MQA_OFF","4","avg_execute_total_ms","929","71.42"
"C&D","C:\Users\407407\Desktop\vllm\github\MQA_FastPath\C&D\server_D_FP_OFF_MQA_OFF_k4.log","server","D_FP_OFF_MQA_OFF","4","avg_forward_ms","929","64.28"
"C&D","C:\Users\407407\Desktop\vllm\github\MQA_FastPath\C&D\server_D_FP_OFF_MQA_OFF_k4.log","server","D_FP_OFF_MQA_OFF","4","avg_logits_ms","929","1.39"
"C&D","C:\Users\407407\Desktop\vllm\github\MQA_FastPath\C&D\server_D_FP_OFF_MQA_OFF_k4.log","server","D_FP_OFF_MQA_OFF","4","avg_sampler_ms","929","5.70"
"C&D","C:\Users\407407\Desktop\vllm\github\MQA_FastPath\C&D\server_D_FP_OFF_MQA_OFF_k4.log","server","D_FP_OFF_MQA_OFF","4","axis","458","1)\n"
"C&D","C:\Users\407407\Desktop\vllm\github\MQA_FastPath\C&D\server_D_FP_OFF_MQA_OFF_k4.log","server","D_FP_OFF_MQA_OFF","4","backend","53","ASCEND"
"C&D","C:\Users\407407\Desktop\vllm\github\MQA_FastPath\C&D\server_D_FP_OFF_MQA_OFF_k4.log","server","D_FP_OFF_MQA_OFF","4","bad_words","754","[]"
"C&D","C:\Users\407407\Desktop\vllm\github\MQA_FastPath\C&D\server_D_FP_OFF_MQA_OFF_k4.log","server","D_FP_OFF_MQA_OFF","4","bg","203","""light"""
"C&D","C:\Users\407407\Desktop\vllm\github\MQA_FastPath\C&D\server_D_FP_OFF_MQA_OFF_k4.log","server","D_FP_OFF_MQA_OFF","4","cap","844","4)"
"C&D","C:\Users\407407\Desktop\vllm\github\MQA_FastPath\C&D\server_D_FP_OFF_MQA_OFF_k4.log","server","D_FP_OFF_MQA_OFF","4","capability","53","FLASH_ATTN)."
"C&D","C:\Users\407407\Desktop\vllm\github\MQA_FastPath\C&D\server_D_FP_OFF_MQA_OFF_k4.log","server","D_FP_OFF_MQA_OFF","4","category","734","None"
"C&D","C:\Users\407407\Desktop\vllm\github\MQA_FastPath\C&D\server_D_FP_OFF_MQA_OFF_k4.log","server","D_FP_OFF_MQA_OFF","4","chunked_prefill_enabled","46","False"
"C&D","C:\Users\407407\Desktop\vllm\github\MQA_FastPath\C&D\server_D_FP_OFF_MQA_OFF_k4.log","server","D_FP_OFF_MQA_OFF","4","className","203","""py-3"">\n"
"C&D","C:\Users\407407\Desktop\vllm\github\MQA_FastPath\C&D\server_D_FP_OFF_MQA_OFF_k4.log","server","D_FP_OFF_MQA_OFF","4","collect_detailed_traces","46","None)"
"C&D","C:\Users\407407\Desktop\vllm\github\MQA_FastPath\C&D\server_D_FP_OFF_MQA_OFF_k4.log","server","D_FP_OFF_MQA_OFF","4","compilation_config","46","{""level"":0,""debug_dump_path"":"""",""cache_dir"":"""",""backend"":"""",""custom_ops"":[],""splitting_ops"":[],""use_inductor"":true,""compile_sizes"":[],""inductor_compile_config"":{},""inductor_passes"":{},""use_cudagraph"":false,""cudagraph_num_of_warmups"":0,""cudagraph_capture_sizes"":[],""cudagraph_copy_inputs"":false,""full_cuda_graph"":false,""max_capture_size"":0,""local_cache_dir"":null}"
"C&D","C:\Users\407407\Desktop\vllm\github\MQA_FastPath\C&D\server_D_FP_OFF_MQA_OFF_k4.log","server","D_FP_OFF_MQA_OFF","4","count","929","450"
"C&D","C:\Users\407407\Desktop\vllm\github\MQA_FastPath\C&D\server_D_FP_OFF_MQA_OFF_k4.log","server","D_FP_OFF_MQA_OFF","4","decoding_config","46","DecodingConfig(backend='xgrammar'"
"C&D","C:\Users\407407\Desktop\vllm\github\MQA_FastPath\C&D\server_D_FP_OFF_MQA_OFF_k4.log","server","D_FP_OFF_MQA_OFF","4","description","242","f""XaaS"
"C&D","C:\Users\407407\Desktop\vllm\github\MQA_FastPath\C&D\server_D_FP_OFF_MQA_OFF_k4.log","server","D_FP_OFF_MQA_OFF","4","device_config","46","npu"
"C&D","C:\Users\407407\Desktop\vllm\github\MQA_FastPath\C&D\server_D_FP_OFF_MQA_OFF_k4.log","server","D_FP_OFF_MQA_OFF","4","disable_additional_properties","46","False"
"C&D","C:\Users\407407\Desktop\vllm\github\MQA_FastPath\C&D\server_D_FP_OFF_MQA_OFF_k4.log","server","D_FP_OFF_MQA_OFF","4","disable_any_whitespace","46","False"
"C&D","C:\Users\407407\Desktop\vllm\github\MQA_FastPath\C&D\server_D_FP_OFF_MQA_OFF_k4.log","server","D_FP_OFF_MQA_OFF","4","disable_custom_all_reduce","46","True"
"C&D","C:\Users\407407\Desktop\vllm\github\MQA_FastPath\C&D\server_D_FP_OFF_MQA_OFF_k4.log","server","D_FP_OFF_MQA_OFF","4","disable_fallback","46","False"
"C&D","C:\Users\407407\Desktop\vllm\github\MQA_FastPath\C&D\server_D_FP_OFF_MQA_OFF_k4.log","server","D_FP_OFF_MQA_OFF","4","download_dir","46","None"
"C&D","C:\Users\407407\Desktop\vllm\github\MQA_FastPath\C&D\server_D_FP_OFF_MQA_OFF_k4.log","server","D_FP_OFF_MQA_OFF","4","draft_tp","48","1"
"C&D","C:\Users\407407\Desktop\vllm\github\MQA_FastPath\C&D\server_D_FP_OFF_MQA_OFF_k4.log","server","D_FP_OFF_MQA_OFF","4","dtype","46","torch.bfloat16"
"C&D","C:\Users\407407\Desktop\vllm\github\MQA_FastPath\C&D\server_D_FP_OFF_MQA_OFF_k4.log","server","D_FP_OFF_MQA_OFF","4","element","203","{<Home"
"C&D","C:\Users\407407\Desktop\vllm\github\MQA_FastPath\C&D\server_D_FP_OFF_MQA_OFF_k4.log","server","D_FP_OFF_MQA_OFF","4","enable_prefix_caching","46","None"
"C&D","C:\Users\407407\Desktop\vllm\github\MQA_FastPath\C&D\server_D_FP_OFF_MQA_OFF_k4.log","server","D_FP_OFF_MQA_OFF","4","enforce_eager","46","True"
"C&D","C:\Users\407407\Desktop\vllm\github\MQA_FastPath\C&D\server_D_FP_OFF_MQA_OFF_k4.log","server","D_FP_OFF_MQA_OFF","4","extra_args","754","None)"
"C&D","C:\Users\407407\Desktop\vllm\github\MQA_FastPath\C&D\server_D_FP_OFF_MQA_OFF_k4.log","server","D_FP_OFF_MQA_OFF","4","fail_adapter","125","0"
"C&D","C:\Users\407407\Desktop\vllm\github\MQA_FastPath\C&D\server_D_FP_OFF_MQA_OFF_k4.log","server","D_FP_OFF_MQA_OFF","4","fail_backend","125","1"
"C&D","C:\Users\407407\Desktop\vllm\github\MQA_FastPath\C&D\server_D_FP_OFF_MQA_OFF_k4.log","server","D_FP_OFF_MQA_OFF","4","fail_disabled","125","0"
"C&D","C:\Users\407407\Desktop\vllm\github\MQA_FastPath\C&D\server_D_FP_OFF_MQA_OFF_k4.log","server","D_FP_OFF_MQA_OFF","4","fail_lora","125","0"
"C&D","C:\Users\407407\Desktop\vllm\github\MQA_FastPath\C&D\server_D_FP_OFF_MQA_OFF_k4.log","server","D_FP_OFF_MQA_OFF","4","fail_prompt","125","0"
"C&D","C:\Users\407407\Desktop\vllm\github\MQA_FastPath\C&D\server_D_FP_OFF_MQA_OFF_k4.log","server","D_FP_OFF_MQA_OFF","4","fixed","203","""top"""
"C&D","C:\Users\407407\Desktop\vllm\github\MQA_FastPath\C&D\server_D_FP_OFF_MQA_OFF_k4.log","server","D_FP_OFF_MQA_OFF","4","for","318","""file-name"">File"
"C&D","C:\Users\407407\Desktop\vllm\github\MQA_FastPath\C&D\server_D_FP_OFF_MQA_OFF_k4.log","server","D_FP_OFF_MQA_OFF","4","frequency_penalty","754","0.0"
"C&D","C:\Users\407407\Desktop\vllm\github\MQA_FastPath\C&D\server_D_FP_OFF_MQA_OFF_k4.log","server","D_FP_OFF_MQA_OFF","4","guided_decoding","754","None"
"C&D","C:\Users\407407\Desktop\vllm\github\MQA_FastPath\C&D\server_D_FP_OFF_MQA_OFF_k4.log","server","D_FP_OFF_MQA_OFF","4","high_k_occ","941","0.0220"
"C&D","C:\Users\407407\Desktop\vllm\github\MQA_FastPath\C&D\server_D_FP_OFF_MQA_OFF_k4.log","server","D_FP_OFF_MQA_OFF","4","hist","941","2:333,3:68,4:9"
"C&D","C:\Users\407407\Desktop\vllm\github\MQA_FastPath\C&D\server_D_FP_OFF_MQA_OFF_k4.log","server","D_FP_OFF_MQA_OFF","4","hs_ratio","939","0.0000"
"C&D","C:\Users\407407\Desktop\vllm\github\MQA_FastPath\C&D\server_D_FP_OFF_MQA_OFF_k4.log","server","D_FP_OFF_MQA_OFF","4","id","318","""file-name"""
"C&D","C:\Users\407407\Desktop\vllm\github\MQA_FastPath\C&D\server_D_FP_OFF_MQA_OFF_k4.log","server","D_FP_OFF_MQA_OFF","4","ignore_eos","754","False"
"C&D","C:\Users\407407\Desktop\vllm\github\MQA_FastPath\C&D\server_D_FP_OFF_MQA_OFF_k4.log","server","D_FP_OFF_MQA_OFF","4","include_stop_str_in_output","754","False"
"C&D","C:\Users\407407\Desktop\vllm\github\MQA_FastPath\C&D\server_D_FP_OFF_MQA_OFF_k4.log","server","D_FP_OFF_MQA_OFF","4","is_tp1_runner","124","True"
"C&D","C:\Users\407407\Desktop\vllm\github\MQA_FastPath\C&D\server_D_FP_OFF_MQA_OFF_k4.log","server","D_FP_OFF_MQA_OFF","4","iter_p95","939","367.593"
"C&D","C:\Users\407407\Desktop\vllm\github\MQA_FastPath\C&D\server_D_FP_OFF_MQA_OFF_k4.log","server","D_FP_OFF_MQA_OFF","4","k","940","2"
"C&D","C:\Users\407407\Desktop\vllm\github\MQA_FastPath\C&D\server_D_FP_OFF_MQA_OFF_k4.log","server","D_FP_OFF_MQA_OFF","4","kv_cache_dtype","46","auto"
"C&D","C:\Users\407407\Desktop\vllm\github\MQA_FastPath\C&D\server_D_FP_OFF_MQA_OFF_k4.log","server","D_FP_OFF_MQA_OFF","4","load_format","46","auto"
"C&D","C:\Users\407407\Desktop\vllm\github\MQA_FastPath\C&D\server_D_FP_OFF_MQA_OFF_k4.log","server","D_FP_OFF_MQA_OFF","4","logprobs","754","None"
"C&D","C:\Users\407407\Desktop\vllm\github\MQA_FastPath\C&D\server_D_FP_OFF_MQA_OFF_k4.log","server","D_FP_OFF_MQA_OFF","4","low","754","66%]"
"C&D","C:\Users\407407\Desktop\vllm\github\MQA_FastPath\C&D\server_D_FP_OFF_MQA_OFF_k4.log","server","D_FP_OFF_MQA_OFF","4","max_seq_len","46","8192"
"C&D","C:\Users\407407\Desktop\vllm\github\MQA_FastPath\C&D\server_D_FP_OFF_MQA_OFF_k4.log","server","D_FP_OFF_MQA_OFF","4","max_tokens","754","266"
"C&D","C:\Users\407407\Desktop\vllm\github\MQA_FastPath\C&D\server_D_FP_OFF_MQA_OFF_k4.log","server","D_FP_OFF_MQA_OFF","4","min_p","754","0.0"
"C&D","C:\Users\407407\Desktop\vllm\github\MQA_FastPath\C&D\server_D_FP_OFF_MQA_OFF_k4.log","server","D_FP_OFF_MQA_OFF","4","min_tokens","754","0"
"C&D","C:\Users\407407\Desktop\vllm\github\MQA_FastPath\C&D\server_D_FP_OFF_MQA_OFF_k4.log","server","D_FP_OFF_MQA_OFF","4","model","46","'/mnt/ky2307909/siyuan.tong/Qwen3-8B'"
"C&D","C:\Users\407407\Desktop\vllm\github\MQA_FastPath\C&D\server_D_FP_OFF_MQA_OFF_k4.log","server","D_FP_OFF_MQA_OFF","4","model_runner","124","<class 'vllm_ascend.worker.draft_model_runner.TP1DraftModelRunner'>"
"C&D","C:\Users\407407\Desktop\vllm\github\MQA_FastPath\C&D\server_D_FP_OFF_MQA_OFF_k4.log","server","D_FP_OFF_MQA_OFF","4","model_type","48","qwen3)"
"C&D","C:\Users\407407\Desktop\vllm\github\MQA_FastPath\C&D\server_D_FP_OFF_MQA_OFF_k4.log","server","D_FP_OFF_MQA_OFF","4","ms_hit","125","0"
"C&D","C:\Users\407407\Desktop\vllm\github\MQA_FastPath\C&D\server_D_FP_OFF_MQA_OFF_k4.log","server","D_FP_OFF_MQA_OFF","4","ms_total","125","1"
"C&D","C:\Users\407407\Desktop\vllm\github\MQA_FastPath\C&D\server_D_FP_OFF_MQA_OFF_k4.log","server","D_FP_OFF_MQA_OFF","4","multi_step_stream_outputs","46","True"
"C&D","C:\Users\407407\Desktop\vllm\github\MQA_FastPath\C&D\server_D_FP_OFF_MQA_OFF_k4.log","server","D_FP_OFF_MQA_OFF","4","n","754","1"
"C&D","C:\Users\407407\Desktop\vllm\github\MQA_FastPath\C&D\server_D_FP_OFF_MQA_OFF_k4.log","server","D_FP_OFF_MQA_OFF","4","name","318","""file-name""><br>\n"
"C&D","C:\Users\407407\Desktop\vllm\github\MQA_FastPath\C&D\server_D_FP_OFF_MQA_OFF_k4.log","server","D_FP_OFF_MQA_OFF","4","new_protected_value","458","\'other\'"
"C&D","C:\Users\407407\Desktop\vllm\github\MQA_FastPath\C&D\server_D_FP_OFF_MQA_OFF_k4.log","server","D_FP_OFF_MQA_OFF","4","ntext","290","[\'Dear   Support   team, \\\\n\\\\nRequest   you   to   please   install   VM   ware   Horizon   client   for  access to   client system.   Attaching   document   received   from   client   (Alix   partners)   for reference.\\\\n\\\\nclient   URL: https://portal.alixpartners.com\\\\nVMare-Horizon-Client-2212-8.8.-21079405\\\\n\\\\Thanks,InSrikanth   P\',\n""I   am   logging   this   request   on  be   half   of  Mahendra   Posham,   he   is   from  my   team.   he   is   facing   error   while setting   up  his   laptop.he   is facing   \'The  securtiy   database   on  the   server   does   not   have  a  computer account   for this   workstatition   trust   relationship\'   error   .     I   have   provided   his   no  below   can  you   plese call   him   up  to   understand   the   issue.    \\\\nhis   email   I\'d   is posham.mahendra\\\\n   laptopID:   ITL-HW-LAPTOP脗\\x95\\n000000441525  \\\\nmobile   no:  9573607244    \\\\n   "",\n\'Hi   there\n```', params: SamplingParams(n=1, presence_penalty=0.0, frequency_penalty=0.0, repetition_penalty=1.0, temperature=0.0, top_p=1.0, top_k=0, min_p=0.0, seed=None, stop=[]"
"C&D","C:\Users\407407\Desktop\vllm\github\MQA_FastPath\C&D\server_D_FP_OFF_MQA_OFF_k4.log","server","D_FP_OFF_MQA_OFF","4","num_scheduler_steps","46","1"
"C&D","C:\Users\407407\Desktop\vllm\github\MQA_FastPath\C&D\server_D_FP_OFF_MQA_OFF_k4.log","server","D_FP_OFF_MQA_OFF","4","num_spec_tokens","46","4)"
"C&D","C:\Users\407407\Desktop\vllm\github\MQA_FastPath\C&D\server_D_FP_OFF_MQA_OFF_k4.log","server","D_FP_OFF_MQA_OFF","4","observability_config","46","ObservabilityConfig(show_hidden_metrics_for_version=None"
"C&D","C:\Users\407407\Desktop\vllm\github\MQA_FastPath\C&D\server_D_FP_OFF_MQA_OFF_k4.log","server","D_FP_OFF_MQA_OFF","4","otlp_traces_endpoint","46","None"
"C&D","C:\Users\407407\Desktop\vllm\github\MQA_FastPath\C&D\server_D_FP_OFF_MQA_OFF_k4.log","server","D_FP_OFF_MQA_OFF","4","override_neuron_config","46","{}"
"C&D","C:\Users\407407\Desktop\vllm\github\MQA_FastPath\C&D\server_D_FP_OFF_MQA_OFF_k4.log","server","D_FP_OFF_MQA_OFF","4","overwrite","593","true)"";\n\nusing"
"C&D","C:\Users\407407\Desktop\vllm\github\MQA_FastPath\C&D\server_D_FP_OFF_MQA_OFF_k4.log","server","D_FP_OFF_MQA_OFF","4","overwrites","734","{ctx.guild.default_role:"
"C&D","C:\Users\407407\Desktop\vllm\github\MQA_FastPath\C&D\server_D_FP_OFF_MQA_OFF_k4.log","server","D_FP_OFF_MQA_OFF","4","path","203","""/"""
"C&D","C:\Users\407407\Desktop\vllm\github\MQA_FastPath\C&D\server_D_FP_OFF_MQA_OFF_k4.log","server","D_FP_OFF_MQA_OFF","4","pipeline_parallel_size","46","1"
"C&D","C:\Users\407407\Desktop\vllm\github\MQA_FastPath\C&D\server_D_FP_OFF_MQA_OFF_k4.log","server","D_FP_OFF_MQA_OFF","4","pooler_config","46","None"
"C&D","C:\Users\407407\Desktop\vllm\github\MQA_FastPath\C&D\server_D_FP_OFF_MQA_OFF_k4.log","server","D_FP_OFF_MQA_OFF","4","pos2","824","0.8714"
"C&D","C:\Users\407407\Desktop\vllm\github\MQA_FastPath\C&D\server_D_FP_OFF_MQA_OFF_k4.log","server","D_FP_OFF_MQA_OFF","4","pos3","824","0.8714"
"C&D","C:\Users\407407\Desktop\vllm\github\MQA_FastPath\C&D\server_D_FP_OFF_MQA_OFF_k4.log","server","D_FP_OFF_MQA_OFF","4","pos4","824","0.8714"
"C&D","C:\Users\407407\Desktop\vllm\github\MQA_FastPath\C&D\server_D_FP_OFF_MQA_OFF_k4.log","server","D_FP_OFF_MQA_OFF","4","presence_penalty","754","0.0"
"C&D","C:\Users\407407\Desktop\vllm\github\MQA_FastPath\C&D\server_D_FP_OFF_MQA_OFF_k4.log","server","D_FP_OFF_MQA_OFF","4","prompt_logprobs","754","None"
"C&D","C:\Users\407407\Desktop\vllm\github\MQA_FastPath\C&D\server_D_FP_OFF_MQA_OFF_k4.log","server","D_FP_OFF_MQA_OFF","4","proposer","50","<class 'vllm.spec_decode.multi_step_worker.MultiStepWorker'>"
"C&D","C:\Users\407407\Desktop\vllm\github\MQA_FastPath\C&D\server_D_FP_OFF_MQA_OFF_k4.log","server","D_FP_OFF_MQA_OFF","4","protected_attribute","458","\'gender\'"
"C&D","C:\Users\407407\Desktop\vllm\github\MQA_FastPath\C&D\server_D_FP_OFF_MQA_OFF_k4.log","server","D_FP_OFF_MQA_OFF","4","q","824","70"
"C&D","C:\Users\407407\Desktop\vllm\github\MQA_FastPath\C&D\server_D_FP_OFF_MQA_OFF_k4.log","server","D_FP_OFF_MQA_OFF","4","quantization","46","None"
"C&D","C:\Users\407407\Desktop\vllm\github\MQA_FastPath\C&D\server_D_FP_OFF_MQA_OFF_k4.log","server","D_FP_OFF_MQA_OFF","4","reasoning_backend","46","'')"
"C&D","C:\Users\407407\Desktop\vllm\github\MQA_FastPath\C&D\server_D_FP_OFF_MQA_OFF_k4.log","server","D_FP_OFF_MQA_OFF","4","repetition_penalty","754","1.0"
"C&D","C:\Users\407407\Desktop\vllm\github\MQA_FastPath\C&D\server_D_FP_OFF_MQA_OFF_k4.log","server","D_FP_OFF_MQA_OFF","4","revision","46","None"
"C&D","C:\Users\407407\Desktop\vllm\github\MQA_FastPath\C&D\server_D_FP_OFF_MQA_OFF_k4.log","server","D_FP_OFF_MQA_OFF","4","runner_cls","48","<class 'vllm_ascend.worker.draft_model_runner.TP1DraftModelRunner'>"
"C&D","C:\Users\407407\Desktop\vllm\github\MQA_FastPath\C&D\server_D_FP_OFF_MQA_OFF_k4.log","server","D_FP_OFF_MQA_OFF","4","sample_len","124","4"
"C&D","C:\Users\407407\Desktop\vllm\github\MQA_FastPath\C&D\server_D_FP_OFF_MQA_OFF_k4.log","server","D_FP_OFF_MQA_OFF","4","sampler","52","<class 'vllm.model_executor.layers.rejection_sampler.RejectionSampler'>"
"C&D","C:\Users\407407\Desktop\vllm\github\MQA_FastPath\C&D\server_D_FP_OFF_MQA_OFF_k4.log","server","D_FP_OFF_MQA_OFF","4","schedule","167","60"
"C&D","C:\Users\407407\Desktop\vllm\github\MQA_FastPath\C&D\server_D_FP_OFF_MQA_OFF_k4.log","server","D_FP_OFF_MQA_OFF","4","scoring_time_ms","933","59.73"
"C&D","C:\Users\407407\Desktop\vllm\github\MQA_FastPath\C&D\server_D_FP_OFF_MQA_OFF_k4.log","server","D_FP_OFF_MQA_OFF","4","seed","754","None"
"C&D","C:\Users\407407\Desktop\vllm\github\MQA_FastPath\C&D\server_D_FP_OFF_MQA_OFF_k4.log","server","D_FP_OFF_MQA_OFF","4","send_messages","734","False"
"C&D","C:\Users\407407\Desktop\vllm\github\MQA_FastPath\C&D\server_D_FP_OFF_MQA_OFF_k4.log","server","D_FP_OFF_MQA_OFF","4","served_model_name","46","qwen3-8B"
"C&D","C:\Users\407407\Desktop\vllm\github\MQA_FastPath\C&D\server_D_FP_OFF_MQA_OFF_k4.log","server","D_FP_OFF_MQA_OFF","4","skip_special_tokens","754","True"
"C&D","C:\Users\407407\Desktop\vllm\github\MQA_FastPath\C&D\server_D_FP_OFF_MQA_OFF_k4.log","server","D_FP_OFF_MQA_OFF","4","skip_tokenizer_init","46","False"
"C&D","C:\Users\407407\Desktop\vllm\github\MQA_FastPath\C&D\server_D_FP_OFF_MQA_OFF_k4.log","server","D_FP_OFF_MQA_OFF","4","spaces_between_special_tokens","754","True"
"C&D","C:\Users\407407\Desktop\vllm\github\MQA_FastPath\C&D\server_D_FP_OFF_MQA_OFF_k4.log","server","D_FP_OFF_MQA_OFF","4","speculative_config","46","SpeculativeConfig(method='draft_model'"
"C&D","C:\Users\407407\Desktop\vllm\github\MQA_FastPath\C&D\server_D_FP_OFF_MQA_OFF_k4.log","server","D_FP_OFF_MQA_OFF","4","step_accept","940","[1.0, 0.7689]"
"C&D","C:\Users\407407\Desktop\vllm\github\MQA_FastPath\C&D\server_D_FP_OFF_MQA_OFF_k4.log","server","D_FP_OFF_MQA_OFF","4","stop","754","[]"
"C&D","C:\Users\407407\Desktop\vllm\github\MQA_FastPath\C&D\server_D_FP_OFF_MQA_OFF_k4.log","server","D_FP_OFF_MQA_OFF","4","stop_token_ids","754","[]"
"C&D","C:\Users\407407\Desktop\vllm\github\MQA_FastPath\C&D\server_D_FP_OFF_MQA_OFF_k4.log","server","D_FP_OFF_MQA_OFF","4","supports_gpu_multi_step","126","False."
"C&D","C:\Users\407407\Desktop\vllm\github\MQA_FastPath\C&D\server_D_FP_OFF_MQA_OFF_k4.log","server","D_FP_OFF_MQA_OFF","4","switch_per_min","941","9.5812"
"C&D","C:\Users\407407\Desktop\vllm\github\MQA_FastPath\C&D\server_D_FP_OFF_MQA_OFF_k4.log","server","D_FP_OFF_MQA_OFF","4","target_tp","48","1"
"C&D","C:\Users\407407\Desktop\vllm\github\MQA_FastPath\C&D\server_D_FP_OFF_MQA_OFF_k4.log","server","D_FP_OFF_MQA_OFF","4","temperature","754","0.0"
"C&D","C:\Users\407407\Desktop\vllm\github\MQA_FastPath\C&D\server_D_FP_OFF_MQA_OFF_k4.log","server","D_FP_OFF_MQA_OFF","4","tensor_parallel_size","46","1"
"C&D","C:\Users\407407\Desktop\vllm\github\MQA_FastPath\C&D\server_D_FP_OFF_MQA_OFF_k4.log","server","D_FP_OFF_MQA_OFF","4","threshold","458","0.5):\n"
"C&D","C:\Users\407407\Desktop\vllm\github\MQA_FastPath\C&D\server_D_FP_OFF_MQA_OFF_k4.log","server","D_FP_OFF_MQA_OFF","4","throughput_tps","939","211.906"
"C&D","C:\Users\407407\Desktop\vllm\github\MQA_FastPath\C&D\server_D_FP_OFF_MQA_OFF_k4.log","server","D_FP_OFF_MQA_OFF","4","to","203","""/"">\n"
"C&D","C:\Users\407407\Desktop\vllm\github\MQA_FastPath\C&D\server_D_FP_OFF_MQA_OFF_k4.log","server","D_FP_OFF_MQA_OFF","4","tokenizer","46","'/mnt/ky2307909/siyuan.tong/Qwen3-8B'"
"C&D","C:\Users\407407\Desktop\vllm\github\MQA_FastPath\C&D\server_D_FP_OFF_MQA_OFF_k4.log","server","D_FP_OFF_MQA_OFF","4","tokenizer_mode","46","auto"
"C&D","C:\Users\407407\Desktop\vllm\github\MQA_FastPath\C&D\server_D_FP_OFF_MQA_OFF_k4.log","server","D_FP_OFF_MQA_OFF","4","tokenizer_revision","46","None"
"C&D","C:\Users\407407\Desktop\vllm\github\MQA_FastPath\C&D\server_D_FP_OFF_MQA_OFF_k4.log","server","D_FP_OFF_MQA_OFF","4","top_k","754","0"
"C&D","C:\Users\407407\Desktop\vllm\github\MQA_FastPath\C&D\server_D_FP_OFF_MQA_OFF_k4.log","server","D_FP_OFF_MQA_OFF","4","top_p","754","1.0"
"C&D","C:\Users\407407\Desktop\vllm\github\MQA_FastPath\C&D\server_D_FP_OFF_MQA_OFF_k4.log","server","D_FP_OFF_MQA_OFF","4","truncate_prompt_tokens","754","None"
"C&D","C:\Users\407407\Desktop\vllm\github\MQA_FastPath\C&D\server_D_FP_OFF_MQA_OFF_k4.log","server","D_FP_OFF_MQA_OFF","4","trust_remote_code","46","True"
"C&D","C:\Users\407407\Desktop\vllm\github\MQA_FastPath\C&D\server_D_FP_OFF_MQA_OFF_k4.log","server","D_FP_OFF_MQA_OFF","4","type","318","""text"""
"C&D","C:\Users\407407\Desktop\vllm\github\MQA_FastPath\C&D\server_D_FP_OFF_MQA_OFF_k4.log","server","D_FP_OFF_MQA_OFF","4","url","593","\'your-file-name.txt\'"
"C&D","C:\Users\407407\Desktop\vllm\github\MQA_FastPath\C&D\server_D_FP_OFF_MQA_OFF_k4.log","server","D_FP_OFF_MQA_OFF","4","use_async_output_proc","46","False"
"C&D","C:\Users\407407\Desktop\vllm\github\MQA_FastPath\C&D\server_D_FP_OFF_MQA_OFF_k4.log","server","D_FP_OFF_MQA_OFF","4","use_cached_outputs","46","True"
"C&D","C:\Users\407407\Desktop\vllm\github\MQA_FastPath\C&D\server_D_FP_OFF_MQA_OFF_k4.log","server","D_FP_OFF_MQA_OFF","4","value","318","""Download"">\n</form>\n```\nThis"
"C&D","C:\Users\407407\Desktop\vllm\github\MQA_FastPath\C&D\server_D_FP_OFF_MQA_OFF_k4.log","server","D_FP_OFF_MQA_OFF","4","variant","203","""primary"">Post</Button>\n"
"C&D","C:\Users\407407\Desktop\vllm\github\MQA_FastPath\C&D\server_D_FP_OFF_MQA_OFF_k4.log","server","D_FP_OFF_MQA_OFF","4","verification_time_ms","933","5.15"
"C&D","C:\Users\407407\Desktop\vllm\github\MQA_FastPath\C&D\server_D_FP_OFF_MQA_OFF_k4.log","server","D_FP_OFF_MQA_OFF","4","view_channel","734","False)"
"C&D","C:\Users\407407\Desktop\vllm\github\MQA_FastPath\C&D\server_D_FP_OFF_MQA_OFF_k4.log","server","D_FP_OFF_MQA_OFF","4","vpcs","242","[]"
"C&D","C:\Users\407407\Desktop\vllm\github\MQA_FastPath\C&D\server_D_FP_OFF_MQA_OFF_k4.log","server","D_FP_OFF_MQA_OFF","4","W","612","X+Y'"
"C&D","C:\Users\407407\Desktop\vllm\github\MQA_FastPath\C&D\server_D_FP_OFF_MQA_OFF_k4.log","server","D_FP_OFF_MQA_OFF","4","waste","824","0.0643"
"C&D","C:\Users\407407\Desktop\vllm\github\MQA_FastPath\C&D\server_D_FP_OFF_MQA_OFF_k4.log","server","D_FP_OFF_MQA_OFF","4","waste_ratio","940","0.1155"
"C&D","C:\Users\407407\Desktop\vllm\github\MQA_FastPath\C&D\server_D_FP_OFF_MQA_OFF_k8.log","server","D_FP_OFF_MQA_OFF","8","_id","240","request\\_id\n"
"C&D","C:\Users\407407\Desktop\vllm\github\MQA_FastPath\C&D\server_D_FP_OFF_MQA_OFF_k8.log","server","D_FP_OFF_MQA_OFF","8","_name","240","""vpc-xaas"",\n"
"C&D","C:\Users\407407\Desktop\vllm\github\MQA_FastPath\C&D\server_D_FP_OFF_MQA_OFF_k8.log","server","D_FP_OFF_MQA_OFF","8","_node","754","2]""\n"
"C&D","C:\Users\407407\Desktop\vllm\github\MQA_FastPath\C&D\server_D_FP_OFF_MQA_OFF_k8.log","server","D_FP_OFF_MQA_OFF","8","_type","240","project\\_type,\n"
"C&D","C:\Users\407407\Desktop\vllm\github\MQA_FastPath\C&D\server_D_FP_OFF_MQA_OFF_k8.log","server","D_FP_OFF_MQA_OFF","8","accept","949","0.8281"
"C&D","C:\Users\407407\Desktop\vllm\github\MQA_FastPath\C&D\server_D_FP_OFF_MQA_OFF_k8.log","server","D_FP_OFF_MQA_OFF","8","accept_no_hs","949","0.8281"
"C&D","C:\Users\407407\Desktop\vllm\github\MQA_FastPath\C&D\server_D_FP_OFF_MQA_OFF_k8.log","server","D_FP_OFF_MQA_OFF","8","accept_with_hs","949","0.0000"
"C&D","C:\Users\407407\Desktop\vllm\github\MQA_FastPath\C&D\server_D_FP_OFF_MQA_OFF_k8.log","server","D_FP_OFF_MQA_OFF","8","as","204","{Link}"
"C&D","C:\Users\407407\Desktop\vllm\github\MQA_FastPath\C&D\server_D_FP_OFF_MQA_OFF_k8.log","server","D_FP_OFF_MQA_OFF","8","average_time_per_proposal_tok_ms","940","68.29"
"C&D","C:\Users\407407\Desktop\vllm\github\MQA_FastPath\C&D\server_D_FP_OFF_MQA_OFF_k8.log","server","D_FP_OFF_MQA_OFF","8","avg_execute_total_ms","938","70.21"
"C&D","C:\Users\407407\Desktop\vllm\github\MQA_FastPath\C&D\server_D_FP_OFF_MQA_OFF_k8.log","server","D_FP_OFF_MQA_OFF","8","avg_forward_ms","938","63.43"
"C&D","C:\Users\407407\Desktop\vllm\github\MQA_FastPath\C&D\server_D_FP_OFF_MQA_OFF_k8.log","server","D_FP_OFF_MQA_OFF","8","avg_logits_ms","938","1.39"
"C&D","C:\Users\407407\Desktop\vllm\github\MQA_FastPath\C&D\server_D_FP_OFF_MQA_OFF_k8.log","server","D_FP_OFF_MQA_OFF","8","avg_sampler_ms","938","5.34"
"C&D","C:\Users\407407\Desktop\vllm\github\MQA_FastPath\C&D\server_D_FP_OFF_MQA_OFF_k8.log","server","D_FP_OFF_MQA_OFF","8","axis","460","1)\n"
"C&D","C:\Users\407407\Desktop\vllm\github\MQA_FastPath\C&D\server_D_FP_OFF_MQA_OFF_k8.log","server","D_FP_OFF_MQA_OFF","8","backend","53","ASCEND"
"C&D","C:\Users\407407\Desktop\vllm\github\MQA_FastPath\C&D\server_D_FP_OFF_MQA_OFF_k8.log","server","D_FP_OFF_MQA_OFF","8","bad_words","756","[]"
"C&D","C:\Users\407407\Desktop\vllm\github\MQA_FastPath\C&D\server_D_FP_OFF_MQA_OFF_k8.log","server","D_FP_OFF_MQA_OFF","8","bg","204","""light"""
"C&D","C:\Users\407407\Desktop\vllm\github\MQA_FastPath\C&D\server_D_FP_OFF_MQA_OFF_k8.log","server","D_FP_OFF_MQA_OFF","8","cap","904","4)"
"C&D","C:\Users\407407\Desktop\vllm\github\MQA_FastPath\C&D\server_D_FP_OFF_MQA_OFF_k8.log","server","D_FP_OFF_MQA_OFF","8","capability","53","FLASH_ATTN)."
"C&D","C:\Users\407407\Desktop\vllm\github\MQA_FastPath\C&D\server_D_FP_OFF_MQA_OFF_k8.log","server","D_FP_OFF_MQA_OFF","8","category","733","None"
"C&D","C:\Users\407407\Desktop\vllm\github\MQA_FastPath\C&D\server_D_FP_OFF_MQA_OFF_k8.log","server","D_FP_OFF_MQA_OFF","8","chunked_prefill_enabled","46","False"
"C&D","C:\Users\407407\Desktop\vllm\github\MQA_FastPath\C&D\server_D_FP_OFF_MQA_OFF_k8.log","server","D_FP_OFF_MQA_OFF","8","className","204","""py-3"">\n"
"C&D","C:\Users\407407\Desktop\vllm\github\MQA_FastPath\C&D\server_D_FP_OFF_MQA_OFF_k8.log","server","D_FP_OFF_MQA_OFF","8","collect_detailed_traces","46","None)"
"C&D","C:\Users\407407\Desktop\vllm\github\MQA_FastPath\C&D\server_D_FP_OFF_MQA_OFF_k8.log","server","D_FP_OFF_MQA_OFF","8","compilation_config","46","{""level"":0,""debug_dump_path"":"""",""cache_dir"":"""",""backend"":"""",""custom_ops"":[],""splitting_ops"":[],""use_inductor"":true,""compile_sizes"":[],""inductor_compile_config"":{},""inductor_passes"":{},""use_cudagraph"":false,""cudagraph_num_of_warmups"":0,""cudagraph_capture_sizes"":[],""cudagraph_copy_inputs"":false,""full_cuda_graph"":false,""max_capture_size"":0,""local_cache_dir"":null}"
"C&D","C:\Users\407407\Desktop\vllm\github\MQA_FastPath\C&D\server_D_FP_OFF_MQA_OFF_k8.log","server","D_FP_OFF_MQA_OFF","8","count","938","450"
"C&D","C:\Users\407407\Desktop\vllm\github\MQA_FastPath\C&D\server_D_FP_OFF_MQA_OFF_k8.log","server","D_FP_OFF_MQA_OFF","8","decoding_config","46","DecodingConfig(backend='xgrammar'"
"C&D","C:\Users\407407\Desktop\vllm\github\MQA_FastPath\C&D\server_D_FP_OFF_MQA_OFF_k8.log","server","D_FP_OFF_MQA_OFF","8","description","240","f""XaaS"
"C&D","C:\Users\407407\Desktop\vllm\github\MQA_FastPath\C&D\server_D_FP_OFF_MQA_OFF_k8.log","server","D_FP_OFF_MQA_OFF","8","device_config","46","npu"
"C&D","C:\Users\407407\Desktop\vllm\github\MQA_FastPath\C&D\server_D_FP_OFF_MQA_OFF_k8.log","server","D_FP_OFF_MQA_OFF","8","disable_additional_properties","46","False"
"C&D","C:\Users\407407\Desktop\vllm\github\MQA_FastPath\C&D\server_D_FP_OFF_MQA_OFF_k8.log","server","D_FP_OFF_MQA_OFF","8","disable_any_whitespace","46","False"
"C&D","C:\Users\407407\Desktop\vllm\github\MQA_FastPath\C&D\server_D_FP_OFF_MQA_OFF_k8.log","server","D_FP_OFF_MQA_OFF","8","disable_custom_all_reduce","46","True"
"C&D","C:\Users\407407\Desktop\vllm\github\MQA_FastPath\C&D\server_D_FP_OFF_MQA_OFF_k8.log","server","D_FP_OFF_MQA_OFF","8","disable_fallback","46","False"
"C&D","C:\Users\407407\Desktop\vllm\github\MQA_FastPath\C&D\server_D_FP_OFF_MQA_OFF_k8.log","server","D_FP_OFF_MQA_OFF","8","download_dir","46","None"
"C&D","C:\Users\407407\Desktop\vllm\github\MQA_FastPath\C&D\server_D_FP_OFF_MQA_OFF_k8.log","server","D_FP_OFF_MQA_OFF","8","draft_tp","48","1"
"C&D","C:\Users\407407\Desktop\vllm\github\MQA_FastPath\C&D\server_D_FP_OFF_MQA_OFF_k8.log","server","D_FP_OFF_MQA_OFF","8","dtype","46","torch.bfloat16"
"C&D","C:\Users\407407\Desktop\vllm\github\MQA_FastPath\C&D\server_D_FP_OFF_MQA_OFF_k8.log","server","D_FP_OFF_MQA_OFF","8","element","204","{<Home"
"C&D","C:\Users\407407\Desktop\vllm\github\MQA_FastPath\C&D\server_D_FP_OFF_MQA_OFF_k8.log","server","D_FP_OFF_MQA_OFF","8","enable_prefix_caching","46","None"
"C&D","C:\Users\407407\Desktop\vllm\github\MQA_FastPath\C&D\server_D_FP_OFF_MQA_OFF_k8.log","server","D_FP_OFF_MQA_OFF","8","enforce_eager","46","True"
"C&D","C:\Users\407407\Desktop\vllm\github\MQA_FastPath\C&D\server_D_FP_OFF_MQA_OFF_k8.log","server","D_FP_OFF_MQA_OFF","8","extra_args","756","None)"
"C&D","C:\Users\407407\Desktop\vllm\github\MQA_FastPath\C&D\server_D_FP_OFF_MQA_OFF_k8.log","server","D_FP_OFF_MQA_OFF","8","fail_adapter","125","0"
"C&D","C:\Users\407407\Desktop\vllm\github\MQA_FastPath\C&D\server_D_FP_OFF_MQA_OFF_k8.log","server","D_FP_OFF_MQA_OFF","8","fail_backend","125","1"
"C&D","C:\Users\407407\Desktop\vllm\github\MQA_FastPath\C&D\server_D_FP_OFF_MQA_OFF_k8.log","server","D_FP_OFF_MQA_OFF","8","fail_disabled","125","0"
"C&D","C:\Users\407407\Desktop\vllm\github\MQA_FastPath\C&D\server_D_FP_OFF_MQA_OFF_k8.log","server","D_FP_OFF_MQA_OFF","8","fail_lora","125","0"
"C&D","C:\Users\407407\Desktop\vllm\github\MQA_FastPath\C&D\server_D_FP_OFF_MQA_OFF_k8.log","server","D_FP_OFF_MQA_OFF","8","fail_prompt","125","0"
"C&D","C:\Users\407407\Desktop\vllm\github\MQA_FastPath\C&D\server_D_FP_OFF_MQA_OFF_k8.log","server","D_FP_OFF_MQA_OFF","8","fixed","204","""top"""
"C&D","C:\Users\407407\Desktop\vllm\github\MQA_FastPath\C&D\server_D_FP_OFF_MQA_OFF_k8.log","server","D_FP_OFF_MQA_OFF","8","for","316","""file-name"">File"
"C&D","C:\Users\407407\Desktop\vllm\github\MQA_FastPath\C&D\server_D_FP_OFF_MQA_OFF_k8.log","server","D_FP_OFF_MQA_OFF","8","frequency_penalty","756","0.0"
"C&D","C:\Users\407407\Desktop\vllm\github\MQA_FastPath\C&D\server_D_FP_OFF_MQA_OFF_k8.log","server","D_FP_OFF_MQA_OFF","8","guided_decoding","756","None"
"C&D","C:\Users\407407\Desktop\vllm\github\MQA_FastPath\C&D\server_D_FP_OFF_MQA_OFF_k8.log","server","D_FP_OFF_MQA_OFF","8","high_k_occ","950","0.0350"
"C&D","C:\Users\407407\Desktop\vllm\github\MQA_FastPath\C&D\server_D_FP_OFF_MQA_OFF_k8.log","server","D_FP_OFF_MQA_OFF","8","hist","950","2:202,3:184,4:14"
"C&D","C:\Users\407407\Desktop\vllm\github\MQA_FastPath\C&D\server_D_FP_OFF_MQA_OFF_k8.log","server","D_FP_OFF_MQA_OFF","8","hs_ratio","949","0.0000"
"C&D","C:\Users\407407\Desktop\vllm\github\MQA_FastPath\C&D\server_D_FP_OFF_MQA_OFF_k8.log","server","D_FP_OFF_MQA_OFF","8","id","316","""file-name"""
"C&D","C:\Users\407407\Desktop\vllm\github\MQA_FastPath\C&D\server_D_FP_OFF_MQA_OFF_k8.log","server","D_FP_OFF_MQA_OFF","8","ignore_eos","756","False"
"C&D","C:\Users\407407\Desktop\vllm\github\MQA_FastPath\C&D\server_D_FP_OFF_MQA_OFF_k8.log","server","D_FP_OFF_MQA_OFF","8","include_stop_str_in_output","756","False"
"C&D","C:\Users\407407\Desktop\vllm\github\MQA_FastPath\C&D\server_D_FP_OFF_MQA_OFF_k8.log","server","D_FP_OFF_MQA_OFF","8","is_tp1_runner","124","True"
"C&D","C:\Users\407407\Desktop\vllm\github\MQA_FastPath\C&D\server_D_FP_OFF_MQA_OFF_k8.log","server","D_FP_OFF_MQA_OFF","8","iter_p95","949","386.836"
"C&D","C:\Users\407407\Desktop\vllm\github\MQA_FastPath\C&D\server_D_FP_OFF_MQA_OFF_k8.log","server","D_FP_OFF_MQA_OFF","8","k","946","2"
"C&D","C:\Users\407407\Desktop\vllm\github\MQA_FastPath\C&D\server_D_FP_OFF_MQA_OFF_k8.log","server","D_FP_OFF_MQA_OFF","8","kv_cache_dtype","46","auto"
"C&D","C:\Users\407407\Desktop\vllm\github\MQA_FastPath\C&D\server_D_FP_OFF_MQA_OFF_k8.log","server","D_FP_OFF_MQA_OFF","8","load_format","46","auto"
"C&D","C:\Users\407407\Desktop\vllm\github\MQA_FastPath\C&D\server_D_FP_OFF_MQA_OFF_k8.log","server","D_FP_OFF_MQA_OFF","8","logprobs","756","None"
"C&D","C:\Users\407407\Desktop\vllm\github\MQA_FastPath\C&D\server_D_FP_OFF_MQA_OFF_k8.log","server","D_FP_OFF_MQA_OFF","8","low","754","66%]"
"C&D","C:\Users\407407\Desktop\vllm\github\MQA_FastPath\C&D\server_D_FP_OFF_MQA_OFF_k8.log","server","D_FP_OFF_MQA_OFF","8","max_seq_len","46","8192"
"C&D","C:\Users\407407\Desktop\vllm\github\MQA_FastPath\C&D\server_D_FP_OFF_MQA_OFF_k8.log","server","D_FP_OFF_MQA_OFF","8","max_tokens","756","593"
"C&D","C:\Users\407407\Desktop\vllm\github\MQA_FastPath\C&D\server_D_FP_OFF_MQA_OFF_k8.log","server","D_FP_OFF_MQA_OFF","8","min_p","756","0.0"
"C&D","C:\Users\407407\Desktop\vllm\github\MQA_FastPath\C&D\server_D_FP_OFF_MQA_OFF_k8.log","server","D_FP_OFF_MQA_OFF","8","min_tokens","756","0"
"C&D","C:\Users\407407\Desktop\vllm\github\MQA_FastPath\C&D\server_D_FP_OFF_MQA_OFF_k8.log","server","D_FP_OFF_MQA_OFF","8","model","46","'/mnt/ky2307909/siyuan.tong/Qwen3-8B'"
"C&D","C:\Users\407407\Desktop\vllm\github\MQA_FastPath\C&D\server_D_FP_OFF_MQA_OFF_k8.log","server","D_FP_OFF_MQA_OFF","8","model_runner","124","<class 'vllm_ascend.worker.draft_model_runner.TP1DraftModelRunner'>"
"C&D","C:\Users\407407\Desktop\vllm\github\MQA_FastPath\C&D\server_D_FP_OFF_MQA_OFF_k8.log","server","D_FP_OFF_MQA_OFF","8","model_type","48","qwen3)"
"C&D","C:\Users\407407\Desktop\vllm\github\MQA_FastPath\C&D\server_D_FP_OFF_MQA_OFF_k8.log","server","D_FP_OFF_MQA_OFF","8","ms_hit","125","0"
"C&D","C:\Users\407407\Desktop\vllm\github\MQA_FastPath\C&D\server_D_FP_OFF_MQA_OFF_k8.log","server","D_FP_OFF_MQA_OFF","8","ms_total","125","1"
"C&D","C:\Users\407407\Desktop\vllm\github\MQA_FastPath\C&D\server_D_FP_OFF_MQA_OFF_k8.log","server","D_FP_OFF_MQA_OFF","8","multi_step_stream_outputs","46","True"
"C&D","C:\Users\407407\Desktop\vllm\github\MQA_FastPath\C&D\server_D_FP_OFF_MQA_OFF_k8.log","server","D_FP_OFF_MQA_OFF","8","n","756","1"
"C&D","C:\Users\407407\Desktop\vllm\github\MQA_FastPath\C&D\server_D_FP_OFF_MQA_OFF_k8.log","server","D_FP_OFF_MQA_OFF","8","name","316","""file-name""><br>\n"
"C&D","C:\Users\407407\Desktop\vllm\github\MQA_FastPath\C&D\server_D_FP_OFF_MQA_OFF_k8.log","server","D_FP_OFF_MQA_OFF","8","new_protected_value","460","\'other\'"
"C&D","C:\Users\407407\Desktop\vllm\github\MQA_FastPath\C&D\server_D_FP_OFF_MQA_OFF_k8.log","server","D_FP_OFF_MQA_OFF","8","ntext","288","[\'Dear   Support   team, \\\\n\\\\nRequest   you   to   please   install   VM   ware   Horizon   client   for  access to   client system.   Attaching   document   received   from   client   (Alix   partners)   for reference.\\\\n\\\\nclient   URL: https://portal.alixpartners.com\\\\nVMare-Horizon-Client-2212-8.8.-21079405\\\\n\\\\Thanks,InSrikanth   P\',\n""I   am   logging   this   request   on  be   half   of  Mahendra   Posham,   he   is   from  my   team.   he   is   facing   error   while setting   up  his   laptop.he   is facing   \'The  securtiy   database   on  the   server   does   not   have  a  computer account   for this   workstatition   trust   relationship\'   error   .     I   have   provided   his   no  below   can  you   plese call   him   up  to   understand   the   issue.    \\\\nhis   email   I\'d   is posham.mahendra\\\\n   laptopID:   ITL-HW-LAPTOP脗\\x95\\n000000441525  \\\\nmobile   no:  9573607244    \\\\n   "",\n\'Hi   there\n```', params: SamplingParams(n=1, presence_penalty=0.0, frequency_penalty=0.0, repetition_penalty=1.0, temperature=0.0, top_p=1.0, top_k=0, min_p=0.0, seed=None, stop=[]"
"C&D","C:\Users\407407\Desktop\vllm\github\MQA_FastPath\C&D\server_D_FP_OFF_MQA_OFF_k8.log","server","D_FP_OFF_MQA_OFF","8","num_scheduler_steps","46","1"
"C&D","C:\Users\407407\Desktop\vllm\github\MQA_FastPath\C&D\server_D_FP_OFF_MQA_OFF_k8.log","server","D_FP_OFF_MQA_OFF","8","num_spec_tokens","46","8)"
"C&D","C:\Users\407407\Desktop\vllm\github\MQA_FastPath\C&D\server_D_FP_OFF_MQA_OFF_k8.log","server","D_FP_OFF_MQA_OFF","8","observability_config","46","ObservabilityConfig(show_hidden_metrics_for_version=None"
"C&D","C:\Users\407407\Desktop\vllm\github\MQA_FastPath\C&D\server_D_FP_OFF_MQA_OFF_k8.log","server","D_FP_OFF_MQA_OFF","8","otlp_traces_endpoint","46","None"
"C&D","C:\Users\407407\Desktop\vllm\github\MQA_FastPath\C&D\server_D_FP_OFF_MQA_OFF_k8.log","server","D_FP_OFF_MQA_OFF","8","override_neuron_config","46","{}"
"C&D","C:\Users\407407\Desktop\vllm\github\MQA_FastPath\C&D\server_D_FP_OFF_MQA_OFF_k8.log","server","D_FP_OFF_MQA_OFF","8","overwrite","593","true)"";\n\nusing"
"C&D","C:\Users\407407\Desktop\vllm\github\MQA_FastPath\C&D\server_D_FP_OFF_MQA_OFF_k8.log","server","D_FP_OFF_MQA_OFF","8","overwrites","733","{ctx.guild.default_role:"
"C&D","C:\Users\407407\Desktop\vllm\github\MQA_FastPath\C&D\server_D_FP_OFF_MQA_OFF_k8.log","server","D_FP_OFF_MQA_OFF","8","path","204","""/"""
"C&D","C:\Users\407407\Desktop\vllm\github\MQA_FastPath\C&D\server_D_FP_OFF_MQA_OFF_k8.log","server","D_FP_OFF_MQA_OFF","8","pipeline_parallel_size","46","1"
"C&D","C:\Users\407407\Desktop\vllm\github\MQA_FastPath\C&D\server_D_FP_OFF_MQA_OFF_k8.log","server","D_FP_OFF_MQA_OFF","8","pooler_config","46","None"
"C&D","C:\Users\407407\Desktop\vllm\github\MQA_FastPath\C&D\server_D_FP_OFF_MQA_OFF_k8.log","server","D_FP_OFF_MQA_OFF","8","pos2","904","0.7500"
"C&D","C:\Users\407407\Desktop\vllm\github\MQA_FastPath\C&D\server_D_FP_OFF_MQA_OFF_k8.log","server","D_FP_OFF_MQA_OFF","8","pos3","904","0.5000"
"C&D","C:\Users\407407\Desktop\vllm\github\MQA_FastPath\C&D\server_D_FP_OFF_MQA_OFF_k8.log","server","D_FP_OFF_MQA_OFF","8","pos4","904","0.5000"
"C&D","C:\Users\407407\Desktop\vllm\github\MQA_FastPath\C&D\server_D_FP_OFF_MQA_OFF_k8.log","server","D_FP_OFF_MQA_OFF","8","presence_penalty","756","0.0"
"C&D","C:\Users\407407\Desktop\vllm\github\MQA_FastPath\C&D\server_D_FP_OFF_MQA_OFF_k8.log","server","D_FP_OFF_MQA_OFF","8","prompt_logprobs","756","None"
"C&D","C:\Users\407407\Desktop\vllm\github\MQA_FastPath\C&D\server_D_FP_OFF_MQA_OFF_k8.log","server","D_FP_OFF_MQA_OFF","8","proposer","50","<class 'vllm.spec_decode.multi_step_worker.MultiStepWorker'>"
"C&D","C:\Users\407407\Desktop\vllm\github\MQA_FastPath\C&D\server_D_FP_OFF_MQA_OFF_k8.log","server","D_FP_OFF_MQA_OFF","8","protected_attribute","460","\'gender\'"
"C&D","C:\Users\407407\Desktop\vllm\github\MQA_FastPath\C&D\server_D_FP_OFF_MQA_OFF_k8.log","server","D_FP_OFF_MQA_OFF","8","q","904","8"
"C&D","C:\Users\407407\Desktop\vllm\github\MQA_FastPath\C&D\server_D_FP_OFF_MQA_OFF_k8.log","server","D_FP_OFF_MQA_OFF","8","quantization","46","None"
"C&D","C:\Users\407407\Desktop\vllm\github\MQA_FastPath\C&D\server_D_FP_OFF_MQA_OFF_k8.log","server","D_FP_OFF_MQA_OFF","8","reasoning_backend","46","'')"
"C&D","C:\Users\407407\Desktop\vllm\github\MQA_FastPath\C&D\server_D_FP_OFF_MQA_OFF_k8.log","server","D_FP_OFF_MQA_OFF","8","repetition_penalty","756","1.0"
"C&D","C:\Users\407407\Desktop\vllm\github\MQA_FastPath\C&D\server_D_FP_OFF_MQA_OFF_k8.log","server","D_FP_OFF_MQA_OFF","8","revision","46","None"
"C&D","C:\Users\407407\Desktop\vllm\github\MQA_FastPath\C&D\server_D_FP_OFF_MQA_OFF_k8.log","server","D_FP_OFF_MQA_OFF","8","runner_cls","48","<class 'vllm_ascend.worker.draft_model_runner.TP1DraftModelRunner'>"
"C&D","C:\Users\407407\Desktop\vllm\github\MQA_FastPath\C&D\server_D_FP_OFF_MQA_OFF_k8.log","server","D_FP_OFF_MQA_OFF","8","sample_len","124","4"
"C&D","C:\Users\407407\Desktop\vllm\github\MQA_FastPath\C&D\server_D_FP_OFF_MQA_OFF_k8.log","server","D_FP_OFF_MQA_OFF","8","sampler","52","<class 'vllm.model_executor.layers.rejection_sampler.RejectionSampler'>"
"C&D","C:\Users\407407\Desktop\vllm\github\MQA_FastPath\C&D\server_D_FP_OFF_MQA_OFF_k8.log","server","D_FP_OFF_MQA_OFF","8","schedule","167","60"
"C&D","C:\Users\407407\Desktop\vllm\github\MQA_FastPath\C&D\server_D_FP_OFF_MQA_OFF_k8.log","server","D_FP_OFF_MQA_OFF","8","scoring_time_ms","940","54.21"
"C&D","C:\Users\407407\Desktop\vllm\github\MQA_FastPath\C&D\server_D_FP_OFF_MQA_OFF_k8.log","server","D_FP_OFF_MQA_OFF","8","seed","756","None"
"C&D","C:\Users\407407\Desktop\vllm\github\MQA_FastPath\C&D\server_D_FP_OFF_MQA_OFF_k8.log","server","D_FP_OFF_MQA_OFF","8","send_messages","733","False"
"C&D","C:\Users\407407\Desktop\vllm\github\MQA_FastPath\C&D\server_D_FP_OFF_MQA_OFF_k8.log","server","D_FP_OFF_MQA_OFF","8","served_model_name","46","qwen3-8B"
"C&D","C:\Users\407407\Desktop\vllm\github\MQA_FastPath\C&D\server_D_FP_OFF_MQA_OFF_k8.log","server","D_FP_OFF_MQA_OFF","8","skip_special_tokens","756","True"
"C&D","C:\Users\407407\Desktop\vllm\github\MQA_FastPath\C&D\server_D_FP_OFF_MQA_OFF_k8.log","server","D_FP_OFF_MQA_OFF","8","skip_tokenizer_init","46","False"
"C&D","C:\Users\407407\Desktop\vllm\github\MQA_FastPath\C&D\server_D_FP_OFF_MQA_OFF_k8.log","server","D_FP_OFF_MQA_OFF","8","spaces_between_special_tokens","756","True"
"C&D","C:\Users\407407\Desktop\vllm\github\MQA_FastPath\C&D\server_D_FP_OFF_MQA_OFF_k8.log","server","D_FP_OFF_MQA_OFF","8","speculative_config","46","SpeculativeConfig(method='draft_model'"
"C&D","C:\Users\407407\Desktop\vllm\github\MQA_FastPath\C&D\server_D_FP_OFF_MQA_OFF_k8.log","server","D_FP_OFF_MQA_OFF","8","step_accept","946","[1.0, 0.6735]"
"C&D","C:\Users\407407\Desktop\vllm\github\MQA_FastPath\C&D\server_D_FP_OFF_MQA_OFF_k8.log","server","D_FP_OFF_MQA_OFF","8","stop","756","[]"
"C&D","C:\Users\407407\Desktop\vllm\github\MQA_FastPath\C&D\server_D_FP_OFF_MQA_OFF_k8.log","server","D_FP_OFF_MQA_OFF","8","stop_token_ids","756","[]"
"C&D","C:\Users\407407\Desktop\vllm\github\MQA_FastPath\C&D\server_D_FP_OFF_MQA_OFF_k8.log","server","D_FP_OFF_MQA_OFF","8","supports_gpu_multi_step","126","False."
"C&D","C:\Users\407407\Desktop\vllm\github\MQA_FastPath\C&D\server_D_FP_OFF_MQA_OFF_k8.log","server","D_FP_OFF_MQA_OFF","8","switch_per_min","950","12.7082"
"C&D","C:\Users\407407\Desktop\vllm\github\MQA_FastPath\C&D\server_D_FP_OFF_MQA_OFF_k8.log","server","D_FP_OFF_MQA_OFF","8","target_tp","48","1"
"C&D","C:\Users\407407\Desktop\vllm\github\MQA_FastPath\C&D\server_D_FP_OFF_MQA_OFF_k8.log","server","D_FP_OFF_MQA_OFF","8","temperature","756","0.0"
"C&D","C:\Users\407407\Desktop\vllm\github\MQA_FastPath\C&D\server_D_FP_OFF_MQA_OFF_k8.log","server","D_FP_OFF_MQA_OFF","8","tensor_parallel_size","46","1"
"C&D","C:\Users\407407\Desktop\vllm\github\MQA_FastPath\C&D\server_D_FP_OFF_MQA_OFF_k8.log","server","D_FP_OFF_MQA_OFF","8","threshold","460","0.5):\n"
"C&D","C:\Users\407407\Desktop\vllm\github\MQA_FastPath\C&D\server_D_FP_OFF_MQA_OFF_k8.log","server","D_FP_OFF_MQA_OFF","8","throughput_tps","949","210.458"
"C&D","C:\Users\407407\Desktop\vllm\github\MQA_FastPath\C&D\server_D_FP_OFF_MQA_OFF_k8.log","server","D_FP_OFF_MQA_OFF","8","to","204","""/"">\n"
"C&D","C:\Users\407407\Desktop\vllm\github\MQA_FastPath\C&D\server_D_FP_OFF_MQA_OFF_k8.log","server","D_FP_OFF_MQA_OFF","8","tokenizer","46","'/mnt/ky2307909/siyuan.tong/Qwen3-8B'"
"C&D","C:\Users\407407\Desktop\vllm\github\MQA_FastPath\C&D\server_D_FP_OFF_MQA_OFF_k8.log","server","D_FP_OFF_MQA_OFF","8","tokenizer_mode","46","auto"
"C&D","C:\Users\407407\Desktop\vllm\github\MQA_FastPath\C&D\server_D_FP_OFF_MQA_OFF_k8.log","server","D_FP_OFF_MQA_OFF","8","tokenizer_revision","46","None"
"C&D","C:\Users\407407\Desktop\vllm\github\MQA_FastPath\C&D\server_D_FP_OFF_MQA_OFF_k8.log","server","D_FP_OFF_MQA_OFF","8","top_k","756","0"
"C&D","C:\Users\407407\Desktop\vllm\github\MQA_FastPath\C&D\server_D_FP_OFF_MQA_OFF_k8.log","server","D_FP_OFF_MQA_OFF","8","top_p","756","1.0"
"C&D","C:\Users\407407\Desktop\vllm\github\MQA_FastPath\C&D\server_D_FP_OFF_MQA_OFF_k8.log","server","D_FP_OFF_MQA_OFF","8","truncate_prompt_tokens","756","None"
"C&D","C:\Users\407407\Desktop\vllm\github\MQA_FastPath\C&D\server_D_FP_OFF_MQA_OFF_k8.log","server","D_FP_OFF_MQA_OFF","8","trust_remote_code","46","True"
"C&D","C:\Users\407407\Desktop\vllm\github\MQA_FastPath\C&D\server_D_FP_OFF_MQA_OFF_k8.log","server","D_FP_OFF_MQA_OFF","8","type","316","""text"""
"C&D","C:\Users\407407\Desktop\vllm\github\MQA_FastPath\C&D\server_D_FP_OFF_MQA_OFF_k8.log","server","D_FP_OFF_MQA_OFF","8","url","593","\'your-file-name.txt\'"
"C&D","C:\Users\407407\Desktop\vllm\github\MQA_FastPath\C&D\server_D_FP_OFF_MQA_OFF_k8.log","server","D_FP_OFF_MQA_OFF","8","use_async_output_proc","46","False"
"C&D","C:\Users\407407\Desktop\vllm\github\MQA_FastPath\C&D\server_D_FP_OFF_MQA_OFF_k8.log","server","D_FP_OFF_MQA_OFF","8","use_cached_outputs","46","True"
"C&D","C:\Users\407407\Desktop\vllm\github\MQA_FastPath\C&D\server_D_FP_OFF_MQA_OFF_k8.log","server","D_FP_OFF_MQA_OFF","8","value","316","""Download"">\n</form>\n```\nThis"
"C&D","C:\Users\407407\Desktop\vllm\github\MQA_FastPath\C&D\server_D_FP_OFF_MQA_OFF_k8.log","server","D_FP_OFF_MQA_OFF","8","variant","204","""primary"">Post</Button>\n"
"C&D","C:\Users\407407\Desktop\vllm\github\MQA_FastPath\C&D\server_D_FP_OFF_MQA_OFF_k8.log","server","D_FP_OFF_MQA_OFF","8","verification_time_ms","940","4.84"
"C&D","C:\Users\407407\Desktop\vllm\github\MQA_FastPath\C&D\server_D_FP_OFF_MQA_OFF_k8.log","server","D_FP_OFF_MQA_OFF","8","view_channel","733","False)"
"C&D","C:\Users\407407\Desktop\vllm\github\MQA_FastPath\C&D\server_D_FP_OFF_MQA_OFF_k8.log","server","D_FP_OFF_MQA_OFF","8","vpcs","240","[]"
"C&D","C:\Users\407407\Desktop\vllm\github\MQA_FastPath\C&D\server_D_FP_OFF_MQA_OFF_k8.log","server","D_FP_OFF_MQA_OFF","8","W","615","X+Y'"
"C&D","C:\Users\407407\Desktop\vllm\github\MQA_FastPath\C&D\server_D_FP_OFF_MQA_OFF_k8.log","server","D_FP_OFF_MQA_OFF","8","waste","904","0.2500"
"C&D","C:\Users\407407\Desktop\vllm\github\MQA_FastPath\C&D\server_D_FP_OFF_MQA_OFF_k8.log","server","D_FP_OFF_MQA_OFF","8","waste_ratio","946","0.1633"
"no_spec","C:\Users\407407\Desktop\vllm\github\MQA_FastPath\no_spec\bench_NO_SPEC_k0.log","bench","NO_SPEC","0","append_result","20","False"
"no_spec","C:\Users\407407\Desktop\vllm\github\MQA_FastPath\no_spec\bench_NO_SPEC_k0.log","bench","NO_SPEC","0","base_url","20","'http://127.0.0.1:8000'"
"no_spec","C:\Users\407407\Desktop\vllm\github\MQA_FastPath\no_spec\bench_NO_SPEC_k0.log","bench","NO_SPEC","0","bench_type","20","'serve'"
"no_spec","C:\Users\407407\Desktop\vllm\github\MQA_FastPath\no_spec\bench_NO_SPEC_k0.log","bench","NO_SPEC","0","burstiness","20","1.0"
"no_spec","C:\Users\407407\Desktop\vllm\github\MQA_FastPath\no_spec\bench_NO_SPEC_k0.log","bench","NO_SPEC","0","dataset_name","20","'sharegpt'"
"no_spec","C:\Users\407407\Desktop\vllm\github\MQA_FastPath\no_spec\bench_NO_SPEC_k0.log","bench","NO_SPEC","0","dataset_path","20","'/mnt/ky2307909/siyuan.tong/dataset/ShareGPT_V3_unfiltered_cleaned_split.json'"
"no_spec","C:\Users\407407\Desktop\vllm\github\MQA_FastPath\no_spec\bench_NO_SPEC_k0.log","bench","NO_SPEC","0","disable_tqdm","20","False"
"no_spec","C:\Users\407407\Desktop\vllm\github\MQA_FastPath\no_spec\bench_NO_SPEC_k0.log","bench","NO_SPEC","0","dispatch_function","20","<function BenchmarkServingSubcommand.cmd at 0xfffc0d1b7490>"
"no_spec","C:\Users\407407\Desktop\vllm\github\MQA_FastPath\no_spec\bench_NO_SPEC_k0.log","bench","NO_SPEC","0","endpoint","20","'/v1/completions'"
"no_spec","C:\Users\407407\Desktop\vllm\github\MQA_FastPath\no_spec\bench_NO_SPEC_k0.log","bench","NO_SPEC","0","endpoint_type","20","'vllm'"
"no_spec","C:\Users\407407\Desktop\vllm\github\MQA_FastPath\no_spec\bench_NO_SPEC_k0.log","bench","NO_SPEC","0","goodput","20","None"
"no_spec","C:\Users\407407\Desktop\vllm\github\MQA_FastPath\no_spec\bench_NO_SPEC_k0.log","bench","NO_SPEC","0","hf_output_len","20","None"
"no_spec","C:\Users\407407\Desktop\vllm\github\MQA_FastPath\no_spec\bench_NO_SPEC_k0.log","bench","NO_SPEC","0","hf_split","20","None"
"no_spec","C:\Users\407407\Desktop\vllm\github\MQA_FastPath\no_spec\bench_NO_SPEC_k0.log","bench","NO_SPEC","0","hf_subset","20","None"
"no_spec","C:\Users\407407\Desktop\vllm\github\MQA_FastPath\no_spec\bench_NO_SPEC_k0.log","bench","NO_SPEC","0","host","20","'127.0.0.1'"
"no_spec","C:\Users\407407\Desktop\vllm\github\MQA_FastPath\no_spec\bench_NO_SPEC_k0.log","bench","NO_SPEC","0","ignore_eos","20","False"
"no_spec","C:\Users\407407\Desktop\vllm\github\MQA_FastPath\no_spec\bench_NO_SPEC_k0.log","bench","NO_SPEC","0","label","20","None"
"no_spec","C:\Users\407407\Desktop\vllm\github\MQA_FastPath\no_spec\bench_NO_SPEC_k0.log","bench","NO_SPEC","0","logprobs","20","None"
"no_spec","C:\Users\407407\Desktop\vllm\github\MQA_FastPath\no_spec\bench_NO_SPEC_k0.log","bench","NO_SPEC","0","lora_modules","20","None)"
"no_spec","C:\Users\407407\Desktop\vllm\github\MQA_FastPath\no_spec\bench_NO_SPEC_k0.log","bench","NO_SPEC","0","max_concurrency","20","None"
"no_spec","C:\Users\407407\Desktop\vllm\github\MQA_FastPath\no_spec\bench_NO_SPEC_k0.log","bench","NO_SPEC","0","metadata","20","None"
"no_spec","C:\Users\407407\Desktop\vllm\github\MQA_FastPath\no_spec\bench_NO_SPEC_k0.log","bench","NO_SPEC","0","metric_percentiles","20","'99'"
"no_spec","C:\Users\407407\Desktop\vllm\github\MQA_FastPath\no_spec\bench_NO_SPEC_k0.log","bench","NO_SPEC","0","min_p","20","None"
"no_spec","C:\Users\407407\Desktop\vllm\github\MQA_FastPath\no_spec\bench_NO_SPEC_k0.log","bench","NO_SPEC","0","model","20","'qwen3-8B'"
"no_spec","C:\Users\407407\Desktop\vllm\github\MQA_FastPath\no_spec\bench_NO_SPEC_k0.log","bench","NO_SPEC","0","num_prompts","20","200"
"no_spec","C:\Users\407407\Desktop\vllm\github\MQA_FastPath\no_spec\bench_NO_SPEC_k0.log","bench","NO_SPEC","0","percentile_metrics","20","'ttft,tpot,itl'"
"no_spec","C:\Users\407407\Desktop\vllm\github\MQA_FastPath\no_spec\bench_NO_SPEC_k0.log","bench","NO_SPEC","0","port","20","8000"
"no_spec","C:\Users\407407\Desktop\vllm\github\MQA_FastPath\no_spec\bench_NO_SPEC_k0.log","bench","NO_SPEC","0","profile","20","False"
"no_spec","C:\Users\407407\Desktop\vllm\github\MQA_FastPath\no_spec\bench_NO_SPEC_k0.log","bench","NO_SPEC","0","random_input_len","20","1024"
"no_spec","C:\Users\407407\Desktop\vllm\github\MQA_FastPath\no_spec\bench_NO_SPEC_k0.log","bench","NO_SPEC","0","random_output_len","20","128"
"no_spec","C:\Users\407407\Desktop\vllm\github\MQA_FastPath\no_spec\bench_NO_SPEC_k0.log","bench","NO_SPEC","0","random_prefix_len","20","0"
"no_spec","C:\Users\407407\Desktop\vllm\github\MQA_FastPath\no_spec\bench_NO_SPEC_k0.log","bench","NO_SPEC","0","random_range_ratio","20","0.0"
"no_spec","C:\Users\407407\Desktop\vllm\github\MQA_FastPath\no_spec\bench_NO_SPEC_k0.log","bench","NO_SPEC","0","request_rate","20","16.0"
"no_spec","C:\Users\407407\Desktop\vllm\github\MQA_FastPath\no_spec\bench_NO_SPEC_k0.log","bench","NO_SPEC","0","result_dir","20","None"
"no_spec","C:\Users\407407\Desktop\vllm\github\MQA_FastPath\no_spec\bench_NO_SPEC_k0.log","bench","NO_SPEC","0","result_filename","20","None"
"no_spec","C:\Users\407407\Desktop\vllm\github\MQA_FastPath\no_spec\bench_NO_SPEC_k0.log","bench","NO_SPEC","0","save_detailed","20","False"
"no_spec","C:\Users\407407\Desktop\vllm\github\MQA_FastPath\no_spec\bench_NO_SPEC_k0.log","bench","NO_SPEC","0","save_result","20","False"
"no_spec","C:\Users\407407\Desktop\vllm\github\MQA_FastPath\no_spec\bench_NO_SPEC_k0.log","bench","NO_SPEC","0","seed","20","0"
"no_spec","C:\Users\407407\Desktop\vllm\github\MQA_FastPath\no_spec\bench_NO_SPEC_k0.log","bench","NO_SPEC","0","served_model_name","20","None"
"no_spec","C:\Users\407407\Desktop\vllm\github\MQA_FastPath\no_spec\bench_NO_SPEC_k0.log","bench","NO_SPEC","0","sharegpt_output_len","20","None"
"no_spec","C:\Users\407407\Desktop\vllm\github\MQA_FastPath\no_spec\bench_NO_SPEC_k0.log","bench","NO_SPEC","0","sonnet_input_len","20","550"
"no_spec","C:\Users\407407\Desktop\vllm\github\MQA_FastPath\no_spec\bench_NO_SPEC_k0.log","bench","NO_SPEC","0","sonnet_output_len","20","150"
"no_spec","C:\Users\407407\Desktop\vllm\github\MQA_FastPath\no_spec\bench_NO_SPEC_k0.log","bench","NO_SPEC","0","sonnet_prefix_len","20","200"
"no_spec","C:\Users\407407\Desktop\vllm\github\MQA_FastPath\no_spec\bench_NO_SPEC_k0.log","bench","NO_SPEC","0","subparser","20","'bench'"
"no_spec","C:\Users\407407\Desktop\vllm\github\MQA_FastPath\no_spec\bench_NO_SPEC_k0.log","bench","NO_SPEC","0","temperature","20","None"
"no_spec","C:\Users\407407\Desktop\vllm\github\MQA_FastPath\no_spec\bench_NO_SPEC_k0.log","bench","NO_SPEC","0","tokenizer","20","'/mnt/ky2307909/siyuan.tong/Qwen3-8B'"
"no_spec","C:\Users\407407\Desktop\vllm\github\MQA_FastPath\no_spec\bench_NO_SPEC_k0.log","bench","NO_SPEC","0","tokenizer_mode","20","'auto'"
"no_spec","C:\Users\407407\Desktop\vllm\github\MQA_FastPath\no_spec\bench_NO_SPEC_k0.log","bench","NO_SPEC","0","top_k","20","None"
"no_spec","C:\Users\407407\Desktop\vllm\github\MQA_FastPath\no_spec\bench_NO_SPEC_k0.log","bench","NO_SPEC","0","top_p","20","None"
"no_spec","C:\Users\407407\Desktop\vllm\github\MQA_FastPath\no_spec\bench_NO_SPEC_k0.log","bench","NO_SPEC","0","trust_remote_code","20","True"
"no_spec","C:\Users\407407\Desktop\vllm\github\MQA_FastPath\no_spec\bench_NO_SPEC_k0.log","bench","NO_SPEC","0","use_beam_search","20","False"
"no_spec","C:\Users\407407\Desktop\vllm\github\MQA_FastPath\no_spec\key_NO_SPEC_k0.log","key","NO_SPEC","0","avg_execute_total_ms","21","60.40"
"no_spec","C:\Users\407407\Desktop\vllm\github\MQA_FastPath\no_spec\key_NO_SPEC_k0.log","key","NO_SPEC","0","avg_forward_ms","21","49.99"
"no_spec","C:\Users\407407\Desktop\vllm\github\MQA_FastPath\no_spec\key_NO_SPEC_k0.log","key","NO_SPEC","0","avg_logits_ms","21","0.63"
"no_spec","C:\Users\407407\Desktop\vllm\github\MQA_FastPath\no_spec\key_NO_SPEC_k0.log","key","NO_SPEC","0","avg_sampler_ms","21","3.24"
"no_spec","C:\Users\407407\Desktop\vllm\github\MQA_FastPath\no_spec\key_NO_SPEC_k0.log","key","NO_SPEC","0","bad_words","4","[]"
"no_spec","C:\Users\407407\Desktop\vllm\github\MQA_FastPath\no_spec\key_NO_SPEC_k0.log","key","NO_SPEC","0","count","21","1000"
"no_spec","C:\Users\407407\Desktop\vllm\github\MQA_FastPath\no_spec\key_NO_SPEC_k0.log","key","NO_SPEC","0","extra_args","4","None)"
"no_spec","C:\Users\407407\Desktop\vllm\github\MQA_FastPath\no_spec\key_NO_SPEC_k0.log","key","NO_SPEC","0","frequency_penalty","4","0.0"
"no_spec","C:\Users\407407\Desktop\vllm\github\MQA_FastPath\no_spec\key_NO_SPEC_k0.log","key","NO_SPEC","0","guided_decoding","4","None"
"no_spec","C:\Users\407407\Desktop\vllm\github\MQA_FastPath\no_spec\key_NO_SPEC_k0.log","key","NO_SPEC","0","ignore_eos","4","False"
"no_spec","C:\Users\407407\Desktop\vllm\github\MQA_FastPath\no_spec\key_NO_SPEC_k0.log","key","NO_SPEC","0","include_stop_str_in_output","4","False"
"no_spec","C:\Users\407407\Desktop\vllm\github\MQA_FastPath\no_spec\key_NO_SPEC_k0.log","key","NO_SPEC","0","logprobs","4","None"
"no_spec","C:\Users\407407\Desktop\vllm\github\MQA_FastPath\no_spec\key_NO_SPEC_k0.log","key","NO_SPEC","0","max_tokens","4","340"
"no_spec","C:\Users\407407\Desktop\vllm\github\MQA_FastPath\no_spec\key_NO_SPEC_k0.log","key","NO_SPEC","0","min_p","4","0.0"
"no_spec","C:\Users\407407\Desktop\vllm\github\MQA_FastPath\no_spec\key_NO_SPEC_k0.log","key","NO_SPEC","0","min_tokens","4","0"
"no_spec","C:\Users\407407\Desktop\vllm\github\MQA_FastPath\no_spec\key_NO_SPEC_k0.log","key","NO_SPEC","0","n","4","1"
"no_spec","C:\Users\407407\Desktop\vllm\github\MQA_FastPath\no_spec\key_NO_SPEC_k0.log","key","NO_SPEC","0","presence_penalty","4","0.0"
"no_spec","C:\Users\407407\Desktop\vllm\github\MQA_FastPath\no_spec\key_NO_SPEC_k0.log","key","NO_SPEC","0","prompt_logprobs","4","None"
"no_spec","C:\Users\407407\Desktop\vllm\github\MQA_FastPath\no_spec\key_NO_SPEC_k0.log","key","NO_SPEC","0","repetition_penalty","4","1.0"
"no_spec","C:\Users\407407\Desktop\vllm\github\MQA_FastPath\no_spec\key_NO_SPEC_k0.log","key","NO_SPEC","0","seed","4","None"
"no_spec","C:\Users\407407\Desktop\vllm\github\MQA_FastPath\no_spec\key_NO_SPEC_k0.log","key","NO_SPEC","0","skip_special_tokens","4","True"
"no_spec","C:\Users\407407\Desktop\vllm\github\MQA_FastPath\no_spec\key_NO_SPEC_k0.log","key","NO_SPEC","0","spaces_between_special_tokens","4","True"
"no_spec","C:\Users\407407\Desktop\vllm\github\MQA_FastPath\no_spec\key_NO_SPEC_k0.log","key","NO_SPEC","0","stop","4","[]"
"no_spec","C:\Users\407407\Desktop\vllm\github\MQA_FastPath\no_spec\key_NO_SPEC_k0.log","key","NO_SPEC","0","stop_token_ids","4","[]"
"no_spec","C:\Users\407407\Desktop\vllm\github\MQA_FastPath\no_spec\key_NO_SPEC_k0.log","key","NO_SPEC","0","temperature","4","0.0"
"no_spec","C:\Users\407407\Desktop\vllm\github\MQA_FastPath\no_spec\key_NO_SPEC_k0.log","key","NO_SPEC","0","top_k","4","0"
"no_spec","C:\Users\407407\Desktop\vllm\github\MQA_FastPath\no_spec\key_NO_SPEC_k0.log","key","NO_SPEC","0","top_p","4","1.0"
"no_spec","C:\Users\407407\Desktop\vllm\github\MQA_FastPath\no_spec\key_NO_SPEC_k0.log","key","NO_SPEC","0","truncate_prompt_tokens","4","None"
"no_spec","C:\Users\407407\Desktop\vllm\github\MQA_FastPath\no_spec\meta_NO_SPEC_k0.log","meta","NO_SPEC","0","bench_cmd","16","vllm"
"no_spec","C:\Users\407407\Desktop\vllm\github\MQA_FastPath\no_spec\meta_NO_SPEC_k0.log","meta","NO_SPEC","0","DATASET_PATH","6","/mnt/ky2307909/siyuan.tong/dataset/ShareGPT_V3_unfiltered_cleaned_split.json"
"no_spec","C:\Users\407407\Desktop\vllm\github\MQA_FastPath\no_spec\meta_NO_SPEC_k0.log","meta","NO_SPEC","0","date","1","2026-03-11"
"no_spec","C:\Users\407407\Desktop\vllm\github\MQA_FastPath\no_spec\meta_NO_SPEC_k0.log","meta","NO_SPEC","0","DRAFT_MODEL_PATH","5","/mnt/ky2307909/siyuan.tong/Qwen3-0-6B"
"no_spec","C:\Users\407407\Desktop\vllm\github\MQA_FastPath\no_spec\meta_NO_SPEC_k0.log","meta","NO_SPEC","0","HOST","7","127.0.0.1"
"no_spec","C:\Users\407407\Desktop\vllm\github\MQA_FastPath\no_spec\meta_NO_SPEC_k0.log","meta","NO_SPEC","0","k","3","0"
"no_spec","C:\Users\407407\Desktop\vllm\github\MQA_FastPath\no_spec\meta_NO_SPEC_k0.log","meta","NO_SPEC","0","MODEL_PATH","4","/mnt/ky2307909/siyuan.tong/Qwen3-8B"
"no_spec","C:\Users\407407\Desktop\vllm\github\MQA_FastPath\no_spec\meta_NO_SPEC_k0.log","meta","NO_SPEC","0","NUM_PROMPTS","8","200"
"no_spec","C:\Users\407407\Desktop\vllm\github\MQA_FastPath\no_spec\meta_NO_SPEC_k0.log","meta","NO_SPEC","0","PORT","7","8000"
"no_spec","C:\Users\407407\Desktop\vllm\github\MQA_FastPath\no_spec\meta_NO_SPEC_k0.log","meta","NO_SPEC","0","REQUEST_RATE","8","16"
"no_spec","C:\Users\407407\Desktop\vllm\github\MQA_FastPath\no_spec\meta_NO_SPEC_k0.log","meta","NO_SPEC","0","serve_cmd","15","vllm"
"no_spec","C:\Users\407407\Desktop\vllm\github\MQA_FastPath\no_spec\meta_NO_SPEC_k0.log","meta","NO_SPEC","0","suite","2","NO_SPEC"
"no_spec","C:\Users\407407\Desktop\vllm\github\MQA_FastPath\no_spec\meta_NO_SPEC_k0.log","meta","NO_SPEC","0","VLLM_ASCEND_BASE_STAGE_LOG_ENABLE","11","1"
"no_spec","C:\Users\407407\Desktop\vllm\github\MQA_FastPath\no_spec\meta_NO_SPEC_k0.log","meta","NO_SPEC","0","VLLM_ASCEND_BASE_STAGE_LOG_INTERVAL","12","50"
"no_spec","C:\Users\407407\Desktop\vllm\github\MQA_FastPath\no_spec\meta_NO_SPEC_k0.log","meta","NO_SPEC","0","VLLM_ASCEND_RUNNER_STAGE_LOG_ENABLE","13","1"
"no_spec","C:\Users\407407\Desktop\vllm\github\MQA_FastPath\no_spec\meta_NO_SPEC_k0.log","meta","NO_SPEC","0","VLLM_ASCEND_RUNNER_STAGE_LOG_INTERVAL","14","50"
"no_spec","C:\Users\407407\Desktop\vllm\github\MQA_FastPath\no_spec\meta_NO_SPEC_k0.log","meta","NO_SPEC","0","VLLM_ASCEND_SPEC_GPU_MULTI_STEP_BACKENDS","9","FLASH_ATTN,ASCEND"
"no_spec","C:\Users\407407\Desktop\vllm\github\MQA_FastPath\no_spec\meta_NO_SPEC_k0.log","meta","NO_SPEC","0","VLLM_ASCEND_SPEC_MQA_BACKENDS","10","FLASH_ATTN,ASCEND"
"no_spec","C:\Users\407407\Desktop\vllm\github\MQA_FastPath\no_spec\probe_NO_SPEC.log","probe","NO_SPEC",,"date","1","2026-03-11"
"no_spec","C:\Users\407407\Desktop\vllm\github\MQA_FastPath\no_spec\probe_NO_SPEC.log","probe","NO_SPEC",,"draft_has_fastpath_log","27","True"
"no_spec","C:\Users\407407\Desktop\vllm\github\MQA_FastPath\no_spec\probe_NO_SPEC.log","probe","NO_SPEC",,"draft_model_runner","22","/root/miniconda3/envs/lxc/lib/python3.10/site-packages/vllm_ascend/worker/draft_model_runner.py"
"no_spec","C:\Users\407407\Desktop\vllm\github\MQA_FastPath\no_spec\probe_NO_SPEC.log","probe","NO_SPEC",,"LOG_ROOT","4","/mnt/ky2307909/logs/spec_patch_verify_20260311_192643"
"no_spec","C:\Users\407407\Desktop\vllm\github\MQA_FastPath\no_spec\probe_NO_SPEC.log","probe","NO_SPEC",,"model_runner","21","/root/miniconda3/envs/lxc/lib/python3.10/site-packages/vllm_ascend/worker/model_runner.py"
"no_spec","C:\Users\407407\Desktop\vllm\github\MQA_FastPath\no_spec\probe_NO_SPEC.log","probe","NO_SPEC",,"patch_multi_step_worker","24","/root/miniconda3/envs/lxc/lib/python3.10/site-packages/vllm_ascend/patch/worker/patch_common/patch_multi_step_worker.py"
"no_spec","C:\Users\407407\Desktop\vllm\github\MQA_FastPath\no_spec\probe_NO_SPEC.log","probe","NO_SPEC",,"patch_spec_decode_worker","23","/root/miniconda3/envs/lxc/lib/python3.10/site-packages/vllm_ascend/patch/worker/patch_common/patch_spec_decode_worker.py"
"no_spec","C:\Users\407407\Desktop\vllm\github\MQA_FastPath\no_spec\probe_NO_SPEC.log","probe","NO_SPEC",,"PYTHONPATH","5","/mnt/ky2307909/vllm-ascend:/usr/local/Ascend/ascend-toolkit/latest/python/site-packages:/usr/local/Ascend/ascend-toolkit/latest/opp/built-in/op_impl/ai_core/tbe:/usr/local/Ascend/ascend-toolkit/latest/python/site-packages:/usr/local/Ascend/ascend-toolkit/latest/opp/built-in/op_impl/ai_core/tbe:/mindformers:"
"no_spec","C:\Users\407407\Desktop\vllm\github\MQA_FastPath\no_spec\probe_NO_SPEC.log","probe","NO_SPEC",,"ROOT_DIR","3","/mnt/ky2307909"
"no_spec","C:\Users\407407\Desktop\vllm\github\MQA_FastPath\no_spec\probe_NO_SPEC.log","probe","NO_SPEC",,"runner_has_base_stage_log","26","True"
"no_spec","C:\Users\407407\Desktop\vllm\github\MQA_FastPath\no_spec\probe_NO_SPEC.log","probe","NO_SPEC",,"vllm_ascend","19","/root/miniconda3/envs/lxc/lib/python3.10/site-packages/vllm_ascend/__init__.py"
"no_spec","C:\Users\407407\Desktop\vllm\github\MQA_FastPath\no_spec\probe_NO_SPEC.log","probe","NO_SPEC",,"VLLM_ASCEND_BASE_STAGE_LOG_ENABLE","8","1"
"no_spec","C:\Users\407407\Desktop\vllm\github\MQA_FastPath\no_spec\probe_NO_SPEC.log","probe","NO_SPEC",,"VLLM_ASCEND_BASE_STAGE_LOG_INTERVAL","9","50"
"no_spec","C:\Users\407407\Desktop\vllm\github\MQA_FastPath\no_spec\probe_NO_SPEC.log","probe","NO_SPEC",,"VLLM_ASCEND_RUNNER_STAGE_LOG_ENABLE","10","1"
"no_spec","C:\Users\407407\Desktop\vllm\github\MQA_FastPath\no_spec\probe_NO_SPEC.log","probe","NO_SPEC",,"VLLM_ASCEND_RUNNER_STAGE_LOG_INTERVAL","11","50"
"no_spec","C:\Users\407407\Desktop\vllm\github\MQA_FastPath\no_spec\probe_NO_SPEC.log","probe","NO_SPEC",,"VLLM_ASCEND_SPEC_GPU_MULTI_STEP_BACKENDS","6","FLASH_ATTN,ASCEND"
"no_spec","C:\Users\407407\Desktop\vllm\github\MQA_FastPath\no_spec\probe_NO_SPEC.log","probe","NO_SPEC",,"VLLM_ASCEND_SPEC_MQA_BACKENDS","7","FLASH_ATTN,ASCEND"
"no_spec","C:\Users\407407\Desktop\vllm\github\MQA_FastPath\no_spec\probe_NO_SPEC.log","probe","NO_SPEC",,"worker","20","/root/miniconda3/envs/lxc/lib/python3.10/site-packages/vllm_ascend/worker/worker.py"
"no_spec","C:\Users\407407\Desktop\vllm\github\MQA_FastPath\no_spec\probe_NO_SPEC.log","probe","NO_SPEC",,"worker_has_base_stage_log","25","True"
"no_spec","C:\Users\407407\Desktop\vllm\github\MQA_FastPath\no_spec\probe_NO_SPEC.log","probe","NO_SPEC",,"WORKSPACE_DIR","2","/mnt/ky2307909"
"no_spec","C:\Users\407407\Desktop\vllm\github\MQA_FastPath\no_spec\server_NO_SPEC_k0.log","server","NO_SPEC","0","_id","209","request\\_id\n"
"no_spec","C:\Users\407407\Desktop\vllm\github\MQA_FastPath\no_spec\server_NO_SPEC_k0.log","server","NO_SPEC","0","_name","209","""vpc-xaas"",\n"
"no_spec","C:\Users\407407\Desktop\vllm\github\MQA_FastPath\no_spec\server_NO_SPEC_k0.log","server","NO_SPEC","0","_node","714","2]""\n"
"no_spec","C:\Users\407407\Desktop\vllm\github\MQA_FastPath\no_spec\server_NO_SPEC_k0.log","server","NO_SPEC","0","_type","209","project\\_type,\n"
"no_spec","C:\Users\407407\Desktop\vllm\github\MQA_FastPath\no_spec\server_NO_SPEC_k0.log","server","NO_SPEC","0","as","170","{Link}"
"no_spec","C:\Users\407407\Desktop\vllm\github\MQA_FastPath\no_spec\server_NO_SPEC_k0.log","server","NO_SPEC","0","avg_execute_total_ms","745","60.40"
"no_spec","C:\Users\407407\Desktop\vllm\github\MQA_FastPath\no_spec\server_NO_SPEC_k0.log","server","NO_SPEC","0","avg_forward_ms","745","49.99"
"no_spec","C:\Users\407407\Desktop\vllm\github\MQA_FastPath\no_spec\server_NO_SPEC_k0.log","server","NO_SPEC","0","avg_logits_ms","745","0.63"
"no_spec","C:\Users\407407\Desktop\vllm\github\MQA_FastPath\no_spec\server_NO_SPEC_k0.log","server","NO_SPEC","0","avg_sampler_ms","745","3.24"
"no_spec","C:\Users\407407\Desktop\vllm\github\MQA_FastPath\no_spec\server_NO_SPEC_k0.log","server","NO_SPEC","0","axis","418","1)\n"
"no_spec","C:\Users\407407\Desktop\vllm\github\MQA_FastPath\no_spec\server_NO_SPEC_k0.log","server","NO_SPEC","0","bad_words","715","[]"
"no_spec","C:\Users\407407\Desktop\vllm\github\MQA_FastPath\no_spec\server_NO_SPEC_k0.log","server","NO_SPEC","0","bg","170","""light"""
"no_spec","C:\Users\407407\Desktop\vllm\github\MQA_FastPath\no_spec\server_NO_SPEC_k0.log","server","NO_SPEC","0","category","692","None"
"no_spec","C:\Users\407407\Desktop\vllm\github\MQA_FastPath\no_spec\server_NO_SPEC_k0.log","server","NO_SPEC","0","chunked_prefill_enabled","44","False"
"no_spec","C:\Users\407407\Desktop\vllm\github\MQA_FastPath\no_spec\server_NO_SPEC_k0.log","server","NO_SPEC","0","className","170","""py-3"">\n"
"no_spec","C:\Users\407407\Desktop\vllm\github\MQA_FastPath\no_spec\server_NO_SPEC_k0.log","server","NO_SPEC","0","collect_detailed_traces","44","None)"
"no_spec","C:\Users\407407\Desktop\vllm\github\MQA_FastPath\no_spec\server_NO_SPEC_k0.log","server","NO_SPEC","0","compilation_config","44","{""level"":0,""debug_dump_path"":"""",""cache_dir"":"""",""backend"":"""",""custom_ops"":[],""splitting_ops"":[],""use_inductor"":true,""compile_sizes"":[],""inductor_compile_config"":{},""inductor_passes"":{},""use_cudagraph"":false,""cudagraph_num_of_warmups"":0,""cudagraph_capture_sizes"":[],""cudagraph_copy_inputs"":false,""full_cuda_graph"":false,""max_capture_size"":0,""local_cache_dir"":null}"
"no_spec","C:\Users\407407\Desktop\vllm\github\MQA_FastPath\no_spec\server_NO_SPEC_k0.log","server","NO_SPEC","0","count","745","1000"
"no_spec","C:\Users\407407\Desktop\vllm\github\MQA_FastPath\no_spec\server_NO_SPEC_k0.log","server","NO_SPEC","0","decoding_config","44","DecodingConfig(backend='xgrammar'"
"no_spec","C:\Users\407407\Desktop\vllm\github\MQA_FastPath\no_spec\server_NO_SPEC_k0.log","server","NO_SPEC","0","description","209","f""XaaS"
"no_spec","C:\Users\407407\Desktop\vllm\github\MQA_FastPath\no_spec\server_NO_SPEC_k0.log","server","NO_SPEC","0","device_config","44","npu"
"no_spec","C:\Users\407407\Desktop\vllm\github\MQA_FastPath\no_spec\server_NO_SPEC_k0.log","server","NO_SPEC","0","disable_additional_properties","44","False"
"no_spec","C:\Users\407407\Desktop\vllm\github\MQA_FastPath\no_spec\server_NO_SPEC_k0.log","server","NO_SPEC","0","disable_any_whitespace","44","False"
"no_spec","C:\Users\407407\Desktop\vllm\github\MQA_FastPath\no_spec\server_NO_SPEC_k0.log","server","NO_SPEC","0","disable_custom_all_reduce","44","True"
"no_spec","C:\Users\407407\Desktop\vllm\github\MQA_FastPath\no_spec\server_NO_SPEC_k0.log","server","NO_SPEC","0","disable_fallback","44","False"
"no_spec","C:\Users\407407\Desktop\vllm\github\MQA_FastPath\no_spec\server_NO_SPEC_k0.log","server","NO_SPEC","0","download_dir","44","None"
"no_spec","C:\Users\407407\Desktop\vllm\github\MQA_FastPath\no_spec\server_NO_SPEC_k0.log","server","NO_SPEC","0","dtype","44","torch.bfloat16"
"no_spec","C:\Users\407407\Desktop\vllm\github\MQA_FastPath\no_spec\server_NO_SPEC_k0.log","server","NO_SPEC","0","element","170","{<Home"
"no_spec","C:\Users\407407\Desktop\vllm\github\MQA_FastPath\no_spec\server_NO_SPEC_k0.log","server","NO_SPEC","0","enable_prefix_caching","44","None"
"no_spec","C:\Users\407407\Desktop\vllm\github\MQA_FastPath\no_spec\server_NO_SPEC_k0.log","server","NO_SPEC","0","enforce_eager","44","True"
"no_spec","C:\Users\407407\Desktop\vllm\github\MQA_FastPath\no_spec\server_NO_SPEC_k0.log","server","NO_SPEC","0","extra_args","715","None)"
"no_spec","C:\Users\407407\Desktop\vllm\github\MQA_FastPath\no_spec\server_NO_SPEC_k0.log","server","NO_SPEC","0","fixed","170","""top"""
"no_spec","C:\Users\407407\Desktop\vllm\github\MQA_FastPath\no_spec\server_NO_SPEC_k0.log","server","NO_SPEC","0","for","283","""file-name"">File"
"no_spec","C:\Users\407407\Desktop\vllm\github\MQA_FastPath\no_spec\server_NO_SPEC_k0.log","server","NO_SPEC","0","frequency_penalty","715","0.0"
"no_spec","C:\Users\407407\Desktop\vllm\github\MQA_FastPath\no_spec\server_NO_SPEC_k0.log","server","NO_SPEC","0","guided_decoding","715","None"
"no_spec","C:\Users\407407\Desktop\vllm\github\MQA_FastPath\no_spec\server_NO_SPEC_k0.log","server","NO_SPEC","0","id","283","""file-name"""
"no_spec","C:\Users\407407\Desktop\vllm\github\MQA_FastPath\no_spec\server_NO_SPEC_k0.log","server","NO_SPEC","0","ignore_eos","715","False"
"no_spec","C:\Users\407407\Desktop\vllm\github\MQA_FastPath\no_spec\server_NO_SPEC_k0.log","server","NO_SPEC","0","include_stop_str_in_output","715","False"
"no_spec","C:\Users\407407\Desktop\vllm\github\MQA_FastPath\no_spec\server_NO_SPEC_k0.log","server","NO_SPEC","0","kv_cache_dtype","44","auto"
"no_spec","C:\Users\407407\Desktop\vllm\github\MQA_FastPath\no_spec\server_NO_SPEC_k0.log","server","NO_SPEC","0","load_format","44","auto"
"no_spec","C:\Users\407407\Desktop\vllm\github\MQA_FastPath\no_spec\server_NO_SPEC_k0.log","server","NO_SPEC","0","logprobs","715","None"
"no_spec","C:\Users\407407\Desktop\vllm\github\MQA_FastPath\no_spec\server_NO_SPEC_k0.log","server","NO_SPEC","0","low","714","66%]"
"no_spec","C:\Users\407407\Desktop\vllm\github\MQA_FastPath\no_spec\server_NO_SPEC_k0.log","server","NO_SPEC","0","max_seq_len","44","8192"
"no_spec","C:\Users\407407\Desktop\vllm\github\MQA_FastPath\no_spec\server_NO_SPEC_k0.log","server","NO_SPEC","0","max_tokens","715","593"
"no_spec","C:\Users\407407\Desktop\vllm\github\MQA_FastPath\no_spec\server_NO_SPEC_k0.log","server","NO_SPEC","0","min_p","715","0.0"
"no_spec","C:\Users\407407\Desktop\vllm\github\MQA_FastPath\no_spec\server_NO_SPEC_k0.log","server","NO_SPEC","0","min_tokens","715","0"
"no_spec","C:\Users\407407\Desktop\vllm\github\MQA_FastPath\no_spec\server_NO_SPEC_k0.log","server","NO_SPEC","0","model","44","'/mnt/ky2307909/siyuan.tong/Qwen3-8B'"
"no_spec","C:\Users\407407\Desktop\vllm\github\MQA_FastPath\no_spec\server_NO_SPEC_k0.log","server","NO_SPEC","0","multi_step_stream_outputs","44","True"
"no_spec","C:\Users\407407\Desktop\vllm\github\MQA_FastPath\no_spec\server_NO_SPEC_k0.log","server","NO_SPEC","0","n","715","1"
"no_spec","C:\Users\407407\Desktop\vllm\github\MQA_FastPath\no_spec\server_NO_SPEC_k0.log","server","NO_SPEC","0","name","283","""file-name""><br>\n"
"no_spec","C:\Users\407407\Desktop\vllm\github\MQA_FastPath\no_spec\server_NO_SPEC_k0.log","server","NO_SPEC","0","new_protected_value","418","\'other\'"
"no_spec","C:\Users\407407\Desktop\vllm\github\MQA_FastPath\no_spec\server_NO_SPEC_k0.log","server","NO_SPEC","0","ntext","256","[\'Dear   Support   team, \\\\n\\\\nRequest   you   to   please   install   VM   ware   Horizon   client   for  access to   client system.   Attaching   document   received   from   client   (Alix   partners)   for reference.\\\\n\\\\nclient   URL: https://portal.alixpartners.com\\\\nVMare-Horizon-Client-2212-8.8.-21079405\\\\n\\\\Thanks,InSrikanth   P\',\n""I   am   logging   this   request   on  be   half   of  Mahendra   Posham,   he   is   from  my   team.   he   is   facing   error   while setting   up  his   laptop.he   is facing   \'The  securtiy   database   on  the   server   does   not   have  a  computer account   for this   workstatition   trust   relationship\'   error   .     I   have   provided   his   no  below   can  you   plese call   him   up  to   understand   the   issue.    \\\\nhis   email   I\'d   is posham.mahendra\\\\n   laptopID:   ITL-HW-LAPTOP脗\\x95\\n000000441525  \\\\nmobile   no:  9573607244    \\\\n   "",\n\'Hi   there\n```', params: SamplingParams(n=1, presence_penalty=0.0, frequency_penalty=0.0, repetition_penalty=1.0, temperature=0.0, top_p=1.0, top_k=0, min_p=0.0, seed=None, stop=[]"
"no_spec","C:\Users\407407\Desktop\vllm\github\MQA_FastPath\no_spec\server_NO_SPEC_k0.log","server","NO_SPEC","0","num_scheduler_steps","44","1"
"no_spec","C:\Users\407407\Desktop\vllm\github\MQA_FastPath\no_spec\server_NO_SPEC_k0.log","server","NO_SPEC","0","observability_config","44","ObservabilityConfig(show_hidden_metrics_for_version=None"
"no_spec","C:\Users\407407\Desktop\vllm\github\MQA_FastPath\no_spec\server_NO_SPEC_k0.log","server","NO_SPEC","0","otlp_traces_endpoint","44","None"
"no_spec","C:\Users\407407\Desktop\vllm\github\MQA_FastPath\no_spec\server_NO_SPEC_k0.log","server","NO_SPEC","0","override_neuron_config","44","{}"
"no_spec","C:\Users\407407\Desktop\vllm\github\MQA_FastPath\no_spec\server_NO_SPEC_k0.log","server","NO_SPEC","0","overwrite","555","true)"";\n\nusing"
"no_spec","C:\Users\407407\Desktop\vllm\github\MQA_FastPath\no_spec\server_NO_SPEC_k0.log","server","NO_SPEC","0","overwrites","692","{ctx.guild.default_role:"
"no_spec","C:\Users\407407\Desktop\vllm\github\MQA_FastPath\no_spec\server_NO_SPEC_k0.log","server","NO_SPEC","0","path","170","""/"""
"no_spec","C:\Users\407407\Desktop\vllm\github\MQA_FastPath\no_spec\server_NO_SPEC_k0.log","server","NO_SPEC","0","pipeline_parallel_size","44","1"
"no_spec","C:\Users\407407\Desktop\vllm\github\MQA_FastPath\no_spec\server_NO_SPEC_k0.log","server","NO_SPEC","0","pooler_config","44","None"
"no_spec","C:\Users\407407\Desktop\vllm\github\MQA_FastPath\no_spec\server_NO_SPEC_k0.log","server","NO_SPEC","0","presence_penalty","715","0.0"
"no_spec","C:\Users\407407\Desktop\vllm\github\MQA_FastPath\no_spec\server_NO_SPEC_k0.log","server","NO_SPEC","0","prompt_logprobs","715","None"
"no_spec","C:\Users\407407\Desktop\vllm\github\MQA_FastPath\no_spec\server_NO_SPEC_k0.log","server","NO_SPEC","0","protected_attribute","418","\'gender\'"
"no_spec","C:\Users\407407\Desktop\vllm\github\MQA_FastPath\no_spec\server_NO_SPEC_k0.log","server","NO_SPEC","0","quantization","44","None"
"no_spec","C:\Users\407407\Desktop\vllm\github\MQA_FastPath\no_spec\server_NO_SPEC_k0.log","server","NO_SPEC","0","reasoning_backend","44","'')"
"no_spec","C:\Users\407407\Desktop\vllm\github\MQA_FastPath\no_spec\server_NO_SPEC_k0.log","server","NO_SPEC","0","repetition_penalty","715","1.0"
"no_spec","C:\Users\407407\Desktop\vllm\github\MQA_FastPath\no_spec\server_NO_SPEC_k0.log","server","NO_SPEC","0","revision","44","None"
"no_spec","C:\Users\407407\Desktop\vllm\github\MQA_FastPath\no_spec\server_NO_SPEC_k0.log","server","NO_SPEC","0","schedule","134","60"
"no_spec","C:\Users\407407\Desktop\vllm\github\MQA_FastPath\no_spec\server_NO_SPEC_k0.log","server","NO_SPEC","0","seed","715","None"
"no_spec","C:\Users\407407\Desktop\vllm\github\MQA_FastPath\no_spec\server_NO_SPEC_k0.log","server","NO_SPEC","0","send_messages","692","False"
"no_spec","C:\Users\407407\Desktop\vllm\github\MQA_FastPath\no_spec\server_NO_SPEC_k0.log","server","NO_SPEC","0","served_model_name","44","qwen3-8B"
"no_spec","C:\Users\407407\Desktop\vllm\github\MQA_FastPath\no_spec\server_NO_SPEC_k0.log","server","NO_SPEC","0","skip_special_tokens","715","True"
"no_spec","C:\Users\407407\Desktop\vllm\github\MQA_FastPath\no_spec\server_NO_SPEC_k0.log","server","NO_SPEC","0","skip_tokenizer_init","44","False"
"no_spec","C:\Users\407407\Desktop\vllm\github\MQA_FastPath\no_spec\server_NO_SPEC_k0.log","server","NO_SPEC","0","spaces_between_special_tokens","715","True"
"no_spec","C:\Users\407407\Desktop\vllm\github\MQA_FastPath\no_spec\server_NO_SPEC_k0.log","server","NO_SPEC","0","speculative_config","44","None"
"no_spec","C:\Users\407407\Desktop\vllm\github\MQA_FastPath\no_spec\server_NO_SPEC_k0.log","server","NO_SPEC","0","stop","715","[]"
"no_spec","C:\Users\407407\Desktop\vllm\github\MQA_FastPath\no_spec\server_NO_SPEC_k0.log","server","NO_SPEC","0","stop_token_ids","715","[]"
"no_spec","C:\Users\407407\Desktop\vllm\github\MQA_FastPath\no_spec\server_NO_SPEC_k0.log","server","NO_SPEC","0","temperature","715","0.0"
"no_spec","C:\Users\407407\Desktop\vllm\github\MQA_FastPath\no_spec\server_NO_SPEC_k0.log","server","NO_SPEC","0","tensor_parallel_size","44","1"
"no_spec","C:\Users\407407\Desktop\vllm\github\MQA_FastPath\no_spec\server_NO_SPEC_k0.log","server","NO_SPEC","0","threshold","418","0.5):\n"
"no_spec","C:\Users\407407\Desktop\vllm\github\MQA_FastPath\no_spec\server_NO_SPEC_k0.log","server","NO_SPEC","0","to","170","""/"">\n"
"no_spec","C:\Users\407407\Desktop\vllm\github\MQA_FastPath\no_spec\server_NO_SPEC_k0.log","server","NO_SPEC","0","tokenizer","44","'/mnt/ky2307909/siyuan.tong/Qwen3-8B'"
"no_spec","C:\Users\407407\Desktop\vllm\github\MQA_FastPath\no_spec\server_NO_SPEC_k0.log","server","NO_SPEC","0","tokenizer_mode","44","auto"
"no_spec","C:\Users\407407\Desktop\vllm\github\MQA_FastPath\no_spec\server_NO_SPEC_k0.log","server","NO_SPEC","0","tokenizer_revision","44","None"
"no_spec","C:\Users\407407\Desktop\vllm\github\MQA_FastPath\no_spec\server_NO_SPEC_k0.log","server","NO_SPEC","0","top_k","715","0"
"no_spec","C:\Users\407407\Desktop\vllm\github\MQA_FastPath\no_spec\server_NO_SPEC_k0.log","server","NO_SPEC","0","top_p","715","1.0"
"no_spec","C:\Users\407407\Desktop\vllm\github\MQA_FastPath\no_spec\server_NO_SPEC_k0.log","server","NO_SPEC","0","truncate_prompt_tokens","715","None"
"no_spec","C:\Users\407407\Desktop\vllm\github\MQA_FastPath\no_spec\server_NO_SPEC_k0.log","server","NO_SPEC","0","trust_remote_code","44","True"
"no_spec","C:\Users\407407\Desktop\vllm\github\MQA_FastPath\no_spec\server_NO_SPEC_k0.log","server","NO_SPEC","0","type","283","""text"""
"no_spec","C:\Users\407407\Desktop\vllm\github\MQA_FastPath\no_spec\server_NO_SPEC_k0.log","server","NO_SPEC","0","url","555","\'your-file-name.txt\'"
"no_spec","C:\Users\407407\Desktop\vllm\github\MQA_FastPath\no_spec\server_NO_SPEC_k0.log","server","NO_SPEC","0","use_async_output_proc","44","True"
"no_spec","C:\Users\407407\Desktop\vllm\github\MQA_FastPath\no_spec\server_NO_SPEC_k0.log","server","NO_SPEC","0","use_cached_outputs","44","True"
"no_spec","C:\Users\407407\Desktop\vllm\github\MQA_FastPath\no_spec\server_NO_SPEC_k0.log","server","NO_SPEC","0","value","283","""Download"">\n</form>\n```\nThis"
"no_spec","C:\Users\407407\Desktop\vllm\github\MQA_FastPath\no_spec\server_NO_SPEC_k0.log","server","NO_SPEC","0","variant","170","""primary"">Post</Button>\n"
"no_spec","C:\Users\407407\Desktop\vllm\github\MQA_FastPath\no_spec\server_NO_SPEC_k0.log","server","NO_SPEC","0","view_channel","692","False)"
"no_spec","C:\Users\407407\Desktop\vllm\github\MQA_FastPath\no_spec\server_NO_SPEC_k0.log","server","NO_SPEC","0","vpcs","209","[]"
"no_spec","C:\Users\407407\Desktop\vllm\github\MQA_FastPath\no_spec\server_NO_SPEC_k0.log","server","NO_SPEC","0","W","577","X+Y'"
